# 3ds Max Wavefront OBJ Exporter v0.97b - (c)2007 guruware
# File Created: 05.07.2019 16:08:55

# this model was created by Designconnected, find more at www.designconnected.com

mtllib Studio_Endo_Orbis_mat2.mtl

#
# object Studio_Endo_Orbis_mat2
#

v  14.4343 -2.4811 -3.8000
v  14.2093 -3.3596 -3.8000
v  13.9419 -4.2249 -3.8000
v  14.5954 -1.5898 -3.8000
v  13.6127 -5.0698 -3.8000
v  14.7168 2.0242 -3.8000
v  13.2430 -5.8966 -3.8000
v  12.8143 -6.6957 -3.8000
v  12.3476 -7.4719 -3.8000
v  11.8257 -8.2135 -3.8000
v  9.3383 -10.8382 -3.8000
v  11.2689 -8.9278 -3.8000
v  10.6614 -9.6011 -3.8000
v  10.0225 -10.2431 -3.8000
v  8.6267 -11.3985 -3.8000
v  7.8758 -11.9069 -3.8000
v  7.1018 -12.3773 -3.8000
v  6.2951 -12.7914 -3.8000
v  2.8729 -13.9595 -3.8000
v  5.4701 -13.1651 -3.8000
v  4.6193 -13.4790 -3.8000
v  3.7553 -13.7505 -3.8000
v  1.9824 -14.1249 -3.8000
v  1.0812 -14.2261 -3.8000
v  0.1773 -14.2829 -3.8000
v  -0.7295 -14.2747 -3.8000
v  -4.3026 -13.7186 -3.8000
v  -1.6336 -14.2221 -3.8000
v  -2.5329 -14.1047 -3.8000
v  -3.4241 -13.9436 -3.8000
v  -14.4220 -4.1286 -3.8000
v  -5.1679 -13.4512 -3.8000
v  -6.0129 -13.1220 -3.8000
v  -6.8396 -12.7523 -3.8000
v  -7.6388 -12.3236 -3.8000
v  -10.5441 -10.1707 -3.8000
v  -8.4149 -11.8569 -3.8000
v  -9.1566 -11.3350 -3.8000
v  -9.8709 -10.7783 -3.8000
v  -11.1853 -9.5312 -3.8000
v  -11.7813 -8.8476 -3.8000
v  -12.3464 -8.1389 -3.8000
v  -12.8499 -7.3851 -3.8000
v  -13.3148 -6.6073 -3.8000
v  -13.7344 -5.8044 -3.8000
v  -14.1081 -4.9794 -3.8000
v  -14.6935 -3.2645 -3.8000
v  -14.9025 -2.3821 -3.8000
v  -15.0679 -1.4917 -3.8000
v  -15.1691 -0.5905 -3.8000
v  -15.0477 3.0236 -3.8000
v  -15.2259 0.3134 -3.8000
v  -15.2177 1.2202 -3.8000
v  -15.1652 2.1244 -3.8000
v  -14.8866 3.9148 -3.8000
v  -14.6616 4.7933 -3.8000
v  -14.3942 5.6586 -3.8000
v  -14.0650 6.5036 -3.8000
v  -12.2780 9.6473 -3.8000
v  -13.6953 7.3304 -3.8000
v  -13.2666 8.1295 -3.8000
v  -12.7999 8.9057 -3.8000
v  0.2772 15.7084 -3.8000
v  -11.7212 10.3616 -3.8000
v  -11.1137 11.0349 -3.8000
v  -10.4748 11.6768 -3.8000
v  -9.7906 12.2720 -3.8000
v  -6.7474 14.2252 -3.8000
v  -9.0790 12.8322 -3.8000
v  -8.3281 13.3406 -3.8000
v  -7.5541 13.8110 -3.8000
v  -5.9224 14.5988 -3.8000
v  -5.0716 14.9127 -3.8000
v  -4.2075 15.1842 -3.8000
v  -3.3251 15.3933 -3.8000
v  -2.4347 15.5586 -3.8000
v  -1.5335 15.6598 -3.8000
v  -0.6296 15.7166 -3.8000
v  12.3976 8.8188 -3.8000
v  1.1814 15.6559 -3.8000
v  2.0806 15.5384 -3.8000
v  2.9718 15.3773 -3.8000
v  3.8503 15.1523 -3.8000
v  7.1865 13.7573 -3.8000
v  4.7156 14.8849 -3.8000
v  5.5606 14.5557 -3.8000
v  6.3874 14.1860 -3.8000
v  7.9627 13.2906 -3.8000
v  8.7043 12.7687 -3.8000
v  9.4186 12.2119 -3.8000
v  10.0919 11.6044 -3.8000
v  10.7338 10.9655 -3.8000
v  11.3290 10.2813 -3.8000
v  11.8892 9.5697 -3.8000
v  12.8680 8.0448 -3.8000
v  13.2821 7.2381 -3.8000
v  13.6558 6.4131 -3.8000
v  13.9697 5.5623 -3.8000
v  14.2412 4.6983 -3.8000
v  14.4502 3.8158 -3.8000
v  14.6156 2.9254 -3.8000
v  14.7129 -0.6906 -3.8000
v  14.7736 1.1203 -3.8000
v  14.7654 0.2135 -3.8000
v  14.2542 3.7744 -0.3040
v  14.4174 2.8959 -0.3040
v  14.4174 2.8959 -3.4960
v  14.2542 3.7744 -3.4960
v  13.7801 5.4976 -0.3040
v  14.0479 4.6451 -0.3040
v  14.0479 4.6451 -3.4960
v  13.7801 5.4976 -3.4960
v  13.1017 7.1510 -0.3040
v  13.4704 6.3370 -0.3040
v  13.4704 6.3370 -3.4960
v  13.1017 7.1510 -3.4960
v  12.2290 8.7106 -0.3040
v  12.6931 7.9469 -0.3040
v  12.6931 7.9469 -3.4960
v  12.2290 8.7106 -3.4960
v  11.1746 10.1536 -0.3040
v  11.7274 9.4515 -0.3040
v  11.7274 9.4515 -3.4960
v  11.1746 10.1536 -3.4960
v  9.9540 11.4590 -0.3040
v  10.5874 10.8286 -0.3040
v  10.5874 10.8286 -3.4960
v  9.9540 11.4590 -3.4960
v  8.5850 12.6077 -0.3040
v  9.2897 12.0583 -0.3040
v  9.2897 12.0583 -3.4960
v  8.5850 12.6077 -3.4960
v  7.0875 13.5831 -0.3040
v  7.8533 13.1226 -0.3040
v  7.8533 13.1226 -3.4960
v  7.0875 13.5831 -3.4960
v  5.4833 14.3709 -0.3040
v  6.2990 14.0061 -0.3040
v  6.2990 14.0061 -3.4960
v  5.4833 14.3709 -3.4960
v  3.7959 14.9595 -0.3040
v  4.6496 14.6957 -0.3040
v  4.6496 14.6957 -3.4960
v  3.7959 14.9595 -3.4960
v  2.0498 15.3405 -0.3040
v  2.9291 15.1815 -0.3040
v  2.9291 15.1815 -3.4960
v  2.0498 15.3405 -3.4960
v  0.2705 15.5082 -0.3040
v  1.1626 15.4563 -0.3040
v  1.1626 15.4563 -3.4960
v  0.2705 15.5082 -3.4960
v  -1.5160 15.4602 -0.3040
v  -0.6242 15.5163 -0.3040
v  -0.6242 15.5163 -3.4960
v  -1.5160 15.4602 -3.4960
v  -3.2837 15.1972 -0.3040
v  -2.4052 15.3604 -0.3040
v  -2.4052 15.3604 -3.4960
v  -3.2837 15.1972 -3.4960
v  -5.0068 14.7231 -0.3040
v  -4.1544 14.9910 -0.3040
v  -4.1544 14.9910 -3.4960
v  -5.0068 14.7231 -3.4960
v  -6.6603 14.0447 -0.3040
v  -5.8463 14.4134 -0.3040
v  -5.8463 14.4134 -3.4960
v  -6.6603 14.0447 -3.4960
v  -8.2198 13.1720 -0.3040
v  -7.4562 13.6361 -0.3040
v  -7.4562 13.6361 -3.4960
v  -8.2198 13.1720 -3.4960
v  -9.6629 12.1176 -0.3040
v  -8.9608 12.6704 -0.3040
v  -8.9608 12.6704 -3.4960
v  -9.6629 12.1176 -3.4960
v  -10.9683 10.8971 -0.3040
v  -10.3379 11.5304 -0.3040
v  -10.3379 11.5304 -3.4960
v  -10.9683 10.8971 -3.4960
v  -12.1170 9.5280 -0.3040
v  -11.5676 10.2327 -0.3040
v  -11.5676 10.2327 -3.4960
v  -12.1170 9.5280 -3.4960
v  -13.0924 8.0305 -0.3040
v  -12.6319 8.7963 -0.3040
v  -12.6319 8.7963 -3.4960
v  -13.0924 8.0305 -3.4960
v  -13.8801 6.4263 -0.3040
v  -13.5153 7.2420 -0.3040
v  -13.5153 7.2420 -3.4960
v  -13.8801 6.4263 -3.4960
v  -14.4688 4.7389 -0.3040
v  -14.2050 5.5926 -0.3040
v  -14.2050 5.5926 -3.4960
v  -14.4688 4.7389 -3.4960
v  -14.8497 2.9928 -0.3040
v  -14.6908 3.8721 -0.3040
v  -14.6908 3.8721 -3.4960
v  -14.8497 2.9928 -3.4960
v  -15.0174 1.2135 -0.3040
v  -14.9656 2.1056 -0.3040
v  -14.9656 2.1056 -3.4960
v  -15.0174 1.2135 -3.4960
v  -14.9695 -0.5730 -0.3040
v  -15.0255 0.3188 -0.3040
v  -15.0255 0.3188 -3.4960
v  -14.9695 -0.5730 -3.4960
v  -14.7065 -2.3407 -0.3040
v  -14.8696 -1.4622 -0.3040
v  -14.8696 -1.4622 -3.4960
v  -14.7065 -2.3407 -3.4960
v  -14.2324 -4.0638 -0.3040
v  -14.5002 -3.2114 -0.3040
v  -14.5002 -3.2114 -3.4960
v  -14.2324 -4.0638 -3.4960
v  -13.5540 -5.7172 -0.3040
v  -13.9227 -4.9033 -0.3040
v  -13.9227 -4.9033 -3.4960
v  -13.5540 -5.7172 -3.4960
v  -12.6813 -7.2768 -0.3040
v  -13.1400 -6.5094 -0.3040
v  -13.1400 -6.5094 -3.4960
v  -12.6813 -7.2768 -3.4960
v  -11.6269 -8.7198 -0.3040
v  -12.1845 -8.0206 -0.3040
v  -12.1845 -8.0206 -3.4960
v  -11.6269 -8.7198 -3.4960
v  -10.4063 -10.0253 -0.3040
v  -11.0389 -9.3943 -0.3040
v  -11.0389 -9.3943 -3.4960
v  -10.4063 -10.0253 -3.4960
v  -9.0373 -11.1740 -0.3040
v  -9.7421 -10.6247 -0.3040
v  -9.7421 -10.6247 -3.4960
v  -9.0373 -11.1740 -3.4960
v  -7.5397 -12.1494 -0.3040
v  -8.3055 -11.6889 -0.3040
v  -8.3055 -11.6889 -3.4960
v  -7.5397 -12.1494 -3.4960
v  -5.9356 -12.9371 -0.3040
v  -6.7513 -12.5723 -0.3040
v  -6.7513 -12.5723 -3.4960
v  -5.9356 -12.9371 -3.4960
v  -4.2481 -13.5258 -0.3040
v  -5.1019 -13.2620 -0.3040
v  -5.1019 -13.2620 -3.4960
v  -4.2481 -13.5258 -3.4960
v  -2.5020 -13.9067 -0.3040
v  -3.3814 -13.7477 -0.3040
v  -3.3814 -13.7477 -3.4960
v  -2.5020 -13.9067 -3.4960
v  -0.7228 -14.0744 -0.3040
v  -1.6148 -14.0226 -0.3040
v  -1.6148 -14.0226 -3.4960
v  -0.7228 -14.0744 -3.4960
v  1.0638 -14.0264 -0.3040
v  0.1719 -14.0825 -0.3040
v  0.1719 -14.0825 -3.4960
v  1.0638 -14.0264 -3.4960
v  2.8315 -13.7635 -0.3040
v  1.9529 -13.9266 -0.3040
v  1.9529 -13.9266 -3.4960
v  2.8315 -13.7635 -3.4960
v  4.5546 -13.2893 -0.3040
v  3.7021 -13.5572 -0.3040
v  3.7021 -13.5572 -3.4960
v  4.5546 -13.2893 -3.4960
v  6.2080 -12.6110 -0.3040
v  5.3940 -12.9796 -0.3040
v  5.3940 -12.9796 -3.4960
v  6.2080 -12.6110 -3.4960
v  7.7676 -11.7382 -0.3040
v  7.0040 -12.2023 -0.3040
v  7.0040 -12.2023 -3.4960
v  7.7676 -11.7382 -3.4960
v  9.2106 -10.6839 -0.3040
v  8.5085 -11.2367 -0.3040
v  8.5085 -11.2367 -3.4960
v  9.2106 -10.6839 -3.4960
v  10.5160 -9.4633 -0.3040
v  9.8856 -10.0967 -0.3040
v  9.8856 -10.0967 -3.4960
v  10.5160 -9.4633 -3.4960
v  11.6647 -8.0943 -0.3040
v  11.1153 -8.7990 -0.3040
v  11.1153 -8.7990 -3.4960
v  11.6647 -8.0943 -3.4960
v  12.6401 -6.5967 -0.3040
v  12.1797 -7.3625 -0.3040
v  12.1797 -7.3625 -3.4960
v  12.6401 -6.5967 -3.4960
v  13.4279 -4.9925 -0.3040
v  13.0631 -5.8083 -0.3040
v  13.0631 -5.8083 -3.4960
v  13.4279 -4.9925 -3.4960
v  14.0165 -3.3051 -0.3040
v  13.7527 -4.1589 -0.3040
v  13.7527 -4.1589 -3.4960
v  14.0165 -3.3051 -3.4960
v  14.3975 -1.5590 -0.3040
v  14.2385 -2.4383 -0.3040
v  14.2385 -2.4383 -3.4960
v  14.3975 -1.5590 -3.4960
v  14.5652 0.2203 -0.3040
v  14.5133 -0.6718 -0.3040
v  14.5133 -0.6718 -3.4960
v  14.5652 0.2203 -3.4960
v  14.5172 2.0067 -0.3040
v  14.5732 1.1149 -0.3040
v  14.5732 1.1149 -3.4960
v  14.5172 2.0067 -3.4960
v  14.6156 2.9254 -0.0000
v  14.4502 3.8158 -0.0000
v  14.2412 4.6983 -0.0000
v  13.9697 5.5623 -0.0000
v  14.7168 2.0242 -0.0000
v  14.5954 -1.5898 -0.0000
v  13.6558 6.4131 -0.0000
v  13.2821 7.2381 -0.0000
v  12.8680 8.0448 -0.0000
v  12.3976 8.8188 -0.0000
v  10.0919 11.6044 -0.0000
v  11.8892 9.5697 -0.0000
v  11.3290 10.2813 -0.0000
v  10.7338 10.9655 -0.0000
v  9.4186 12.2119 -0.0000
v  8.7043 12.7687 -0.0000
v  7.9627 13.2906 -0.0000
v  7.1865 13.7573 -0.0000
v  3.8503 15.1523 -0.0000
v  6.3874 14.1860 -0.0000
v  5.5606 14.5557 -0.0000
v  4.7156 14.8849 -0.0000
v  2.9718 15.3773 -0.0000
v  2.0806 15.5384 -0.0000
v  1.1814 15.6559 -0.0000
v  0.2772 15.7084 -0.0000
v  -3.3251 15.3933 -0.0000
v  -0.6296 15.7166 -0.0000
v  -1.5335 15.6598 -0.0000
v  -2.4347 15.5586 -0.0000
v  -14.0650 6.5036 -0.0000
v  -4.2075 15.1842 -0.0000
v  -5.0716 14.9127 -0.0000
v  -5.9224 14.5988 -0.0000
v  -6.7474 14.2252 -0.0000
v  -9.7906 12.2720 -0.0000
v  -7.5541 13.8110 -0.0000
v  -8.3281 13.3406 -0.0000
v  -9.0790 12.8322 -0.0000
v  -10.4748 11.6768 -0.0000
v  -11.1137 11.0349 -0.0000
v  -11.7212 10.3616 -0.0000
v  -12.2780 9.6473 -0.0000
v  -12.7999 8.9057 -0.0000
v  -13.2666 8.1295 -0.0000
v  -13.6953 7.3304 -0.0000
v  -14.3942 5.6586 -0.0000
v  -14.6616 4.7933 -0.0000
v  -14.8866 3.9148 -0.0000
v  -15.0477 3.0236 -0.0000
v  -15.1691 -0.5905 -0.0000
v  -15.1652 2.1244 -0.0000
v  -15.2177 1.2202 -0.0000
v  -15.2259 0.3134 -0.0000
v  -15.0679 -1.4917 -0.0000
v  -14.9025 -2.3821 -0.0000
v  -14.6935 -3.2645 -0.0000
v  -14.4220 -4.1286 -0.0000
v  -12.8499 -7.3851 -0.0000
v  -14.1081 -4.9794 -0.0000
v  -13.7344 -5.8044 -0.0000
v  -13.3148 -6.6073 -0.0000
v  -0.7295 -14.2747 -0.0000
v  -12.3464 -8.1389 -0.0000
v  -11.7813 -8.8476 -0.0000
v  -11.1853 -9.5312 -0.0000
v  -10.5441 -10.1707 -0.0000
v  -7.6388 -12.3236 -0.0000
v  -9.8709 -10.7783 -0.0000
v  -9.1566 -11.3350 -0.0000
v  -8.4149 -11.8569 -0.0000
v  -6.8396 -12.7523 -0.0000
v  -6.0129 -13.1220 -0.0000
v  -5.1679 -13.4512 -0.0000
v  -4.3026 -13.7186 -0.0000
v  -3.4241 -13.9436 -0.0000
v  -2.5329 -14.1047 -0.0000
v  -1.6336 -14.2221 -0.0000
v  11.8257 -8.2135 -0.0000
v  0.1773 -14.2829 -0.0000
v  1.0812 -14.2261 -0.0000
v  1.9824 -14.1249 -0.0000
v  2.8729 -13.9595 -0.0000
v  6.2951 -12.7914 -0.0000
v  3.7553 -13.7505 -0.0000
v  4.6193 -13.4790 -0.0000
v  5.4701 -13.1651 -0.0000
v  7.1018 -12.3773 -0.0000
v  7.8758 -11.9069 -0.0000
v  8.6267 -11.3985 -0.0000
v  9.3383 -10.8382 -0.0000
v  10.0225 -10.2431 -0.0000
v  10.6614 -9.6011 -0.0000
v  11.2689 -8.9278 -0.0000
v  12.3476 -7.4719 -0.0000
v  12.8143 -6.6957 -0.0000
v  13.2430 -5.8966 -0.0000
v  13.6127 -5.0698 -0.0000
v  13.9419 -4.2249 -0.0000
v  14.2093 -3.3596 -0.0000
v  14.4343 -2.4811 -0.0000
v  14.7129 -0.6906 -0.0000
v  14.7736 1.1203 -0.0000
v  14.7654 0.2135 -0.0000
v  14.6156 2.9254 -0.3040
v  14.4502 3.8158 -0.3040
v  14.6156 2.9254 -3.4960
v  14.7168 2.0242 -3.4960
v  14.2412 4.6983 -0.3040
v  13.9697 5.5623 -0.3040
v  14.2412 4.6983 -3.4960
v  14.4502 3.8158 -3.4960
v  13.6558 6.4131 -0.3040
v  13.2821 7.2381 -0.3040
v  13.6558 6.4131 -3.4960
v  13.9697 5.5623 -3.4960
v  12.8680 8.0448 -0.3040
v  12.3976 8.8188 -0.3040
v  12.8680 8.0448 -3.4960
v  13.2821 7.2381 -3.4960
v  11.8892 9.5697 -0.3040
v  11.3290 10.2813 -0.3040
v  11.8892 9.5697 -3.4960
v  12.3976 8.8188 -3.4960
v  10.7338 10.9655 -0.3040
v  10.0919 11.6044 -0.3040
v  10.7338 10.9655 -3.4960
v  11.3290 10.2813 -3.4960
v  9.4186 12.2119 -0.3040
v  8.7043 12.7687 -0.3040
v  9.4186 12.2119 -3.4960
v  10.0919 11.6044 -3.4960
v  7.9627 13.2906 -0.3040
v  7.1865 13.7573 -0.3040
v  7.9627 13.2906 -3.4960
v  8.7043 12.7687 -3.4960
v  6.3874 14.1860 -0.3040
v  5.5606 14.5557 -0.3040
v  6.3874 14.1860 -3.4960
v  7.1865 13.7573 -3.4960
v  4.7156 14.8849 -0.3040
v  3.8503 15.1523 -0.3040
v  4.7156 14.8849 -3.4960
v  5.5606 14.5557 -3.4960
v  2.9718 15.3773 -0.3040
v  2.0806 15.5384 -0.3040
v  2.9718 15.3773 -3.4960
v  3.8503 15.1523 -3.4960
v  1.1814 15.6559 -0.3040
v  0.2772 15.7084 -0.3040
v  1.1814 15.6559 -3.4960
v  2.0806 15.5384 -3.4960
v  -0.6296 15.7166 -0.3040
v  -1.5335 15.6598 -0.3040
v  -0.6296 15.7166 -3.4960
v  0.2772 15.7084 -3.4960
v  -2.4347 15.5586 -0.3040
v  -3.3251 15.3933 -0.3040
v  -2.4347 15.5586 -3.4960
v  -1.5335 15.6598 -3.4960
v  -4.2075 15.1842 -0.3040
v  -5.0716 14.9127 -0.3040
v  -4.2075 15.1842 -3.4960
v  -3.3251 15.3933 -3.4960
v  -5.9224 14.5988 -0.3040
v  -6.7474 14.2252 -0.3040
v  -5.9224 14.5988 -3.4960
v  -5.0716 14.9127 -3.4960
v  -7.5541 13.8110 -0.3040
v  -8.3281 13.3406 -0.3040
v  -7.5541 13.8110 -3.4960
v  -6.7474 14.2252 -3.4960
v  -9.0790 12.8322 -0.3040
v  -9.7906 12.2720 -0.3040
v  -9.0790 12.8322 -3.4960
v  -8.3281 13.3406 -3.4960
v  -10.4748 11.6768 -0.3040
v  -11.1137 11.0349 -0.3040
v  -10.4748 11.6768 -3.4960
v  -9.7906 12.2720 -3.4960
v  -11.7212 10.3616 -0.3040
v  -12.2780 9.6473 -0.3040
v  -11.7212 10.3616 -3.4960
v  -11.1137 11.0349 -3.4960
v  -12.7999 8.9057 -0.3040
v  -13.2666 8.1295 -0.3040
v  -12.7999 8.9057 -3.4960
v  -12.2780 9.6473 -3.4960
v  -13.6953 7.3304 -0.3040
v  -14.0650 6.5036 -0.3040
v  -13.6953 7.3304 -3.4960
v  -13.2666 8.1295 -3.4960
v  -14.3942 5.6586 -0.3040
v  -14.6616 4.7933 -0.3040
v  -14.3942 5.6586 -3.4960
v  -14.0650 6.5036 -3.4960
v  -14.8866 3.9148 -0.3040
v  -15.0477 3.0236 -0.3040
v  -14.8866 3.9148 -3.4960
v  -14.6616 4.7933 -3.4960
v  -15.1652 2.1244 -0.3040
v  -15.2177 1.2202 -0.3040
v  -15.1652 2.1244 -3.4960
v  -15.0477 3.0236 -3.4960
v  -15.2259 0.3134 -0.3040
v  -15.1691 -0.5905 -0.3040
v  -15.2259 0.3134 -3.4960
v  -15.2177 1.2202 -3.4960
v  -15.0679 -1.4917 -0.3040
v  -14.9025 -2.3821 -0.3040
v  -15.0679 -1.4917 -3.4960
v  -15.1691 -0.5905 -3.4960
v  -14.6935 -3.2645 -0.3040
v  -14.4220 -4.1286 -0.3040
v  -14.6935 -3.2645 -3.4960
v  -14.9025 -2.3821 -3.4960
v  -14.1081 -4.9794 -0.3040
v  -13.7344 -5.8044 -0.3040
v  -14.1081 -4.9794 -3.4960
v  -14.4220 -4.1286 -3.4960
v  -13.3148 -6.6073 -0.3040
v  -12.8499 -7.3851 -0.3040
v  -13.3148 -6.6073 -3.4960
v  -13.7344 -5.8044 -3.4960
v  -12.3464 -8.1389 -0.3040
v  -11.7813 -8.8476 -0.3040
v  -12.3464 -8.1389 -3.4960
v  -12.8499 -7.3851 -3.4960
v  -11.1853 -9.5312 -0.3040
v  -10.5441 -10.1707 -0.3040
v  -11.1853 -9.5312 -3.4960
v  -11.7813 -8.8476 -3.4960
v  -9.8709 -10.7783 -0.3040
v  -9.1566 -11.3350 -0.3040
v  -9.8709 -10.7783 -3.4960
v  -10.5441 -10.1707 -3.4960
v  -8.4149 -11.8569 -0.3040
v  -7.6388 -12.3236 -0.3040
v  -8.4149 -11.8569 -3.4960
v  -9.1566 -11.3350 -3.4960
v  -6.8396 -12.7523 -0.3040
v  -6.0129 -13.1220 -0.3040
v  -6.8396 -12.7523 -3.4960
v  -7.6388 -12.3236 -3.4960
v  -5.1679 -13.4512 -0.3040
v  -4.3026 -13.7186 -0.3040
v  -5.1679 -13.4512 -3.4960
v  -6.0129 -13.1220 -3.4960
v  -3.4241 -13.9436 -0.3040
v  -2.5329 -14.1047 -0.3040
v  -3.4241 -13.9436 -3.4960
v  -4.3026 -13.7186 -3.4960
v  -1.6336 -14.2221 -0.3040
v  -0.7295 -14.2747 -0.3040
v  -1.6336 -14.2221 -3.4960
v  -2.5329 -14.1047 -3.4960
v  0.1773 -14.2829 -0.3040
v  1.0812 -14.2261 -0.3040
v  0.1773 -14.2829 -3.4960
v  -0.7295 -14.2747 -3.4960
v  1.9824 -14.1249 -0.3040
v  2.8729 -13.9595 -0.3040
v  1.9824 -14.1249 -3.4960
v  1.0812 -14.2261 -3.4960
v  3.7553 -13.7505 -0.3040
v  4.6193 -13.4790 -0.3040
v  3.7553 -13.7505 -3.4960
v  2.8729 -13.9595 -3.4960
v  5.4701 -13.1651 -0.3040
v  6.2951 -12.7914 -0.3040
v  5.4701 -13.1651 -3.4960
v  4.6193 -13.4790 -3.4960
v  7.1018 -12.3773 -0.3040
v  7.8758 -11.9069 -0.3040
v  7.1018 -12.3773 -3.4960
v  6.2951 -12.7914 -3.4960
v  8.6267 -11.3985 -0.3040
v  9.3383 -10.8382 -0.3040
v  8.6267 -11.3985 -3.4960
v  7.8758 -11.9069 -3.4960
v  10.0225 -10.2431 -0.3040
v  10.6614 -9.6011 -0.3040
v  10.0225 -10.2431 -3.4960
v  9.3383 -10.8382 -3.4960
v  11.2689 -8.9278 -0.3040
v  11.8257 -8.2135 -0.3040
v  11.2689 -8.9278 -3.4960
v  10.6614 -9.6011 -3.4960
v  12.3476 -7.4719 -0.3040
v  12.8143 -6.6957 -0.3040
v  12.3476 -7.4719 -3.4960
v  11.8257 -8.2135 -3.4960
v  13.2430 -5.8966 -0.3040
v  13.6127 -5.0698 -0.3040
v  13.2430 -5.8966 -3.4960
v  12.8143 -6.6957 -3.4960
v  13.9419 -4.2249 -0.3040
v  14.2093 -3.3596 -0.3040
v  13.9419 -4.2249 -3.4960
v  13.6127 -5.0698 -3.4960
v  14.4343 -2.4811 -0.3040
v  14.5954 -1.5898 -0.3040
v  14.4343 -2.4811 -3.4960
v  14.2093 -3.3596 -3.4960
v  14.7129 -0.6906 -0.3040
v  14.7654 0.2135 -0.3040
v  14.7129 -0.6906 -3.4960
v  14.5954 -1.5898 -3.4960
v  14.7736 1.1203 -0.3040
v  14.7168 2.0242 -0.3040
v  14.7736 1.1203 -3.4960
v  14.7654 0.2135 -3.4960
v  24.1290 2.8040 -134.8384
v  -0.2347 2.8040 -120.8877
v  -0.2418 1.2869 -122.8626
v  22.4222 1.2869 -135.8321
v  22.0128 1.1865 -136.0704
v  22.2229 1.1865 -135.9481
v  -0.2426 1.1865 -123.0932
v  -0.2435 1.1865 -123.3363
v  21.9512 1.3587 -136.0773
v  -0.2190 1.3587 -123.3929
v  -0.2190 5.5812 -123.3929
v  21.9512 5.5812 -136.0773
v  24.3555 2.7989 -194.1238
v  24.3614 2.8040 -135.2394
v  22.6473 1.2868 -136.2270
v  22.6531 1.2920 -194.1238
v  22.2495 1.1866 -194.1238
v  22.4340 1.1866 -194.1238
v  22.4474 1.1865 -136.3422
v  22.2361 1.1865 -136.4640
v  22.1995 1.3588 -194.1238
v  22.1995 1.3587 -136.5139
v  22.1995 5.5812 -136.5139
v  22.1995 5.5812 -194.1238
v  -0.6942 2.8040 -120.8899
v  -24.1341 2.8040 -134.8363
v  -22.4274 1.2869 -135.8298
v  -0.6870 1.2869 -122.8649
v  -0.6853 1.1865 -123.3387
v  -0.6862 1.1865 -123.0956
v  -22.2281 1.1865 -135.9458
v  -22.0180 1.1865 -136.0681
v  -0.7105 1.3587 -123.3958
v  -21.9572 1.3587 -136.0755
v  -21.9572 5.5812 -136.0755
v  -0.7105 5.5812 -123.3958
v  22.0673 5.7534 -136.0387
v  -0.2433 5.7534 -123.2732
v  -0.2428 5.7534 -123.1564
v  22.1683 5.7534 -135.9799
v  22.2974 5.7534 -194.1238
v  22.2910 5.7534 -136.4323
v  22.3925 5.7534 -136.3739
v  22.3861 5.7534 -194.1238
v  -0.6855 5.7534 -123.2755
v  -22.0726 5.7534 -136.0363
v  -22.1735 5.7534 -135.9776
v  -0.6859 5.7534 -123.1587
v  -0.2342 3.0680 -120.7571
v  24.2419 3.0680 -134.7727
v  24.2419 3.8719 -134.7727
v  -0.2342 3.8719 -120.7571
v  -24.4747 3.0680 -194.1238
v  -24.4747 3.0680 -135.1741
v  -24.4747 3.8719 -135.1741
v  -24.4747 3.8720 -194.1238
v  -24.2470 3.0680 -134.7706
v  -0.6947 3.0680 -120.7592
v  -0.6947 3.8719 -120.7592
v  -24.2470 3.8719 -134.7706
v  -0.2347 4.1360 -120.8877
v  24.1290 4.1360 -134.8384
v  22.4222 5.6531 -135.8321
v  -0.2418 5.6531 -122.8626
v  -24.1341 4.1360 -134.8363
v  -0.6942 4.1360 -120.8899
v  -0.6870 5.6531 -122.8649
v  -22.4274 5.6531 -135.8298
v  -24.3555 4.1411 -194.1238
v  -24.3614 4.1359 -135.2394
v  -22.6473 5.6531 -136.2270
v  -22.6531 5.6480 -194.1238
v  -22.6473 1.2868 -136.2270
v  -24.3614 2.8040 -135.2394
v  -24.3555 2.7989 -194.1238
v  -22.6531 1.2920 -194.1238
v  -22.2361 1.1865 -136.4640
v  -22.4474 1.1865 -136.3422
v  -22.4340 1.1866 -194.1238
v  -22.2495 1.1865 -194.1238
v  -22.1995 1.3587 -136.5139
v  -22.1995 1.3587 -194.1238
v  -22.1995 5.5812 -194.1238
v  -22.1995 5.5812 -136.5139
v  -22.2910 5.7534 -136.4323
v  -22.2974 5.7534 -194.1238
v  -22.3861 5.7534 -194.1238
v  -22.3925 5.7534 -136.3739
v  24.4747 3.0680 -135.1741
v  24.4747 3.0680 -194.1238
v  24.4747 3.8720 -194.1238
v  24.4747 3.8719 -135.1741
v  22.6473 5.6532 -136.2270
v  24.3614 4.1360 -135.2394
v  24.3555 4.1411 -194.1238
v  22.6531 5.6480 -194.1238
v  -0.4235 1.2868 -122.7755
v  -0.3368 1.2868 -122.8083
v  -0.3368 2.8040 -120.8291
v  -0.4235 2.8040 -120.7962
v  22.5894 1.2868 -135.9446
v  24.3035 2.8040 -134.9549
v  24.2312 2.8040 -134.8969
v  22.5171 1.2868 -135.8865
v  -0.4235 1.1865 -123.2503
v  -0.3368 1.1865 -123.2832
v  -0.3368 1.1865 -123.0391
v  -0.4235 1.1865 -123.0063
v  22.3896 1.1865 -136.0600
v  22.3172 1.1865 -136.0019
v  22.1059 1.1865 -136.1239
v  22.1782 1.1865 -136.1820
v  -0.4145 5.5812 -123.3002
v  -0.3154 5.5812 -123.3378
v  -0.3154 1.3587 -123.3378
v  -0.4145 1.3587 -123.3002
v  22.1302 1.3587 -136.1988
v  22.0475 1.3587 -136.1325
v  22.0475 5.5812 -136.1325
v  22.1302 5.5812 -136.1988
v  -0.4235 5.6532 -122.7755
v  -0.4235 4.1359 -120.7962
v  -0.3368 4.1359 -120.8291
v  -0.3368 5.6532 -122.8083
v  22.5894 5.6532 -135.9446
v  22.5171 5.6532 -135.8865
v  24.2312 4.1359 -134.8969
v  24.3035 4.1359 -134.9549
v  -22.6330 1.2868 -136.0191
v  -24.3471 2.8040 -135.0295
v  -24.3614 2.8040 -135.1214
v  -22.6473 1.2868 -136.1110
v  -22.4331 1.1865 -136.1345
v  -22.4474 1.1865 -136.2264
v  -22.2361 1.1865 -136.3484
v  -22.2218 1.1865 -136.2565
v  -22.1832 1.3587 -136.2898
v  -22.1995 1.3587 -136.3946
v  -22.1995 5.5812 -136.3946
v  -22.1832 5.5812 -136.2898
v  -22.6330 5.6532 -136.0191
v  -22.6473 5.6532 -136.1110
v  -24.3614 4.1359 -135.1214
v  -24.3471 4.1359 -135.0295
v  -0.4235 5.7534 -123.1869
v  -0.4235 5.7534 -123.0697
v  -0.3368 5.7534 -123.1025
v  -0.3368 5.7534 -123.2198
v  22.2331 5.7534 -136.1503
v  22.1608 5.7534 -136.0922
v  22.2623 5.7534 -136.0336
v  22.3347 5.7534 -136.0917
v  -22.2767 5.7534 -136.2249
v  -22.2910 5.7534 -136.3167
v  -22.3925 5.7534 -136.2581
v  -22.3782 5.7534 -136.1662
v  24.4168 3.8719 -134.8895
v  24.3445 3.8719 -134.8315
v  24.3445 3.0680 -134.8315
v  24.4168 3.0680 -134.8895
v  -0.4235 3.0680 -120.6655
v  -0.3368 3.0680 -120.6983
v  -0.3368 3.8719 -120.6983
v  -0.4235 3.8719 -120.6655
v  -24.4603 3.8719 -134.9641
v  -24.4747 3.8719 -135.0560
v  -24.4747 3.0680 -135.0560
v  -24.4603 3.0680 -134.9641
v  -0.5098 1.2868 -122.7763
v  -0.5098 2.8040 -120.7970
v  -0.5959 2.8040 -120.8313
v  -0.5958 1.2868 -122.8107
v  24.3469 2.8040 -135.0298
v  22.6328 1.2868 -136.0194
v  24.3614 2.8040 -135.1214
v  22.6473 1.2868 -136.1110
v  -0.5098 1.1865 -123.2511
v  -0.5098 1.1865 -123.0071
v  -0.5958 1.1865 -123.2855
v  -0.5958 1.1865 -123.0415
v  22.4330 1.1865 -136.1348
v  22.2216 1.1865 -136.2568
v  22.4474 1.1865 -136.2264
v  22.2361 1.1865 -136.3484
v  -0.5196 5.5812 -123.3012
v  -0.5196 1.3587 -123.3012
v  -0.6181 5.5812 -123.3406
v  -0.6181 1.3587 -123.3406
v  22.1830 1.3587 -136.2898
v  22.1830 5.5812 -136.2898
v  22.1995 1.3587 -136.3945
v  22.1995 5.5812 -136.3945
v  -0.5098 4.1359 -120.7970
v  -0.5098 5.6532 -122.7763
v  -0.5959 4.1359 -120.8313
v  -0.5958 5.6532 -122.8107
v  22.6328 5.6532 -136.0194
v  24.3469 4.1359 -135.0298
v  24.3614 4.1359 -135.1214
v  22.6473 5.6532 -136.1110
v  -24.3041 2.8040 -134.9540
v  -22.5900 1.2868 -135.9435
v  -24.2325 2.8040 -134.8947
v  -22.5185 1.2868 -135.8842
v  -22.3902 1.1865 -136.0589
v  -22.1789 1.1865 -136.1809
v  -22.3186 1.1865 -135.9996
v  -22.1073 1.1865 -136.1216
v  -22.1312 1.3587 -136.1983
v  -22.1312 5.5812 -136.1983
v  -22.0496 1.3587 -136.1306
v  -22.0496 5.5812 -136.1306
v  -22.5900 5.6532 -135.9435
v  -24.3041 4.1359 -134.9540
v  -24.2325 4.1359 -134.8947
v  -22.5185 5.6532 -135.8842
v  -0.5098 5.7534 -123.0705
v  -0.5098 5.7534 -123.1877
v  -0.5958 5.7534 -123.1049
v  -0.5958 5.7534 -123.2221
v  22.2765 5.7534 -136.2251
v  22.3781 5.7534 -136.1665
v  22.3925 5.7534 -136.2581
v  22.2910 5.7534 -136.3167
v  -22.2337 5.7534 -136.1492
v  -22.3353 5.7534 -136.0906
v  -22.2637 5.7534 -136.0313
v  -22.1622 5.7534 -136.0899
v  24.4602 3.8719 -134.9644
v  24.4602 3.0680 -134.9644
v  24.4747 3.8719 -135.0560
v  24.4747 3.0680 -135.0560
v  -0.5098 3.0680 -120.6662
v  -0.5098 3.8719 -120.6662
v  -0.5959 3.0680 -120.7005
v  -0.5959 3.8719 -120.7005
v  -24.4174 3.8719 -134.8886
v  -24.4174 3.0680 -134.8886
v  -24.3457 3.8719 -134.8293
v  -24.3457 3.0680 -134.8293
v  -0.2422 1.2136 -122.9691
v  -0.2420 1.2475 -122.9139
v  -0.3368 1.2474 -122.8598
v  -0.3368 1.2136 -122.9150
v  22.3301 5.7264 -135.8857
v  22.3778 5.6925 -135.8579
v  22.4726 5.6926 -135.9122
v  22.4248 5.7264 -135.9398
v  22.5550 1.2136 -136.2803
v  22.6028 1.2474 -136.2527
v  22.6028 1.2474 -136.1367
v  22.5550 1.2136 -136.1643
v  -22.5550 5.7264 -136.2803
v  -22.6028 5.6926 -136.2527
v  -22.6028 5.6926 -136.1367
v  -22.5550 5.7264 -136.1643
v  -22.3354 1.2136 -135.8833
v  -22.3831 1.2475 -135.8556
v  -22.4739 1.2474 -135.9099
v  -22.4261 1.2136 -135.9375
v  -0.6866 5.7264 -122.9714
v  -0.6868 5.6925 -122.9163
v  -0.5958 5.6926 -122.8621
v  -0.5958 5.7264 -122.9173
v  22.5550 5.7264 -136.2803
v  22.6028 5.6926 -136.2527
v  22.6089 5.6872 -194.1238
v  22.5562 5.7240 -194.1238
v  -22.5550 1.2136 -136.2803
v  -22.6028 1.2474 -136.2527
v  -22.6089 1.2528 -194.1238
v  -22.5562 1.2160 -194.1238
v  -0.5098 1.2136 -122.8829
v  -0.5098 1.2474 -122.8277
v  -0.5958 1.2474 -122.8621
v  -0.5958 1.2136 -122.9173
v  -0.5098 5.7467 -122.9427
v  -0.5098 5.7534 -123.0071
v  -0.5958 5.7534 -123.0415
v  -0.5958 5.7467 -122.9771
v  22.4887 1.1933 -136.1026
v  22.5032 1.1933 -136.1942
v  22.5405 5.7264 -136.0727
v  22.5883 5.6926 -136.0451
v  22.6028 5.6926 -136.1367
v  22.5550 5.7264 -136.1643
v  -22.5406 1.2136 -136.0725
v  -22.5885 1.2474 -136.0449
v  -22.6028 1.2474 -136.1367
v  -22.5550 1.2136 -136.1643
v  -22.4889 5.7467 -136.1024
v  -22.4331 5.7534 -136.1345
v  -22.4474 5.7534 -136.2264
v  -22.5032 5.7467 -136.1942
v  -0.4235 1.2474 -122.8269
v  -0.4235 1.2136 -122.8821
v  -0.3368 5.7467 -122.9748
v  -0.3368 5.7534 -123.0391
v  -0.4235 5.7534 -123.0063
v  -0.4235 5.7467 -122.9419
v  22.3730 1.1933 -135.9697
v  22.4453 1.1933 -136.0278
v  22.5449 5.6926 -135.9703
v  22.4971 5.7264 -135.9979
v  -22.5455 1.2474 -135.9693
v  -22.4977 1.2136 -135.9968
v  -22.3744 5.7467 -135.9674
v  -22.3186 5.7534 -135.9996
v  -22.3902 5.7534 -136.0589
v  -22.4459 5.7467 -136.0267
v  22.3301 1.2136 -135.8857
v  22.3778 1.2475 -135.8579
v  22.4248 1.2136 -135.9398
v  22.4726 1.2474 -135.9122
v  -0.2422 5.7264 -122.9691
v  -0.2420 5.6925 -122.9139
v  -0.3368 5.7264 -122.9150
v  -0.3368 5.6926 -122.8598
v  -0.6866 1.2136 -122.9714
v  -0.6868 1.2475 -122.9163
v  -22.3354 5.7264 -135.8833
v  -22.3831 5.6925 -135.8556
v  -22.4261 5.7264 -135.9375
v  -22.4739 5.6926 -135.9099
v  22.5562 1.2160 -194.1238
v  22.6089 1.2528 -194.1238
v  -22.5562 5.7240 -194.1238
v  -22.6089 5.6872 -194.1238
v  -0.2424 1.1933 -123.0289
v  -0.3368 1.1933 -122.9748
v  22.2785 5.7467 -135.9157
v  22.3730 5.7467 -135.9697
v  22.2229 5.7534 -135.9481
v  22.3172 5.7534 -136.0019
v  22.5032 1.1933 -136.3101
v  -22.5032 5.7467 -136.3101
v  -22.4474 5.7534 -136.3422
v  -22.2837 1.1933 -135.9134
v  -22.3744 1.1933 -135.9674
v  -0.6864 5.7467 -123.0312
v  -0.6862 5.7534 -123.0956
v  22.5032 5.7467 -136.3101
v  22.4979 5.7461 -194.1238
v  22.4474 5.7534 -136.3422
v  22.4340 5.7534 -194.1238
v  -22.5032 1.1933 -136.3101
v  -22.4979 1.1939 -194.1238
v  -0.5098 1.1933 -122.9427
v  -0.5958 1.1933 -122.9771
v  -0.5098 5.7264 -122.8829
v  -0.5098 5.6926 -122.8277
v  22.5405 1.2136 -136.0727
v  22.5883 1.2474 -136.0451
v  22.4887 5.7467 -136.1026
v  22.5032 5.7467 -136.1942
v  22.4330 5.7534 -136.1348
v  22.4474 5.7534 -136.2264
v  -22.4889 1.1933 -136.1024
v  -22.5032 1.1933 -136.1942
v  -22.5406 5.7264 -136.0725
v  -22.5885 5.6926 -136.0449
v  -0.4235 1.1933 -122.9419
v  -0.4235 5.7264 -122.8821
v  -0.4235 5.6926 -122.8269
v  22.4971 1.2136 -135.9979
v  22.5449 1.2474 -135.9703
v  22.4453 5.7467 -136.0278
v  22.3896 5.7534 -136.0600
v  -22.4459 1.1933 -136.0267
v  -22.4977 5.7264 -135.9968
v  -22.5455 5.6926 -135.9693
v  22.2785 1.1933 -135.9157
v  -0.2424 5.7467 -123.0289
v  -0.2426 5.7534 -123.0932
v  -0.6864 1.1933 -123.0312
v  -22.2837 5.7467 -135.9134
v  -22.2281 5.7534 -135.9458
v  22.4979 1.1939 -194.1238
v  -22.4979 5.7461 -194.1238
v  -22.4340 5.7534 -194.1238
v  -0.2437 1.1976 -123.3919
v  -0.3368 1.1976 -123.3387
v  -0.2438 5.7090 -123.4252
v  -0.2439 5.6534 -123.4363
v  -0.3368 5.6534 -123.3832
v  -0.3368 5.7090 -123.3720
v  22.1880 1.1977 -136.4917
v  22.1880 1.1977 -136.3762
v  22.1591 5.7090 -136.5083
v  22.1495 5.6534 -136.5139
v  22.1495 5.6534 -136.3984
v  22.1591 5.7090 -136.3929
v  -21.9700 1.1976 -136.0960
v  -22.0592 1.1976 -136.1493
v  -21.9412 5.7090 -136.1128
v  -21.9316 5.6534 -136.1184
v  -22.0207 5.6534 -136.1716
v  -22.0303 5.7090 -136.1660
v  -22.1880 1.1976 -136.4917
v  -22.1939 1.1977 -194.1238
v  -22.1591 5.7090 -136.5083
v  -22.1495 5.6534 -136.5139
v  -22.1495 5.6534 -194.1238
v  -22.1606 5.7090 -194.1238
v  22.1013 5.7090 -136.2264
v  22.0916 5.6534 -136.2320
v  22.0193 5.6534 -136.1739
v  22.0289 5.7090 -136.1684
v  -22.1448 5.7090 -136.3010
v  -22.1352 5.6534 -136.3066
v  -22.1495 5.6534 -136.3984
v  -22.1591 5.7090 -136.3929
v  -0.5098 5.7090 -123.3400
v  -0.5098 5.6534 -123.3511
v  -0.5958 5.6534 -123.3855
v  -0.5958 5.7090 -123.3744
v  22.1447 1.2310 -136.3013
v  22.1350 1.2865 -136.3068
v  22.1495 1.2865 -136.3984
v  22.1591 1.2310 -136.3929
v  -22.1019 1.2310 -136.2254
v  -22.0923 1.2865 -136.2309
v  -22.0207 1.2865 -136.1716
v  -22.0303 1.2310 -136.1660
v  -0.4235 1.2310 -123.3392
v  -0.4235 1.2865 -123.3503
v  -0.3368 1.2865 -123.3832
v  -0.3368 1.2310 -123.3720
v  22.1350 5.6534 -136.3068
v  22.1447 5.7090 -136.3013
v  -22.0923 5.6534 -136.2309
v  -22.1019 5.7090 -136.2254
v  -0.4235 5.6534 -123.3503
v  -0.4235 5.7090 -123.3392
v  22.0289 1.2310 -136.1684
v  22.0193 1.2865 -136.1739
v  22.0916 1.2865 -136.2320
v  22.1013 1.2310 -136.2264
v  -22.1591 1.2310 -136.3929
v  -22.1495 1.2865 -136.3984
v  -22.1352 1.2865 -136.3066
v  -22.1448 1.2310 -136.3010
v  -0.5958 1.2310 -123.3744
v  -0.5958 1.2865 -123.3855
v  -0.5098 1.2865 -123.3511
v  -0.5098 1.2310 -123.3400
v  21.9647 1.1977 -136.0984
v  22.0578 1.1977 -136.1517
v  21.9359 5.7090 -136.1152
v  21.9263 5.6534 -136.1207
v  -0.6851 1.1976 -123.3943
v  -0.5958 1.1976 -123.3411
v  -0.6850 5.7090 -123.4276
v  -0.6849 5.6534 -123.4387
v  22.1939 1.1977 -194.1238
v  22.1606 5.7090 -194.1238
v  22.1495 5.6534 -194.1238
v  -22.1880 1.1976 -136.3762
v  -0.2438 1.2310 -123.4252
v  -0.2439 1.2865 -123.4363
v  -0.2437 5.7423 -123.3919
v  -0.3368 5.7423 -123.3387
v  -0.2435 5.7534 -123.3363
v  -0.3368 5.7534 -123.2832
v  22.1591 1.2310 -136.5083
v  22.1495 1.2865 -136.5139
v  22.1880 5.7423 -136.4917
v  22.1880 5.7423 -136.3762
v  22.2361 5.7534 -136.4640
v  22.2361 5.7534 -136.3484
v  -21.9412 1.2310 -136.1128
v  -21.9316 1.2865 -136.1184
v  -21.9700 5.7423 -136.0960
v  -22.0592 5.7423 -136.1493
v  -22.0180 5.7534 -136.0681
v  -22.1073 5.7534 -136.1216
v  -22.1591 1.2310 -136.5083
v  -22.1606 1.2310 -194.1238
v  -22.1495 1.2865 -136.5139
v  -22.1495 1.2865 -194.1238
v  -22.1880 5.7423 -136.4917
v  -22.1939 5.7423 -194.1238
v  -22.2361 5.7534 -136.4640
v  -22.2495 5.7534 -194.1238
v  22.1301 5.7423 -136.2098
v  22.0578 5.7423 -136.1517
v  22.1782 5.7534 -136.1820
v  22.1059 5.7534 -136.1239
v  -22.1737 5.7423 -136.2843
v  -22.1880 5.7423 -136.3762
v  -22.2218 5.7534 -136.2565
v  -22.2361 5.7534 -136.3484
v  -0.5098 5.7423 -123.3067
v  -0.5958 5.7423 -123.3411
v  -0.5098 5.7534 -123.2511
v  -0.5958 5.7534 -123.2855
v  22.1735 1.1977 -136.2846
v  -22.1307 1.1976 -136.2087
v  -0.4235 1.1976 -123.3059
v  22.1735 5.7423 -136.2846
v  22.2216 5.7534 -136.2568
v  -22.1307 5.7423 -136.2087
v  -22.1789 5.7534 -136.1809
v  -0.4235 5.7423 -123.3059
v  -0.4235 5.7534 -123.2503
v  22.1301 1.1977 -136.2098
v  -22.1737 1.1976 -136.2843
v  -0.5098 1.1976 -123.3067
v  21.9359 1.2310 -136.1152
v  21.9263 1.2865 -136.1207
v  21.9647 5.7423 -136.0984
v  22.0128 5.7534 -136.0704
v  -0.6849 1.2310 -123.4276
v  -0.6849 1.2865 -123.4387
v  -0.6851 5.7423 -123.3943
v  -0.6853 5.7534 -123.3387
v  22.1606 1.2310 -194.1238
v  22.1495 1.2866 -194.1238
v  22.1939 5.7423 -194.1238
v  22.2495 5.7534 -194.1238
v  24.2342 3.9980 -134.7771
v  24.2419 3.9357 -134.7727
v  24.3445 3.9357 -134.8315
v  24.3368 3.9980 -134.8359
v  -0.6947 3.9980 -120.7681
v  -0.6947 3.9357 -120.7592
v  -0.5959 3.9357 -120.7005
v  -0.5959 3.9980 -120.7093
v  -24.4670 3.9980 -135.1786
v  -24.4747 3.9357 -135.1741
v  -24.4747 3.9357 -135.0560
v  -24.4670 3.9980 -135.0604
v  -0.2342 2.9420 -120.7659
v  -0.2342 3.0043 -120.7571
v  -0.3368 3.0043 -120.6983
v  -0.3368 2.9420 -120.7072
v  24.4670 2.9420 -135.1786
v  24.4747 3.0043 -135.1741
v  24.4747 3.0043 -135.0560
v  24.4670 2.9420 -135.0604
v  -24.2394 2.9420 -134.7750
v  -24.2470 3.0043 -134.7706
v  -24.3457 3.0043 -134.8293
v  -24.3381 2.9420 -134.8337
v  24.4670 3.9980 -135.1786
v  24.4747 3.9357 -135.1741
v  24.4747 3.9357 -194.1238
v  24.4663 3.9986 -194.1238
v  -24.4670 2.9420 -135.1786
v  -24.4747 3.0043 -135.1741
v  -24.4747 3.0043 -194.1238
v  -24.4663 2.9414 -194.1238
v  24.4526 3.9980 -134.9688
v  24.4602 3.9357 -134.9644
v  24.4747 3.9357 -135.0560
v  24.4670 3.9980 -135.0604
v  -0.4235 3.9980 -120.6743
v  -0.4235 3.9357 -120.6655
v  -0.3368 3.9357 -120.6983
v  -0.3368 3.9980 -120.7072
v  -24.4097 3.9980 -134.8930
v  -24.4174 3.9357 -134.8886
v  -24.3457 3.9357 -134.8293
v  -24.3381 3.9980 -134.8337
v  -0.5098 2.9420 -120.6750
v  -0.5098 3.0043 -120.6662
v  -0.5959 3.0043 -120.7005
v  -0.5959 2.9420 -120.7093
v  24.4092 2.9420 -134.8939
v  24.4168 3.0043 -134.8895
v  24.3445 3.0043 -134.8315
v  24.3368 2.9420 -134.8359
v  -24.4527 2.9420 -134.9686
v  -24.4603 3.0043 -134.9641
v  -24.4747 3.0043 -135.0560
v  -24.4670 2.9420 -135.0604
v  24.4168 3.9357 -134.8895
v  24.4092 3.9980 -134.8939
v  -0.5098 3.9357 -120.6662
v  -0.5098 3.9980 -120.6750
v  -24.4603 3.9357 -134.9641
v  -24.4527 3.9980 -134.9686
v  -0.4235 3.0043 -120.6655
v  -0.4235 2.9420 -120.6743
v  24.4602 3.0043 -134.9644
v  24.4526 2.9420 -134.9688
v  -24.4174 3.0043 -134.8886
v  -24.4097 2.9420 -134.8930
v  -0.2342 3.9980 -120.7659
v  -0.2342 3.9357 -120.7571
v  -24.2394 3.9980 -134.7750
v  -24.2470 3.9357 -134.7706
v  24.2342 2.9420 -134.7771
v  24.2419 3.0043 -134.7727
v  -0.6947 2.9420 -120.7681
v  -0.6947 3.0043 -120.7592
v  -24.4663 3.9986 -194.1238
v  -24.4747 3.9357 -194.1238
v  24.4663 2.9414 -194.1238
v  24.4747 3.0043 -194.1238
v  24.2114 4.0516 -134.7904
v  24.3139 4.0516 -134.8491
v  24.1733 4.0966 -134.8126
v  24.2758 4.0965 -134.8711
v  -0.6946 4.0516 -120.7945
v  -0.5959 4.0516 -120.7358
v  -0.6944 4.0966 -120.8386
v  -0.5959 4.0965 -120.7799
v  -24.4441 4.0516 -135.1918
v  -24.4441 4.0516 -135.0736
v  -24.4059 4.0965 -135.2138
v  -24.4059 4.0965 -135.0957
v  -0.2343 2.8883 -120.7924
v  -0.3368 2.8884 -120.7336
v  -0.2345 2.8434 -120.8364
v  -0.3368 2.8435 -120.7777
v  24.4441 2.8884 -135.1918
v  24.4441 2.8884 -135.0736
v  24.4059 2.8434 -135.2138
v  24.4059 2.8435 -135.0957
v  -24.2165 2.8883 -134.7883
v  -24.3152 2.8884 -134.8469
v  -24.1785 2.8434 -134.8104
v  -24.2770 2.8435 -134.8690
v  24.4441 4.0516 -135.1918
v  24.4414 4.0540 -194.1238
v  24.4059 4.0965 -135.2138
v  24.3998 4.1020 -194.1238
v  -24.4441 2.8884 -135.1918
v  -24.4414 2.8860 -194.1238
v  -24.4059 2.8434 -135.2138
v  -24.3998 2.8380 -194.1238
v  24.4296 4.0516 -134.9820
v  24.4441 4.0516 -135.0736
v  24.3915 4.0965 -135.0041
v  24.4059 4.0965 -135.0957
v  -0.4235 4.0516 -120.7007
v  -0.3368 4.0516 -120.7336
v  -0.4235 4.0965 -120.7448
v  -0.3368 4.0965 -120.7777
v  -24.3868 4.0516 -134.9062
v  -24.3152 4.0516 -134.8469
v  -24.3486 4.0965 -134.9283
v  -24.2770 4.0965 -134.8690
v  -0.5098 2.8884 -120.7014
v  -0.5959 2.8884 -120.7358
v  -0.5098 2.8435 -120.7455
v  -0.5959 2.8435 -120.7799
v  24.3863 2.8884 -134.9072
v  24.3139 2.8884 -134.8491
v  24.3481 2.8435 -134.9292
v  24.2758 2.8435 -134.8711
v  -24.4298 2.8884 -134.9818
v  -24.4441 2.8884 -135.0736
v  -24.3916 2.8435 -135.0038
v  -24.4059 2.8435 -135.0957
v  24.3863 4.0516 -134.9072
v  24.3481 4.0965 -134.9292
v  -0.5098 4.0516 -120.7014
v  -0.5098 4.0965 -120.7455
v  -24.4298 4.0516 -134.9818
v  -24.3916 4.0965 -135.0038
v  -0.4235 2.8884 -120.7007
v  -0.4235 2.8435 -120.7448
v  24.4296 2.8884 -134.9820
v  24.3915 2.8435 -135.0041
v  -24.3868 2.8884 -134.9062
v  -24.3486 2.8435 -134.9283
v  -0.2343 4.0516 -120.7924
v  -0.2345 4.0966 -120.8364
v  -24.2165 4.0516 -134.7883
v  -24.1785 4.0966 -134.8104
v  24.2114 2.8883 -134.7904
v  24.1733 2.8434 -134.8126
v  -0.6946 2.8883 -120.7945
v  -0.6944 2.8434 -120.8386
v  -24.4414 4.0540 -194.1238
v  -24.3998 4.1020 -194.1238
v  24.4414 2.8860 -194.1238
v  24.3998 2.8380 -194.1238
v  -0.2439 1.3587 -123.4363
v  21.9263 1.3587 -136.1207
v  21.9263 5.5812 -136.1207
v  -0.2439 5.5812 -123.4363
v  22.1495 1.3587 -136.5139
v  22.1495 1.3588 -194.1238
v  22.1495 5.5812 -194.1238
v  22.1495 5.5812 -136.5139
v  -21.9316 1.3587 -136.1184
v  -0.6849 1.3587 -123.4387
v  -0.6849 5.5812 -123.4387
v  -21.9316 5.5812 -136.1184
v  -22.1495 1.3587 -194.1238
v  -22.1495 1.3587 -136.5139
v  -22.1495 5.5812 -136.5139
v  -22.1495 5.5812 -194.1238
v  -0.3368 5.5812 -123.3832
v  -0.4235 5.5812 -123.3503
v  -0.4235 1.3587 -123.3503
v  -0.3368 1.3587 -123.3832
v  22.0193 1.3587 -136.1739
v  22.0916 1.3587 -136.2320
v  22.0916 5.5812 -136.2320
v  22.0193 5.5812 -136.1739
v  -22.1495 1.3587 -136.3984
v  -22.1352 1.3587 -136.3066
v  -22.1352 5.5812 -136.3066
v  -22.1495 5.5812 -136.3984
v  -0.5098 5.5812 -123.3511
v  -0.5098 1.3587 -123.3511
v  -0.5958 5.5812 -123.3855
v  -0.5958 1.3587 -123.3855
v  22.1350 1.3587 -136.3068
v  22.1350 5.5812 -136.3068
v  22.1495 1.3587 -136.3984
v  22.1495 5.5812 -136.3984
v  -22.0923 1.3587 -136.2309
v  -22.0923 5.5812 -136.2309
v  -22.0207 1.3587 -136.1716
v  -22.0207 5.5812 -136.1716
v  24.1290 2.8040 -253.4092
v  22.4222 1.2869 -252.4155
v  -0.2418 1.2869 -265.3849
v  -0.2347 2.8040 -267.3599
v  22.0128 1.1866 -252.1772
v  -0.2435 1.1866 -264.9113
v  -0.2426 1.1866 -265.1544
v  22.2229 1.1866 -252.2995
v  21.9512 1.3588 -252.1703
v  21.9512 5.5812 -252.1703
v  -0.2190 5.5812 -264.8547
v  -0.2190 1.3588 -264.8547
v  22.6473 1.2868 -252.0206
v  24.3614 2.8040 -253.0082
v  22.2361 1.1866 -251.7836
v  22.4474 1.1866 -251.9054
v  22.1995 5.5812 -251.7337
v  22.1995 1.3588 -251.7337
v  -0.6942 2.8040 -267.3577
v  -0.6870 1.2869 -265.3827
v  -22.4274 1.2869 -252.4178
v  -24.1341 2.8040 -253.4113
v  -0.6853 1.1866 -264.9089
v  -22.0180 1.1866 -252.1795
v  -22.2281 1.1866 -252.3018
v  -0.6862 1.1866 -265.1520
v  -0.7105 1.3588 -264.8519
v  -0.7105 5.5812 -264.8519
v  -21.9572 5.5812 -252.1721
v  -21.9572 1.3588 -252.1721
v  22.0673 5.7534 -252.2090
v  22.1683 5.7534 -252.2677
v  -0.2428 5.7534 -265.0912
v  -0.2433 5.7534 -264.9744
v  22.3925 5.7534 -251.8737
v  22.2910 5.7534 -251.8153
v  -0.6855 5.7534 -264.9720
v  -0.6859 5.7534 -265.0889
v  -22.1735 5.7534 -252.2701
v  -22.0726 5.7534 -252.2113
v  -0.2342 3.0680 -267.4905
v  -0.2342 3.8720 -267.4905
v  24.2419 3.8720 -253.4749
v  24.2419 3.0680 -253.4749
v  -24.4747 3.8720 -253.0735
v  -24.4747 3.0680 -253.0735
v  -24.2470 3.0680 -253.4771
v  -24.2470 3.8720 -253.4771
v  -0.6947 3.8720 -267.4883
v  -0.6947 3.0680 -267.4883
v  -0.2347 4.1360 -267.3599
v  -0.2418 5.6531 -265.3849
v  22.4222 5.6531 -252.4155
v  24.1290 4.1360 -253.4092
v  -24.1341 4.1360 -253.4113
v  -22.4274 5.6531 -252.4178
v  -0.6870 5.6531 -265.3827
v  -0.6942 4.1360 -267.3577
v  -22.6473 5.6532 -252.0206
v  -24.3614 4.1360 -253.0082
v  -22.6473 1.2868 -252.0206
v  -24.3614 2.8040 -253.0082
v  -22.2361 1.1866 -251.7836
v  -22.4474 1.1866 -251.9054
v  -22.1995 1.3588 -251.7337
v  -22.1995 5.5812 -251.7337
v  -22.2910 5.7534 -251.8153
v  -22.3925 5.7534 -251.8737
v  24.4747 3.0680 -253.0735
v  24.4747 3.8720 -253.0735
v  22.6473 5.6532 -252.0206
v  24.3614 4.1360 -253.0082
v  -0.4235 1.2868 -265.4721
v  -0.4235 2.8041 -267.4514
v  -0.3368 2.8041 -267.4185
v  -0.3368 1.2868 -265.4393
v  22.5894 1.2868 -252.3030
v  22.5171 1.2868 -252.3611
v  24.2312 2.8041 -253.3508
v  24.3035 2.8041 -253.2927
v  -0.4235 1.1866 -264.9973
v  -0.4235 1.1866 -265.2413
v  -0.3368 1.1866 -265.2085
v  -0.3368 1.1866 -264.9645
v  22.3896 1.1866 -252.1876
v  22.1782 1.1866 -252.0656
v  22.1059 1.1866 -252.1237
v  22.3172 1.1866 -252.2457
v  -0.4145 5.5812 -264.9474
v  -0.4145 1.3588 -264.9474
v  -0.3154 1.3588 -264.9098
v  -0.3154 5.5812 -264.9098
v  22.1302 1.3588 -252.0488
v  22.1302 5.5812 -252.0488
v  22.0475 5.5812 -252.1151
v  22.0475 1.3588 -252.1151
v  -0.4235 5.6532 -265.4721
v  -0.3368 5.6532 -265.4393
v  -0.3368 4.1360 -267.4185
v  -0.4235 4.1360 -267.4514
v  22.5894 5.6532 -252.3030
v  24.3035 4.1360 -253.2927
v  24.2312 4.1360 -253.3508
v  22.5171 5.6532 -252.3611
v  -22.6330 1.2868 -252.2285
v  -22.6473 1.2868 -252.1366
v  -24.3614 2.8041 -253.1262
v  -24.3471 2.8041 -253.2181
v  -22.4331 1.1866 -252.1131
v  -22.2218 1.1866 -251.9911
v  -22.2361 1.1866 -251.8992
v  -22.4474 1.1866 -252.0212
v  -22.1832 1.3588 -251.9578
v  -22.1832 5.5812 -251.9578
v  -22.1995 5.5812 -251.8530
v  -22.1995 1.3588 -251.8530
v  -22.6330 5.6532 -252.2285
v  -24.3471 4.1359 -253.2181
v  -24.3614 4.1359 -253.1262
v  -22.6473 5.6532 -252.1366
v  -0.4235 5.7534 -265.0607
v  -0.3368 5.7534 -265.0278
v  -0.3368 5.7534 -265.1451
v  -0.4235 5.7534 -265.1779
v  22.2331 5.7534 -252.0973
v  22.3347 5.7534 -252.1559
v  22.2623 5.7534 -252.2140
v  22.1608 5.7534 -252.1554
v  -22.2767 5.7534 -252.0228
v  -22.3782 5.7534 -252.0814
v  -22.3925 5.7534 -251.9895
v  -22.2910 5.7534 -251.9309
v  24.4168 3.8720 -253.3581
v  24.4168 3.0680 -253.3581
v  24.3445 3.0680 -253.4162
v  24.3445 3.8720 -253.4162
v  -0.4235 3.0680 -267.5822
v  -0.4235 3.8720 -267.5822
v  -0.3368 3.8720 -267.5493
v  -0.3368 3.0680 -267.5493
v  -24.4603 3.8720 -253.2835
v  -24.4603 3.0680 -253.2835
v  -24.4747 3.0680 -253.1916
v  -24.4747 3.8720 -253.1916
v  -0.5098 1.2868 -265.4713
v  -0.5098 2.8041 -267.4506
v  -0.5959 2.8041 -267.4163
v  -0.5958 1.2868 -265.4370
v  24.3469 2.8041 -253.2178
v  22.6328 1.2868 -252.2282
v  24.3614 2.8041 -253.1262
v  22.6473 1.2868 -252.1366
v  -0.5098 1.1866 -264.9965
v  -0.5098 1.1866 -265.2405
v  -0.5958 1.1866 -264.9621
v  -0.5958 1.1866 -265.2061
v  22.4330 1.1866 -252.1128
v  22.2216 1.1866 -251.9908
v  22.4474 1.1866 -252.0212
v  22.2361 1.1866 -251.8992
v  -0.5196 5.5812 -264.9464
v  -0.5196 1.3588 -264.9464
v  -0.6181 5.5812 -264.9070
v  -0.6181 1.3588 -264.9070
v  22.1830 1.3588 -251.9578
v  22.1830 5.5812 -251.9578
v  22.1995 1.3588 -251.8531
v  22.1995 5.5812 -251.8531
v  -0.5098 4.1360 -267.4506
v  -0.5098 5.6532 -265.4713
v  -0.5959 4.1359 -267.4163
v  -0.5958 5.6532 -265.4370
v  22.6328 5.6532 -252.2282
v  24.3469 4.1360 -253.2178
v  24.3614 4.1360 -253.1262
v  22.6473 5.6532 -252.1366
v  -24.3041 2.8041 -253.2936
v  -22.5900 1.2868 -252.3041
v  -24.2325 2.8041 -253.3529
v  -22.5185 1.2868 -252.3634
v  -22.3902 1.1866 -252.1887
v  -22.1789 1.1866 -252.0667
v  -22.3186 1.1866 -252.2480
v  -22.1073 1.1866 -252.1260
v  -22.1312 1.3588 -252.0493
v  -22.1312 5.5812 -252.0493
v  -22.0496 1.3588 -252.1170
v  -22.0496 5.5812 -252.1170
v  -22.5900 5.6532 -252.3041
v  -24.3041 4.1359 -253.2936
v  -24.2325 4.1360 -253.3529
v  -22.5185 5.6532 -252.3634
v  -0.5098 5.7534 -265.1771
v  -0.5098 5.7534 -265.0599
v  -0.5958 5.7534 -265.1428
v  -0.5958 5.7534 -265.0255
v  22.2765 5.7534 -252.0225
v  22.3781 5.7534 -252.0811
v  22.3925 5.7534 -251.9895
v  22.2910 5.7534 -251.9309
v  -22.2337 5.7534 -252.0984
v  -22.3353 5.7534 -252.1570
v  -22.2637 5.7534 -252.2163
v  -22.1622 5.7534 -252.1577
v  24.4602 3.8720 -253.2832
v  24.4602 3.0680 -253.2832
v  24.4747 3.8720 -253.1916
v  24.4747 3.0680 -253.1916
v  -0.5098 3.0680 -267.5814
v  -0.5098 3.8720 -267.5814
v  -0.5959 3.0680 -267.5471
v  -0.5959 3.8720 -267.5471
v  -24.4174 3.8720 -253.3590
v  -24.4174 3.0680 -253.3590
v  -24.3457 3.8720 -253.4183
v  -24.3457 3.0680 -253.4183
v  -0.2422 1.2136 -265.2785
v  -0.3368 1.2136 -265.3326
v  -0.3368 1.2474 -265.3878
v  -0.2420 1.2475 -265.3337
v  22.3301 5.7264 -252.3620
v  22.4248 5.7264 -252.3078
v  22.4726 5.6926 -252.3354
v  22.3778 5.6925 -252.3897
v  22.5550 1.2136 -251.9673
v  22.5550 1.2136 -252.0833
v  22.6028 1.2474 -252.1109
v  22.6028 1.2474 -251.9949
v  -22.5550 5.7264 -251.9673
v  -22.5550 5.7264 -252.0833
v  -22.6028 5.6926 -252.1109
v  -22.6028 5.6926 -251.9949
v  -22.3354 1.2136 -252.3643
v  -22.4261 1.2136 -252.3101
v  -22.4739 1.2474 -252.3377
v  -22.3831 1.2475 -252.3920
v  -0.6866 5.7264 -265.2762
v  -0.5958 5.7264 -265.3303
v  -0.5958 5.6926 -265.3855
v  -0.6868 5.6925 -265.3314
v  22.5550 5.7264 -251.9673
v  22.6028 5.6926 -251.9949
v  -22.5550 1.2136 -251.9673
v  -22.6028 1.2474 -251.9949
v  -0.5098 1.2136 -265.3647
v  -0.5958 1.2136 -265.3303
v  -0.5958 1.2474 -265.3855
v  -0.5098 1.2474 -265.4199
v  -0.5098 5.7467 -265.3049
v  -0.5958 5.7467 -265.2705
v  -0.5958 5.7534 -265.2061
v  -0.5098 5.7534 -265.2405
v  22.4887 1.1933 -252.1450
v  22.5032 1.1933 -252.0534
v  22.5405 5.7264 -252.1749
v  22.5550 5.7264 -252.0833
v  22.6028 5.6926 -252.1109
v  22.5883 5.6926 -252.2025
v  -22.5406 1.2136 -252.1751
v  -22.5550 1.2136 -252.0833
v  -22.6028 1.2474 -252.1109
v  -22.5885 1.2474 -252.2027
v  -22.4889 5.7467 -252.1452
v  -22.5032 5.7467 -252.0534
v  -22.4474 5.7534 -252.0212
v  -22.4331 5.7534 -252.1131
v  -0.4235 1.2136 -265.3655
v  -0.4235 1.2474 -265.4207
v  -0.3368 5.7467 -265.2728
v  -0.4235 5.7467 -265.3057
v  -0.4235 5.7534 -265.2413
v  -0.3368 5.7534 -265.2085
v  22.3730 1.1933 -252.2779
v  22.4453 1.1933 -252.2198
v  22.4971 5.7264 -252.2497
v  22.5449 5.6926 -252.2773
v  -22.4977 1.2136 -252.2508
v  -22.5455 1.2474 -252.2784
v  -22.3744 5.7467 -252.2802
v  -22.4459 5.7467 -252.2209
v  -22.3902 5.7534 -252.1887
v  -22.3186 5.7534 -252.2480
v  22.3301 1.2136 -252.3620
v  22.3778 1.2475 -252.3897
v  22.4248 1.2136 -252.3078
v  22.4726 1.2474 -252.3354
v  -0.2422 5.7264 -265.2785
v  -0.2420 5.6925 -265.3337
v  -0.3368 5.7264 -265.3326
v  -0.3368 5.6926 -265.3878
v  -0.6866 1.2136 -265.2762
v  -0.6868 1.2475 -265.3314
v  -22.3354 5.7264 -252.3643
v  -22.3831 5.6925 -252.3920
v  -22.4261 5.7264 -252.3101
v  -22.4739 5.6926 -252.3377
v  -0.2424 1.1933 -265.2188
v  -0.3368 1.1933 -265.2728
v  22.2785 5.7467 -252.3319
v  22.3730 5.7467 -252.2779
v  22.2229 5.7534 -252.2995
v  22.3172 5.7534 -252.2457
v  22.5032 1.1933 -251.9375
v  -22.5032 5.7467 -251.9375
v  -22.4474 5.7534 -251.9054
v  -22.2837 1.1933 -252.3342
v  -22.3744 1.1933 -252.2802
v  -0.6864 5.7467 -265.2164
v  -0.6862 5.7534 -265.1520
v  22.5032 5.7467 -251.9375
v  22.4474 5.7534 -251.9054
v  -22.5032 1.1933 -251.9375
v  -0.5098 1.1933 -265.3049
v  -0.5958 1.1933 -265.2705
v  -0.5098 5.7264 -265.3647
v  -0.5098 5.6926 -265.4199
v  22.5405 1.2136 -252.1749
v  22.5883 1.2474 -252.2025
v  22.4887 5.7467 -252.1450
v  22.5032 5.7467 -252.0534
v  22.4330 5.7534 -252.1128
v  22.4474 5.7534 -252.0212
v  -22.4889 1.1933 -252.1452
v  -22.5032 1.1933 -252.0534
v  -22.5406 5.7264 -252.1751
v  -22.5885 5.6926 -252.2027
v  -0.4235 1.1933 -265.3057
v  -0.4235 5.7264 -265.3655
v  -0.4235 5.6926 -265.4207
v  22.4971 1.2136 -252.2497
v  22.5449 1.2474 -252.2773
v  22.4453 5.7467 -252.2198
v  22.3896 5.7534 -252.1876
v  -22.4459 1.1933 -252.2209
v  -22.4977 5.7264 -252.2508
v  -22.5455 5.6926 -252.2784
v  22.2785 1.1933 -252.3319
v  -0.2424 5.7467 -265.2188
v  -0.2426 5.7534 -265.1544
v  -0.6864 1.1933 -265.2164
v  -22.2837 5.7467 -252.3342
v  -22.2281 5.7534 -252.3018
v  -0.2437 1.1977 -264.8557
v  -0.3368 1.1977 -264.9089
v  -0.2438 5.7090 -264.8224
v  -0.3368 5.7090 -264.8755
v  -0.3368 5.6534 -264.8644
v  -0.2439 5.6534 -264.8113
v  22.1880 1.1977 -251.7559
v  22.1880 1.1977 -251.8714
v  22.1591 5.7090 -251.7393
v  22.1591 5.7090 -251.8547
v  22.1495 5.6534 -251.8492
v  22.1495 5.6534 -251.7337
v  -21.9700 1.1977 -252.1516
v  -22.0592 1.1977 -252.0983
v  -21.9412 5.7090 -252.1348
v  -22.0303 5.7090 -252.0816
v  -22.0207 5.6534 -252.0760
v  -21.9316 5.6534 -252.1292
v  -22.1880 1.1977 -251.7559
v  -22.1591 5.7090 -251.7393
v  -22.1495 5.6534 -251.7337
v  22.1013 5.7090 -252.0212
v  22.0289 5.7090 -252.0792
v  22.0193 5.6534 -252.0737
v  22.0916 5.6534 -252.0156
v  -22.1448 5.7090 -251.9466
v  -22.1591 5.7090 -251.8547
v  -22.1495 5.6534 -251.8492
v  -22.1352 5.6534 -251.9411
v  -0.5098 5.7090 -264.9076
v  -0.5958 5.7090 -264.8732
v  -0.5958 5.6534 -264.8621
v  -0.5098 5.6534 -264.8965
v  22.1446 1.2310 -251.9464
v  22.1591 1.2310 -251.8547
v  22.1495 1.2866 -251.8492
v  22.1350 1.2866 -251.9408
v  -22.1019 1.2310 -252.0222
v  -22.0303 1.2310 -252.0816
v  -22.0207 1.2866 -252.0760
v  -22.0923 1.2866 -252.0167
v  -0.4235 1.2310 -264.9084
v  -0.3368 1.2310 -264.8755
v  -0.3368 1.2866 -264.8644
v  -0.4235 1.2866 -264.8973
v  22.1446 5.7090 -251.9464
v  22.1350 5.6534 -251.9408
v  -22.1019 5.7090 -252.0222
v  -22.0923 5.6534 -252.0167
v  -0.4235 5.7090 -264.9084
v  -0.4235 5.6534 -264.8973
v  22.0289 1.2310 -252.0792
v  22.1013 1.2310 -252.0212
v  22.0916 1.2866 -252.0156
v  22.0193 1.2866 -252.0737
v  -22.1591 1.2310 -251.8547
v  -22.1448 1.2310 -251.9466
v  -22.1352 1.2866 -251.9411
v  -22.1495 1.2866 -251.8492
v  -0.5958 1.2310 -264.8732
v  -0.5098 1.2310 -264.9076
v  -0.5098 1.2866 -264.8965
v  -0.5958 1.2866 -264.8621
v  21.9647 1.1977 -252.1492
v  22.0578 1.1977 -252.0959
v  21.9359 5.7090 -252.1325
v  21.9263 5.6534 -252.1269
v  -0.6851 1.1977 -264.8533
v  -0.5958 1.1977 -264.9065
v  -0.6850 5.7090 -264.8200
v  -0.6849 5.6534 -264.8089
v  -22.1880 1.1977 -251.8714
v  -0.2438 1.2310 -264.8224
v  -0.2439 1.2866 -264.8113
v  -0.2437 5.7423 -264.8557
v  -0.3368 5.7423 -264.9089
v  -0.2435 5.7534 -264.9113
v  -0.3368 5.7534 -264.9645
v  22.1591 1.2310 -251.7393
v  22.1495 1.2866 -251.7337
v  22.1880 5.7423 -251.7559
v  22.1880 5.7423 -251.8714
v  22.2361 5.7534 -251.7836
v  22.2361 5.7534 -251.8992
v  -21.9412 1.2310 -252.1348
v  -21.9316 1.2866 -252.1292
v  -21.9700 5.7423 -252.1516
v  -22.0592 5.7423 -252.0983
v  -22.0180 5.7534 -252.1795
v  -22.1073 5.7534 -252.1260
v  -22.1591 1.2310 -251.7393
v  -22.1495 1.2866 -251.7337
v  -22.1880 5.7423 -251.7559
v  -22.2361 5.7534 -251.7836
v  22.1301 5.7423 -252.0378
v  22.0578 5.7423 -252.0959
v  22.1782 5.7534 -252.0656
v  22.1059 5.7534 -252.1237
v  -22.1737 5.7423 -251.9633
v  -22.1880 5.7423 -251.8714
v  -22.2218 5.7534 -251.9911
v  -22.2361 5.7534 -251.8992
v  -0.5098 5.7423 -264.9409
v  -0.5958 5.7423 -264.9065
v  -0.5098 5.7534 -264.9965
v  -0.5958 5.7534 -264.9621
v  22.1735 1.1977 -251.9630
v  -22.1307 1.1977 -252.0389
v  -0.4235 1.1977 -264.9417
v  22.1735 5.7423 -251.9630
v  22.2216 5.7534 -251.9908
v  -22.1307 5.7423 -252.0389
v  -22.1789 5.7534 -252.0667
v  -0.4235 5.7423 -264.9417
v  -0.4235 5.7534 -264.9973
v  22.1301 1.1977 -252.0378
v  -22.1737 1.1977 -251.9633
v  -0.5098 1.1977 -264.9409
v  21.9359 1.2310 -252.1325
v  21.9263 1.2866 -252.1269
v  21.9647 5.7423 -252.1492
v  22.0128 5.7534 -252.1772
v  -0.6849 1.2310 -264.8200
v  -0.6849 1.2866 -264.8089
v  -0.6851 5.7423 -264.8533
v  -0.6853 5.7534 -264.9089
v  24.2342 3.9980 -253.4705
v  24.3368 3.9980 -253.4117
v  24.3445 3.9357 -253.4162
v  24.2419 3.9357 -253.4749
v  -0.6947 3.9980 -267.4796
v  -0.5959 3.9980 -267.5383
v  -0.5959 3.9357 -267.5471
v  -0.6947 3.9357 -267.4883
v  -24.4670 3.9980 -253.0690
v  -24.4670 3.9980 -253.1872
v  -24.4747 3.9357 -253.1916
v  -24.4747 3.9357 -253.0735
v  -0.2342 2.9420 -267.4817
v  -0.3368 2.9420 -267.5405
v  -0.3368 3.0043 -267.5493
v  -0.2342 3.0043 -267.4905
v  24.4670 2.9420 -253.0690
v  24.4670 2.9420 -253.1872
v  24.4747 3.0043 -253.1916
v  24.4747 3.0043 -253.0735
v  -24.2394 2.9420 -253.4726
v  -24.3381 2.9420 -253.4139
v  -24.3457 3.0043 -253.4183
v  -24.2470 3.0043 -253.4771
v  24.4670 3.9980 -253.0690
v  24.4747 3.9357 -253.0735
v  -24.4670 2.9420 -253.0690
v  -24.4747 3.0043 -253.0735
v  24.4526 3.9980 -253.2788
v  24.4670 3.9980 -253.1872
v  24.4747 3.9357 -253.1916
v  24.4602 3.9357 -253.2832
v  -0.4235 3.9980 -267.5734
v  -0.3368 3.9980 -267.5405
v  -0.3368 3.9357 -267.5493
v  -0.4235 3.9357 -267.5822
v  -24.4097 3.9980 -253.3546
v  -24.3381 3.9980 -253.4139
v  -24.3457 3.9357 -253.4183
v  -24.4174 3.9357 -253.3590
v  -0.5098 2.9420 -267.5726
v  -0.5959 2.9420 -267.5383
v  -0.5959 3.0043 -267.5471
v  -0.5098 3.0043 -267.5814
v  24.4092 2.9420 -253.3537
v  24.3368 2.9420 -253.4117
v  24.3445 3.0043 -253.4162
v  24.4168 3.0043 -253.3581
v  -24.4527 2.9420 -253.2791
v  -24.4670 2.9420 -253.1872
v  -24.4747 3.0043 -253.1916
v  -24.4603 3.0043 -253.2835
v  24.4092 3.9980 -253.3537
v  24.4168 3.9357 -253.3581
v  -0.5098 3.9980 -267.5726
v  -0.5098 3.9357 -267.5814
v  -24.4527 3.9980 -253.2791
v  -24.4603 3.9357 -253.2835
v  -0.4235 2.9420 -267.5734
v  -0.4235 3.0043 -267.5822
v  24.4526 2.9420 -253.2788
v  24.4602 3.0043 -253.2832
v  -24.4097 2.9420 -253.3546
v  -24.4174 3.0043 -253.3590
v  -0.2342 3.9980 -267.4817
v  -0.2342 3.9357 -267.4905
v  -24.2394 3.9980 -253.4726
v  -24.2470 3.9357 -253.4771
v  24.2342 2.9420 -253.4705
v  24.2419 3.0043 -253.4749
v  -0.6947 2.9420 -267.4796
v  -0.6947 3.0043 -267.4883
v  24.2114 4.0517 -253.4572
v  24.3139 4.0516 -253.3985
v  24.1733 4.0966 -253.4350
v  24.2758 4.0965 -253.3765
v  -0.6946 4.0517 -267.4531
v  -0.5959 4.0516 -267.5118
v  -0.6944 4.0966 -267.4091
v  -0.5959 4.0965 -267.4678
v  -24.4441 4.0516 -253.0558
v  -24.4441 4.0516 -253.1740
v  -24.4059 4.0965 -253.0338
v  -24.4059 4.0965 -253.1519
v  -0.2343 2.8884 -267.4553
v  -0.3368 2.8884 -267.5140
v  -0.2345 2.8434 -267.4112
v  -0.3368 2.8435 -267.4699
v  24.4441 2.8884 -253.0558
v  24.4441 2.8884 -253.1740
v  24.4059 2.8435 -253.0338
v  24.4059 2.8435 -253.1519
v  -24.2165 2.8884 -253.4593
v  -24.3152 2.8884 -253.4007
v  -24.1785 2.8434 -253.4372
v  -24.2770 2.8435 -253.3786
v  24.4441 4.0516 -253.0558
v  24.4059 4.0965 -253.0338
v  -24.4441 2.8884 -253.0558
v  -24.4059 2.8435 -253.0338
v  24.4296 4.0516 -253.2656
v  24.4441 4.0516 -253.1740
v  24.3915 4.0965 -253.2435
v  24.4059 4.0965 -253.1519
v  -0.4235 4.0516 -267.5469
v  -0.3368 4.0516 -267.5140
v  -0.4235 4.0965 -267.5028
v  -0.3368 4.0965 -267.4699
v  -24.3868 4.0516 -253.3414
v  -24.3152 4.0516 -253.4007
v  -24.3486 4.0965 -253.3194
v  -24.2770 4.0965 -253.3786
v  -0.5098 2.8884 -267.5461
v  -0.5959 2.8884 -267.5118
v  -0.5098 2.8435 -267.5021
v  -0.5959 2.8435 -267.4678
v  24.3863 2.8884 -253.3404
v  24.3139 2.8884 -253.3985
v  24.3481 2.8435 -253.3184
v  24.2758 2.8435 -253.3765
v  -24.4298 2.8884 -253.2658
v  -24.4441 2.8884 -253.1740
v  -24.3916 2.8435 -253.2438
v  -24.4059 2.8435 -253.1519
v  24.3863 4.0516 -253.3404
v  24.3481 4.0965 -253.3184
v  -0.5098 4.0516 -267.5461
v  -0.5098 4.0965 -267.5021
v  -24.4298 4.0516 -253.2658
v  -24.3916 4.0965 -253.2438
v  -0.4235 2.8884 -267.5469
v  -0.4235 2.8435 -267.5028
v  24.4296 2.8884 -253.2656
v  24.3915 2.8435 -253.2435
v  -24.3868 2.8884 -253.3414
v  -24.3486 2.8435 -253.3194
v  -0.2343 4.0517 -267.4553
v  -0.2345 4.0966 -267.4112
v  -24.2165 4.0517 -253.4593
v  -24.1785 4.0966 -253.4372
v  24.2114 2.8884 -253.4572
v  24.1733 2.8434 -253.4350
v  -0.6946 2.8884 -267.4531
v  -0.6944 2.8434 -267.4091
v  21.9263 1.3588 -252.1269
v  -0.2439 1.3588 -264.8113
v  -0.2439 5.5812 -264.8113
v  21.9263 5.5812 -252.1269
v  22.1495 1.3588 -251.7337
v  22.1495 5.5812 -251.7337
v  -0.6849 1.3588 -264.8089
v  -21.9316 1.3588 -252.1292
v  -21.9316 5.5812 -252.1292
v  -0.6849 5.5812 -264.8089
v  -22.1495 1.3588 -251.7337
v  -22.1495 5.5812 -251.7337
v  -0.4235 5.5812 -264.8973
v  -0.3368 5.5812 -264.8644
v  -0.3368 1.3588 -264.8644
v  -0.4235 1.3588 -264.8973
v  22.0916 1.3588 -252.0156
v  22.0193 1.3588 -252.0737
v  22.0193 5.5812 -252.0737
v  22.0916 5.5812 -252.0156
v  -22.1352 1.3588 -251.9411
v  -22.1495 1.3588 -251.8492
v  -22.1495 5.5812 -251.8492
v  -22.1352 5.5812 -251.9411
v  -0.5098 5.5812 -264.8965
v  -0.5098 1.3588 -264.8965
v  -0.5958 5.5812 -264.8621
v  -0.5958 1.3588 -264.8621
v  22.1350 1.3588 -251.9408
v  22.1350 5.5812 -251.9408
v  22.1495 1.3588 -251.8492
v  22.1495 5.5812 -251.8492
v  -22.0923 1.3588 -252.0167
v  -22.0923 5.5812 -252.0167
v  -22.0207 1.3588 -252.0760
v  -22.0207 5.5812 -252.0760
v  9.2878 23.1344 -238.8615
v  10.3114 21.0931 -237.8678
v  4.4456 -0.7986 -250.8372
v  2.9820 -0.3991 -252.8121
v  10.3024 20.6717 -237.6294
v  4.5421 -0.8262 -250.3635
v  4.5423 -0.8253 -250.6066
v  10.3568 20.8746 -237.7517
v  10.1201 20.6568 -237.6225
v  6.0415 21.7496 -237.6225
v  0.3034 0.3349 -250.3069
v  4.3821 -0.7580 -250.3069
v  2.8631 -0.8429 -252.8100
v  4.3304 -1.2286 -250.8349
v  -1.2965 -22.2282 -237.8701
v  -3.2036 -23.4841 -238.8636
v  4.4277 -1.2529 -250.3612
v  -1.0936 -21.8588 -237.6318
v  -1.1480 -22.0617 -237.7541
v  4.4275 -1.2538 -250.6043
v  4.2548 -1.2327 -250.3041
v  0.1762 -0.1399 -250.3041
v  -5.3228 -20.6626 -237.6244
v  -1.2442 -21.7555 -237.6244
v  5.9052 21.9064 -237.6612
v  5.9314 22.0039 -237.7200
v  0.1309 0.3564 -250.5435
v  0.1308 0.3560 -250.4267
v  0.0164 -0.0711 -250.4243
v  0.0163 -0.0716 -250.5411
v  -5.5451 -20.8270 -237.7223
v  -5.5190 -20.7295 -237.6635
v  2.7271 -0.3303 -252.9427
v  1.9506 -0.1222 -252.9427
v  8.2854 23.5199 -238.9272
v  9.0619 23.3118 -238.9272
v  -3.4879 -23.5248 -238.9293
v  -4.2644 -23.3168 -238.9293
v  1.8314 -0.5670 -252.9406
v  2.6079 -0.7750 -252.9406
v  1.6954 -0.0543 -252.8121
v  0.2281 0.3315 -250.8372
v  6.0940 22.2232 -237.8678
v  8.0011 23.4792 -238.8615
v  -4.4902 -23.1394 -238.8636
v  -5.5139 -21.0982 -237.8701
v  0.1129 -0.0986 -250.8349
v  1.5764 -0.4982 -252.8100
v  -1.3533 -22.4407 -237.4728
v  -1.3582 -22.4439 -194.3834
v  -3.2576 -23.7004 -194.3834
v  -3.2625 -23.7036 -238.4604
v  -1.2047 -22.2735 -237.3576
v  -1.1501 -22.0695 -237.2359
v  -1.1527 -22.0792 -194.3834
v  -1.2021 -22.2638 -194.3834
v  -1.3069 -21.9895 -237.1860
v  -5.3855 -20.8966 -237.1860
v  -5.3790 -20.8725 -194.3834
v  -1.3004 -21.9654 -194.3834
v  -5.5755 -20.9405 -237.2675
v  -5.6018 -21.0385 -237.3260
v  -5.6070 -21.0578 -194.3834
v  -5.5704 -20.9212 -194.3834
v  9.1222 23.5367 -238.5257
v  8.3457 23.7447 -238.5257
v  8.3457 23.7448 -194.3834
v  9.1222 23.5367 -194.3834
v  6.1522 22.4407 -237.4728
v  6.1571 22.4439 -194.3834
v  8.0565 23.7004 -194.3834
v  8.0613 23.7036 -238.4604
v  4.3986 -0.9741 -250.9244
v  2.9331 -0.5814 -252.9036
v  2.9555 -0.4977 -252.8707
v  4.4211 -0.8904 -250.8915
v  10.3548 21.2547 -237.7553
v  10.3361 21.1848 -237.8133
v  9.3142 23.2332 -238.8030
v  9.3329 23.3031 -238.7449
v  4.4955 -1.0000 -250.4495
v  4.4955 -1.0000 -250.6936
v  4.5179 -0.9163 -250.6607
v  4.5179 -0.9163 -250.4167
v  10.3999 21.0357 -237.6399
v  10.3452 20.8315 -237.5179
v  10.3265 20.7617 -237.5759
v  10.3812 20.9658 -237.6980
v  0.2528 0.1460 -250.3996
v  4.3315 -0.9468 -250.3996
v  4.3571 -0.8511 -250.3621
v  0.2785 0.2418 -250.3621
v  10.1665 20.8297 -237.5010
v  6.0878 21.9226 -237.5010
v  6.0664 21.8427 -237.5674
v  10.1451 20.7499 -237.5674
v  0.1810 0.1560 -250.9244
v  0.2035 0.2397 -250.8915
v  1.6690 -0.1530 -252.8707
v  1.6466 -0.2367 -252.9036
v  6.1372 22.3848 -237.7553
v  8.0464 23.6478 -238.7449
v  8.0277 23.5779 -238.8030
v  6.1185 22.3149 -237.8133
v  -1.3496 -22.4268 -237.6807
v  -1.3533 -22.4407 -237.5888
v  -3.2625 -23.7037 -238.5785
v  -3.2588 -23.6898 -238.6703
v  -1.2010 -22.2597 -237.5653
v  -1.1463 -22.0556 -237.4433
v  -1.1500 -22.0694 -237.3514
v  -1.2047 -22.2736 -237.4734
v  -1.3027 -21.9737 -237.4100
v  -5.3813 -20.8809 -237.4100
v  -5.3855 -20.8966 -237.3053
v  -1.3069 -21.9895 -237.3053
v  -5.5672 -21.2967 -237.6807
v  -4.5453 -23.3451 -238.6703
v  -4.5490 -23.3589 -238.5785
v  -5.5709 -21.3106 -237.5888
v  0.0842 0.1820 -250.5129
v  0.1066 0.2657 -250.4801
v  0.1066 0.2657 -250.5973
v  0.0842 0.1820 -250.6302
v  5.9482 22.0666 -237.5496
v  5.9744 22.1646 -237.6082
v  5.9557 22.0948 -237.6662
v  5.9294 21.9967 -237.6076
v  -5.5718 -20.9266 -237.4750
v  -5.5981 -21.0247 -237.5336
v  -5.6018 -21.0385 -237.4418
v  -5.5755 -20.9405 -237.3831
v  8.3307 23.6889 -238.8103
v  9.1072 23.4808 -238.8103
v  9.0885 23.4109 -238.8684
v  8.3120 23.6190 -238.8684
v  2.6781 -0.5131 -253.0344
v  1.9016 -0.3050 -253.0344
v  1.9240 -0.2213 -253.0015
v  2.7005 -0.4294 -253.0015
v  -4.3196 -23.5228 -238.7357
v  -3.5431 -23.7309 -238.7357
v  -3.5468 -23.7447 -238.6439
v  -4.3233 -23.5367 -238.6439
v  4.3763 -1.0575 -250.9236
v  2.9107 -0.6648 -252.9029
v  2.8885 -0.7480 -252.8686
v  4.3540 -1.1406 -250.8892
v  9.3441 23.3450 -238.6701
v  10.3660 21.2966 -237.6805
v  9.3479 23.3589 -238.5785
v  10.3698 21.3106 -237.5888
v  4.4731 -1.0834 -250.4487
v  4.4731 -1.0834 -250.6928
v  4.4509 -1.1665 -250.4143
v  4.4509 -1.1665 -250.6584
v  10.4111 21.0776 -237.5650
v  10.3565 20.8735 -237.4430
v  10.4149 21.0916 -237.4734
v  10.3602 20.8874 -237.3514
v  0.2256 0.0445 -250.3987
v  4.3043 -1.0484 -250.3987
v  0.2002 -0.0506 -250.3593
v  4.2788 -1.1434 -250.3593
v  10.1801 20.8807 -237.4100
v  6.1015 21.9735 -237.4100
v  10.1844 20.8966 -237.3053
v  6.1058 21.9895 -237.3053
v  1.6242 -0.3201 -252.9029
v  0.1587 0.0726 -250.9236
v  1.6020 -0.4033 -252.8686
v  0.1364 -0.0105 -250.8892
v  6.1484 22.4267 -237.6805
v  8.0576 23.6897 -238.6701
v  8.0614 23.7037 -238.5785
v  6.1522 22.4407 -237.5888
v  -3.2477 -23.6483 -238.7459
v  -1.3385 -22.3854 -237.7563
v  -3.2291 -23.5791 -238.8052
v  -1.3200 -22.3162 -237.8157
v  -1.1899 -22.2182 -237.6409
v  -1.1352 -22.0141 -237.5189
v  -1.1714 -22.1491 -237.7003
v  -1.1167 -21.9450 -237.5783
v  -1.2892 -21.9235 -237.5016
v  -5.3678 -20.8307 -237.5016
v  -1.2681 -21.8447 -237.5693
v  -5.3467 -20.7519 -237.5693
v  -5.5561 -21.2553 -237.7563
v  -4.5342 -23.3036 -238.7459
v  -4.5156 -23.2344 -238.8052
v  -5.5376 -21.1861 -237.8157
v  0.0619 0.0986 -250.6294
v  0.0619 0.0986 -250.5121
v  0.0396 0.0155 -250.5950
v  0.0396 0.0155 -250.4777
v  5.9594 22.1085 -237.4747
v  5.9857 22.2066 -237.5334
v  5.9894 22.2205 -237.4418
v  5.9631 22.1225 -237.3831
v  -5.5607 -20.8852 -237.5506
v  -5.5870 -20.9832 -237.6092
v  -5.5685 -20.9141 -237.6686
v  -5.5422 -20.8160 -237.6100
v  8.3419 23.7308 -238.7355
v  9.1185 23.5227 -238.7355
v  8.3457 23.7447 -238.6439
v  9.1222 23.5367 -238.6439
v  2.6557 -0.5965 -253.0337
v  1.8792 -0.3884 -253.0337
v  2.6335 -0.6796 -252.9994
v  1.8569 -0.4716 -252.9994
v  -4.3085 -23.4813 -238.8113
v  -3.5320 -23.6894 -238.8113
v  -4.2900 -23.4121 -238.8706
v  -3.5134 -23.6202 -238.8706
v  9.3479 23.3589 -238.4604
v  10.3698 21.3106 -237.4728
v  10.4149 21.0915 -237.3576
v  10.3602 20.8875 -237.2359
v  10.1844 20.8966 -237.1860
v  6.1058 21.9895 -237.1860
v  5.9631 22.1225 -237.2675
v  5.9894 22.2205 -237.3260
v  -3.5468 -23.7447 -238.5257
v  -4.3233 -23.5367 -238.5257
v  -4.5490 -23.3589 -238.4604
v  -5.5709 -21.3106 -237.4728
v  4.5162 -0.8179 -250.7307
v  4.4918 -0.9093 -250.7849
v  4.4591 -0.9006 -250.8401
v  4.4836 -0.8090 -250.7859
v  5.9994 22.1533 -237.8142
v  6.0239 22.2447 -237.7600
v  6.0689 22.2821 -237.7876
v  6.0444 22.1905 -237.8420
v  10.4166 21.2024 -237.4196
v  10.4166 21.2024 -237.5355
v  10.3963 21.2573 -237.5631
v  10.3963 21.2574 -237.4472
v  -5.6177 -21.2024 -237.4196
v  -5.6177 -21.2024 -237.5355
v  -5.5975 -21.2573 -237.5631
v  -5.5974 -21.2574 -237.4472
v  -1.2019 -22.1583 -237.8165
v  -1.2253 -22.2460 -237.7624
v  -1.2704 -22.2834 -237.7900
v  -1.2469 -22.1956 -237.8443
v  0.0422 -0.0792 -250.7284
v  0.0657 0.0085 -250.7825
v  0.0983 -0.0003 -250.8378
v  0.0749 -0.0882 -250.7836
v  4.4470 -1.0764 -250.8170
v  4.4247 -1.1595 -250.7825
v  4.3921 -1.1508 -250.8378
v  4.4144 -1.0677 -250.8722
v  0.0684 0.0968 -250.7572
v  0.0461 0.0137 -250.7228
v  0.0396 0.0155 -250.6584
v  0.0619 0.0986 -250.6928
v  10.4190 21.1332 -237.5972
v  10.4228 21.1472 -237.5056
v  6.0538 22.3565 -237.6271
v  6.0576 22.3704 -237.5355
v  6.1026 22.4079 -237.5631
v  6.0988 22.3939 -237.6547
v  -1.2550 -22.3566 -237.6274
v  -1.2587 -22.3704 -237.5355
v  -1.3037 -22.4078 -237.5631
v  -1.3000 -22.3940 -237.6550
v  -5.6202 -21.1333 -237.5975
v  -5.6239 -21.1472 -237.5056
v  -5.6160 -21.0916 -237.4734
v  -5.6123 -21.0777 -237.5653
v  4.4694 -0.9930 -250.8177
v  4.4367 -0.9843 -250.8729
v  0.1132 0.2639 -250.7251
v  0.0907 0.1802 -250.7579
v  0.0842 0.1820 -250.6936
v  0.1066 0.2657 -250.6607
v  10.3891 21.0214 -237.7301
v  10.4078 21.0913 -237.6721
v  6.0426 22.3145 -237.7020
v  6.0876 22.3520 -237.7296
v  -1.2439 -22.3151 -237.7030
v  -1.2889 -22.3525 -237.7306
v  -5.5906 -21.0227 -237.7325
v  -5.6091 -21.0919 -237.6731
v  -5.6012 -21.0363 -237.6409
v  -5.5827 -20.9671 -237.7003
v  10.3584 20.9853 -237.8142
v  10.3380 21.0401 -237.8420
v  10.3829 21.0767 -237.7600
v  10.3626 21.1316 -237.7876
v  0.1573 0.3501 -250.7307
v  0.1900 0.3415 -250.7859
v  0.1327 0.2587 -250.7849
v  0.1654 0.2499 -250.8401
v  4.4012 -1.2472 -250.7284
v  4.3685 -1.2386 -250.7836
v  -5.5609 -20.9903 -237.8165
v  -5.5405 -21.0451 -237.8443
v  -5.5844 -21.0780 -237.7624
v  -5.5641 -21.1329 -237.7900
v  10.3936 21.2629 -194.3834
v  10.4151 21.2038 -194.3834
v  -5.5947 -21.2629 -194.3834
v  -5.6162 -21.2038 -194.3834
v  6.0576 22.3704 -237.4196
v  6.1026 22.4079 -237.4472
v  -1.2587 -22.3704 -237.4196
v  -1.3037 -22.4079 -237.4472
v  4.5358 -0.8234 -250.6710
v  4.5114 -0.9146 -250.7251
v  5.9664 22.1086 -237.7841
v  5.9909 22.1999 -237.7301
v  5.9455 22.0566 -237.7518
v  5.9699 22.1478 -237.6980
v  10.4228 21.1471 -237.3898
v  -5.6239 -21.1471 -237.3898
v  -5.6160 -21.0915 -237.3576
v  -1.1689 -22.1137 -237.7865
v  -1.1924 -22.2012 -237.7325
v  0.0227 -0.0738 -250.6687
v  0.0162 -0.0718 -250.6043
v  4.4666 -1.0817 -250.7572
v  4.4443 -1.1648 -250.7228
v  0.0880 0.0916 -250.8170
v  0.1206 0.0828 -250.8722
v  10.4129 21.1884 -237.6271
v  10.3926 21.2434 -237.6547
v  6.0208 22.3117 -237.5972
v  6.0246 22.3257 -237.5056
v  5.9999 22.2596 -237.5650
v  6.0036 22.2736 -237.4734
v  -1.2220 -22.3118 -237.5975
v  -1.2257 -22.3256 -237.5056
v  -5.6140 -21.1886 -237.6274
v  -5.5937 -21.2435 -237.6550
v  4.4889 -0.9983 -250.7579
v  0.1103 0.1750 -250.8177
v  0.1430 0.1662 -250.8729
v  10.4016 21.1465 -237.7020
v  10.3814 21.2015 -237.7296
v  6.0096 22.2698 -237.6721
v  5.9886 22.2177 -237.6399
v  -1.2109 -22.2703 -237.6731
v  -5.6029 -21.1471 -237.7030
v  -5.5826 -21.2020 -237.7306
v  10.3646 20.9301 -237.7841
v  0.1376 0.3551 -250.6710
v  0.1310 0.3567 -250.6066
v  4.4209 -1.2523 -250.6687
v  -5.5671 -20.9352 -237.7865
v  -5.5592 -20.8797 -237.7541
v  10.4213 21.1435 -194.3834
v  10.4123 21.0818 -194.3834
v  -5.6224 -21.1434 -194.3834
v  6.0246 22.3256 -237.3898
v  6.0036 22.2735 -237.3576
v  -1.2257 -22.3256 -237.3898
v  4.5313 -0.8235 -250.3080
v  4.5072 -0.9135 -250.3611
v  0.1736 0.3440 -250.2746
v  0.1496 0.2542 -250.3278
v  0.2032 0.2398 -250.3167
v  0.2273 0.3296 -250.2635
v  10.3370 20.8439 -237.2082
v  10.3370 20.8438 -237.3237
v  5.9719 21.9836 -237.1915
v  5.9719 21.9836 -237.3070
v  6.0231 21.9599 -237.3014
v  6.0231 21.9599 -237.1860
v  -1.0919 -21.8095 -237.6038
v  -1.1150 -21.8957 -237.5505
v  -5.4421 -20.6141 -237.5871
v  -5.4651 -20.7001 -237.5339
v  -5.4090 -20.7052 -237.5283
v  -5.3859 -20.6192 -237.5815
v  5.9570 21.9277 -237.4734
v  5.9382 21.8578 -237.5315
v  5.9894 21.8341 -237.5259
v  6.0081 21.9040 -237.4679
v  -5.4948 -20.8107 -237.3988
v  -5.4985 -20.8246 -237.3070
v  -5.4423 -20.8297 -237.3014
v  -5.4386 -20.8158 -237.3933
v  0.1048 0.0871 -250.3599
v  0.0825 0.0040 -250.3254
v  0.1362 -0.0104 -250.3143
v  0.1585 0.0727 -250.3488
v  10.2936 20.8106 -237.3986
v  10.2973 20.8246 -237.3070
v  10.2412 20.8297 -237.3014
v  10.2374 20.8157 -237.3931
v  -1.1582 -21.9283 -237.4745
v  -1.1397 -21.8591 -237.5339
v  -1.1909 -21.8355 -237.5283
v  -1.2094 -21.9046 -237.4689
v  4.4525 -0.9885 -250.3607
v  4.4750 -0.9048 -250.3278
v  4.4213 -0.8905 -250.3167
v  4.3989 -0.9741 -250.3495
v  5.9682 21.9696 -237.3986
v  6.0194 21.9459 -237.3931
v  -5.4836 -20.7693 -237.4745
v  -5.4275 -20.7744 -237.4689
v  0.1271 0.1705 -250.3607
v  0.1808 0.1561 -250.3495
v  10.2636 20.6988 -237.5315
v  10.2824 20.7687 -237.4734
v  10.2262 20.7738 -237.4679
v  10.2075 20.7039 -237.5259
v  -1.1730 -21.9836 -237.3070
v  -1.1693 -21.9697 -237.3988
v  -1.2205 -21.9461 -237.3933
v  -1.2242 -21.9599 -237.3014
v  4.4079 -1.1550 -250.3254
v  4.4302 -1.0719 -250.3599
v  4.3765 -1.0575 -250.3488
v  4.3543 -1.1406 -250.3143
v  10.2792 20.6282 -237.6015
v  10.3033 20.7181 -237.5481
v  5.9142 21.7680 -237.5847
v  5.9653 21.7443 -237.5791
v  4.4170 -1.2498 -250.3056
v  4.4401 -1.1636 -250.3588
v  0.0595 -0.0821 -250.2723
v  0.1131 -0.0965 -250.2612
v  10.3628 20.8972 -194.3834
v  10.3179 20.8369 -194.3834
v  6.0231 21.9599 -194.3834
v  5.9603 22.0045 -194.3834
v  -1.1483 -22.0201 -237.3237
v  -1.1483 -22.0201 -237.2082
v  -5.4985 -20.8246 -237.1915
v  -5.4423 -20.8297 -237.1860
v  4.4990 -0.8150 -250.2746
v  4.4454 -0.8007 -250.2635
v  0.1415 0.3527 -250.3080
v  0.1174 0.2628 -250.3611
v  0.1308 0.3558 -250.3635
v  0.1066 0.2657 -250.4167
v  10.2973 20.8246 -237.1915
v  10.2412 20.8297 -237.1860
v  5.9472 22.0201 -237.2082
v  5.9472 22.0201 -237.3237
v  5.9489 22.0695 -237.2359
v  5.9489 22.0694 -237.3514
v  -1.1166 -21.7731 -237.5871
v  -1.1678 -21.7494 -237.5815
v  -5.4817 -20.6333 -237.6038
v  -5.5048 -20.7194 -237.5505
v  -5.5049 -20.6768 -237.6318
v  -5.5280 -20.7630 -237.5783
v  5.9322 21.9642 -237.4901
v  5.9135 21.8943 -237.5481
v  5.9339 22.0135 -237.5179
v  5.9152 21.9437 -237.5759
v  -5.5344 -20.8300 -237.4155
v  -5.5381 -20.8438 -237.3237
v  -5.5576 -20.8736 -237.4433
v  -5.5613 -20.8874 -237.3514
v  0.0726 0.0957 -250.3932
v  0.0503 0.0126 -250.3588
v  0.0619 0.0986 -250.4487
v  0.0396 0.0155 -250.4143
v  10.3333 20.8299 -237.4153
v  -1.1335 -21.9648 -237.4911
v  4.4847 -0.9971 -250.3940
v  5.9435 22.0061 -237.4153
v  5.9452 22.0555 -237.4430
v  -5.5233 -20.7885 -237.4911
v  -5.5465 -20.8321 -237.5189
v  0.0949 0.1791 -250.3940
v  0.0842 0.1820 -250.4495
v  10.3220 20.7879 -237.4901
v  -1.1446 -22.0062 -237.4155
v  4.4624 -1.0805 -250.3932
v  10.2396 20.6090 -237.5847
v  10.1834 20.6141 -237.5791
v  5.8894 21.8044 -237.6015
v  5.8911 21.8537 -237.6294
v  4.3849 -1.2411 -250.2723
v  4.3312 -1.2267 -250.2612
v  0.0272 -0.0736 -250.3056
v  0.0164 -0.0709 -250.3612
v  10.2412 20.8297 -194.3834
v  5.9580 22.1032 -194.3834
v  -1.1730 -21.9836 -237.1915
v  -1.2242 -21.9599 -237.1860
v  -5.5381 -20.8438 -237.2082
v  -5.5613 -20.8875 -237.2359
v  5.9946 22.2398 -194.3834
v  8.1617 23.5451 -238.9227
v  8.1883 23.6443 -238.8640
v  8.2504 23.6355 -238.8684
v  8.2239 23.5364 -238.9272
v  1.7096 -0.5343 -252.9318
v  1.7352 -0.4390 -252.9906
v  1.7954 -0.4551 -252.9994
v  1.7698 -0.5505 -252.9406
v  -4.4431 -23.4967 -238.5213
v  -4.4431 -23.4967 -238.6395
v  -4.3849 -23.5202 -238.6439
v  -4.3849 -23.5202 -238.5257
v  2.8488 -0.3629 -252.9339
v  2.8223 -0.4620 -252.9927
v  2.7621 -0.4459 -253.0015
v  2.7886 -0.3468 -252.9427
v  9.2420 23.4967 -238.5213
v  9.2420 23.4967 -238.6395
v  9.1838 23.5202 -238.6439
v  9.1838 23.5202 -238.5257
v  -3.3641 -23.5501 -238.9249
v  -3.3897 -23.6455 -238.8661
v  -3.4519 -23.6367 -238.8706
v  -3.4263 -23.5413 -238.9293
v  8.2182 23.7560 -238.7311
v  8.2220 23.7700 -238.6395
v  8.2841 23.7612 -238.6439
v  8.2804 23.7473 -238.7355
v  1.7798 -0.2724 -253.0256
v  1.8022 -0.1887 -252.9927
v  1.8624 -0.2048 -253.0015
v  1.8400 -0.2885 -253.0344
v  -4.4283 -23.4413 -238.8069
v  -4.4097 -23.3722 -238.8661
v  -4.3515 -23.3957 -238.8706
v  -4.3700 -23.4648 -238.8113
v  2.7775 -0.6291 -253.0249
v  2.7552 -0.7123 -252.9906
v  2.6950 -0.6961 -252.9994
v  2.7173 -0.6130 -253.0337
v  9.2270 23.4408 -238.8059
v  9.2083 23.3709 -238.8640
v  9.1501 23.3944 -238.8684
v  9.1688 23.4643 -238.8103
v  -3.4194 -23.7561 -238.7313
v  -3.4231 -23.7700 -238.6395
v  -3.4852 -23.7612 -238.6439
v  -3.4815 -23.7474 -238.7357
v  8.2070 23.7141 -238.8059
v  8.2691 23.7054 -238.8103
v  1.7575 -0.3558 -253.0249
v  1.8177 -0.3719 -253.0337
v  -4.4394 -23.4828 -238.7313
v  -4.3812 -23.5063 -238.7357
v  2.7998 -0.5457 -253.0256
v  2.7397 -0.5296 -253.0344
v  9.2382 23.4827 -238.7311
v  9.1800 23.5062 -238.7355
v  -3.4082 -23.7146 -238.8069
v  -3.4704 -23.7059 -238.8113
v  1.8288 -0.0896 -252.9339
v  1.8890 -0.1057 -252.9427
v  -4.3842 -23.2768 -238.9249
v  -4.3260 -23.3003 -238.9293
v  9.1817 23.2718 -238.9227
v  9.1235 23.2953 -238.9272
v  2.7297 -0.8076 -252.9318
v  2.6695 -0.7915 -252.9406
v  -4.3849 -23.5202 -194.3834
v  -4.4434 -23.4961 -194.3834
v  9.1838 23.5202 -194.3834
v  9.2423 23.4961 -194.3834
v  8.2219 23.7700 -238.5213
v  8.2841 23.7612 -238.5257
v  -3.4231 -23.7700 -238.5213
v  -3.4852 -23.7612 -238.5257
v  8.1040 23.5370 -238.9094
v  8.1305 23.6360 -238.8508
v  8.0507 23.5118 -238.8873
v  8.0773 23.6107 -238.8287
v  1.6578 -0.5203 -252.9054
v  1.6834 -0.4251 -252.9641
v  1.6145 -0.5086 -252.8613
v  1.6400 -0.4135 -252.9200
v  -4.4890 -23.4607 -238.5081
v  -4.4890 -23.4607 -238.6262
v  -4.5225 -23.4121 -238.4861
v  -4.5224 -23.4122 -238.6042
v  2.9006 -0.3769 -252.9075
v  2.8741 -0.4759 -252.9662
v  2.9440 -0.3887 -252.8634
v  2.9174 -0.4875 -252.9222
v  9.2878 23.4607 -238.5081
v  9.2878 23.4607 -238.6262
v  9.3213 23.4121 -238.4861
v  9.3213 23.4122 -238.6042
v  -3.3064 -23.5419 -238.9116
v  -3.3320 -23.6372 -238.8529
v  -3.2531 -23.5168 -238.8894
v  -3.2787 -23.6119 -238.8309
v  8.1605 23.7478 -238.7178
v  8.1642 23.7617 -238.6262
v  8.1072 23.7225 -238.6958
v  8.1110 23.7365 -238.6042
v  1.7280 -0.2585 -252.9991
v  1.7505 -0.1748 -252.9662
v  1.6847 -0.2469 -252.9550
v  1.7071 -0.1632 -252.9222
v  -4.4741 -23.4053 -238.7937
v  -4.4556 -23.3361 -238.8529
v  -4.5076 -23.3568 -238.7716
v  -4.4891 -23.2876 -238.8309
v  2.8293 -0.6430 -252.9984
v  2.8070 -0.7261 -252.9641
v  2.8727 -0.6546 -252.9543
v  2.8504 -0.7378 -252.9200
v  9.2729 23.4048 -238.7927
v  9.2541 23.3349 -238.8508
v  9.3064 23.3563 -238.7706
v  9.2876 23.2864 -238.8287
v  -3.3617 -23.7479 -238.7181
v  -3.3654 -23.7617 -238.6262
v  -3.3084 -23.7226 -238.6960
v  -3.3121 -23.7365 -238.6042
v  8.1493 23.7059 -238.7927
v  8.0960 23.6806 -238.7706
v  1.7057 -0.3419 -252.9984
v  1.6623 -0.3303 -252.9543
v  -4.4852 -23.4468 -238.7181
v  -4.5187 -23.3983 -238.6960
v  2.8516 -0.5596 -252.9991
v  2.8950 -0.5712 -252.9550
v  9.2841 23.4467 -238.7178
v  9.3176 23.3982 -238.6958
v  -3.3505 -23.7064 -238.7937
v  -3.2973 -23.6811 -238.7716
v  1.7770 -0.0758 -252.9075
v  1.7335 -0.0643 -252.8634
v  -4.4301 -23.2408 -238.9116
v  -4.4637 -23.1924 -238.8894
v  9.2276 23.2359 -238.9094
v  9.2612 23.1875 -238.8873
v  2.7815 -0.8214 -252.9054
v  2.8250 -0.8329 -252.8613
v  -4.4902 -23.4582 -194.3834
v  -4.5252 -23.4066 -194.3834
v  9.2891 23.4582 -194.3834
v  9.3241 23.4066 -194.3834
v  8.1642 23.7617 -238.5081
v  8.1110 23.7365 -238.4861
v  -3.3653 -23.7617 -238.5081
v  -3.3121 -23.7365 -238.4861
v  -4.3233 -23.5367 -194.3834
v  10.3672 21.3158 -194.3834
v  -5.5683 -21.3158 -194.3834
v  -3.3069 -23.7331 -194.3834
v  8.1058 23.7331 -194.3834
v  10.1137 20.6328 -237.5791
v  4.3756 -0.7820 -250.2635
v  0.2970 0.3109 -250.2635
v  6.0351 21.7256 -237.5791
v  6.0928 21.9412 -237.1860
v  6.0928 21.9412 -194.3834
v  4.2615 -1.2080 -250.2612
v  -1.2376 -21.7307 -237.5815
v  -5.3162 -20.6379 -237.5815
v  0.1829 -0.1151 -250.2612
v  -1.2940 -21.9412 -237.1860
v  -1.2242 -21.9599 -194.3834
v  0.2505 0.1374 -250.3495
v  0.2730 0.2211 -250.3167
v  4.3516 -0.8718 -250.3167
v  4.3291 -0.9555 -250.3495
v  10.1565 20.7925 -237.4679
v  10.1378 20.7226 -237.5259
v  6.0591 21.8154 -237.5259
v  6.0779 21.8853 -237.4679
v  -1.2903 -21.9274 -237.3933
v  -1.2940 -21.9412 -237.3014
v  -5.3726 -20.8483 -237.3014
v  -5.3689 -20.8345 -237.3933
v  0.2282 0.0540 -250.3488
v  4.3068 -1.0388 -250.3488
v  0.2059 -0.0291 -250.3143
v  4.2845 -1.1219 -250.3143
v  10.1677 20.8344 -237.3931
v  6.0891 21.9272 -237.3931
v  10.1715 20.8484 -237.3014
v  6.0928 21.9412 -237.3014
v  -1.2791 -21.8859 -237.4689
v  -5.3578 -20.7930 -237.4689
v  -1.2606 -21.8168 -237.5283
v  -5.3392 -20.7239 -237.5283
v  10.1715 20.8484 -237.1860
v  -5.3726 -20.8483 -237.1860
v  6.1058 21.9895 -194.3834
v  9.3505 23.3537 -194.3834
v  10.1779 20.8725 -194.3834
v  -3.5468 -23.7448 -194.3834
v  -4.5516 -23.3537 -194.3834
v  6.0596 22.3709 -194.3834
v  6.1077 22.4113 -194.3834
v  -1.2607 -22.3709 -194.3834
v  -1.3089 -22.4113 -194.3834
v  6.0240 22.3217 -194.3834
v  -1.2251 -22.3217 -194.3834
v  -1.1614 -22.0045 -194.3834
v  -5.5190 -20.8369 -194.3834
v  -5.4423 -20.8297 -194.3834
v  8.2214 23.7696 -194.3834
v  8.2841 23.7612 -194.3834
v  -3.4225 -23.7696 -194.3834
v  -3.4852 -23.7612 -194.3834
v  8.1619 23.7602 -194.3834
v  -3.3631 -23.7602 -194.3834
v  9.2878 23.1344 -149.6172
v  2.9820 -0.3991 -135.6665
v  4.4456 -0.7986 -137.6414
v  10.3114 21.0931 -150.6108
v  10.3024 20.6717 -150.8492
v  10.3568 20.8746 -150.7269
v  4.5423 -0.8254 -137.8720
v  4.5421 -0.8262 -138.1151
v  10.1201 20.6568 -150.8561
v  4.3821 -0.7580 -138.1717
v  0.3035 0.3349 -138.1717
v  6.0415 21.7496 -150.8561
v  2.8631 -0.8429 -135.6686
v  -3.2036 -23.4841 -149.6150
v  -1.2965 -22.2282 -150.6085
v  4.3304 -1.2286 -137.6437
v  4.4277 -1.2529 -138.1175
v  4.4275 -1.2538 -137.8743
v  -1.1480 -22.0617 -150.7245
v  -1.0936 -21.8588 -150.8468
v  4.2549 -1.2328 -138.1745
v  -1.2442 -21.7555 -150.8542
v  -5.3228 -20.6626 -150.8542
v  0.1762 -0.1399 -138.1745
v  5.9052 21.9064 -150.8174
v  0.1308 0.3560 -138.0520
v  0.1310 0.3564 -137.9352
v  5.9314 22.0039 -150.7586
v  0.0164 -0.0712 -138.0543
v  -5.5190 -20.7295 -150.8151
v  -5.5451 -20.8270 -150.7563
v  0.0163 -0.0716 -137.9375
v  2.7271 -0.3303 -135.5359
v  9.0619 23.3118 -149.5514
v  8.2854 23.5199 -149.5514
v  1.9506 -0.1222 -135.5359
v  -3.4879 -23.5248 -149.5493
v  2.6079 -0.7751 -135.5380
v  1.8314 -0.5670 -135.5380
v  -4.2644 -23.3168 -149.5493
v  1.6954 -0.0543 -135.6665
v  8.0011 23.4792 -149.6172
v  6.0940 22.2232 -150.6108
v  0.2281 0.3315 -137.6414
v  -4.4902 -23.1394 -149.6150
v  1.5764 -0.4982 -135.6686
v  0.1129 -0.0986 -137.6437
v  -5.5139 -21.0982 -150.6085
v  -1.3533 -22.4407 -151.0058
v  -3.2625 -23.7036 -150.0182
v  -1.2047 -22.2735 -151.1210
v  -1.1500 -22.0695 -151.2427
v  -1.3069 -21.9895 -151.2926
v  -5.3855 -20.8966 -151.2926
v  -5.5755 -20.9405 -151.2111
v  -5.6018 -21.0385 -151.1526
v  9.1222 23.5367 -149.9529
v  8.3457 23.7447 -149.9529
v  6.1522 22.4407 -151.0058
v  8.0613 23.7036 -150.0182
v  4.3986 -0.9741 -137.5543
v  4.4211 -0.8904 -137.5871
v  2.9555 -0.4977 -135.6079
v  2.9331 -0.5814 -135.5750
v  10.3548 21.2547 -150.7233
v  9.3329 23.3030 -149.7337
v  9.3142 23.2332 -149.6756
v  10.3361 21.1848 -150.6653
v  4.4955 -1.0000 -138.0291
v  4.5179 -0.9163 -138.0619
v  4.5179 -0.9163 -137.8179
v  4.4955 -1.0000 -137.7850
v  10.3999 21.0357 -150.8387
v  10.3812 20.9658 -150.7807
v  10.3265 20.7617 -150.9027
v  10.3452 20.8315 -150.9607
v  0.2529 0.1460 -138.0790
v  0.2785 0.2418 -138.1166
v  4.3571 -0.8511 -138.1166
v  4.3315 -0.9468 -138.0790
v  10.1665 20.8297 -150.9776
v  10.1451 20.7499 -150.9112
v  6.0665 21.8427 -150.9112
v  6.0878 21.9226 -150.9776
v  0.1811 0.1560 -137.5543
v  1.6466 -0.2367 -135.5750
v  1.6690 -0.1530 -135.6079
v  0.2035 0.2397 -137.5871
v  6.1372 22.3848 -150.7233
v  6.1185 22.3149 -150.6653
v  8.0277 23.5779 -149.6756
v  8.0464 23.6478 -149.7337
v  -1.3496 -22.4268 -150.7979
v  -3.2588 -23.6898 -149.8083
v  -3.2625 -23.7037 -149.9001
v  -1.3533 -22.4407 -150.8898
v  -1.2010 -22.2597 -150.9133
v  -1.2047 -22.2736 -151.0052
v  -1.1500 -22.0694 -151.1272
v  -1.1463 -22.0556 -151.0353
v  -1.3027 -21.9737 -151.0686
v  -1.3069 -21.9895 -151.1733
v  -5.3855 -20.8966 -151.1733
v  -5.3813 -20.8809 -151.0686
v  -5.5672 -21.2967 -150.7979
v  -5.5709 -21.3106 -150.8898
v  -4.5490 -23.3589 -149.9001
v  -4.5453 -23.3451 -149.8083
v  0.0842 0.1820 -137.9657
v  0.0842 0.1820 -137.8484
v  0.1066 0.2656 -137.8813
v  0.1066 0.2657 -137.9985
v  5.9482 22.0665 -150.9290
v  5.9294 21.9967 -150.8710
v  5.9557 22.0948 -150.8124
v  5.9744 22.1646 -150.8704
v  -5.5718 -20.9266 -151.0036
v  -5.5755 -20.9405 -151.0955
v  -5.6018 -21.0385 -151.0369
v  -5.5981 -21.0247 -150.9450
v  8.3307 23.6889 -149.6683
v  8.3120 23.6190 -149.6102
v  9.0885 23.4109 -149.6102
v  9.1072 23.4808 -149.6683
v  2.6781 -0.5131 -135.4442
v  2.7005 -0.4294 -135.4771
v  1.9240 -0.2213 -135.4771
v  1.9016 -0.3050 -135.4442
v  -4.3196 -23.5228 -149.7429
v  -4.3233 -23.5367 -149.8347
v  -3.5468 -23.7447 -149.8347
v  -3.5431 -23.7309 -149.7429
v  4.3763 -1.0575 -137.5550
v  2.9107 -0.6648 -135.5757
v  2.8885 -0.7480 -135.6100
v  4.3540 -1.1406 -137.5894
v  9.3441 23.3450 -149.8085
v  10.3660 21.2966 -150.7982
v  9.3479 23.3589 -149.9001
v  10.3698 21.3106 -150.8898
v  4.4731 -1.0834 -138.0299
v  4.4731 -1.0834 -137.7858
v  4.4509 -1.1665 -138.0643
v  4.4509 -1.1665 -137.8202
v  10.4112 21.0776 -150.9136
v  10.3565 20.8735 -151.0356
v  10.4149 21.0916 -151.0052
v  10.3602 20.8874 -151.1272
v  0.2256 0.0445 -138.0800
v  4.3043 -1.0484 -138.0800
v  0.2002 -0.0506 -138.1193
v  4.2788 -1.1434 -138.1193
v  10.1801 20.8807 -151.0686
v  6.1015 21.9735 -151.0686
v  10.1844 20.8966 -151.1733
v  6.1058 21.9895 -151.1733
v  1.6242 -0.3201 -135.5757
v  0.1587 0.0726 -137.5550
v  1.6020 -0.4033 -135.6100
v  0.1364 -0.0105 -137.5894
v  6.1485 22.4267 -150.7982
v  8.0576 23.6897 -149.8085
v  8.0614 23.7036 -149.9001
v  6.1522 22.4407 -150.8898
v  -3.2477 -23.6483 -149.7327
v  -1.3385 -22.3854 -150.7223
v  -3.2291 -23.5791 -149.6734
v  -1.3200 -22.3162 -150.6629
v  -1.1899 -22.2183 -150.8377
v  -1.1352 -22.0141 -150.9597
v  -1.1714 -22.1491 -150.7783
v  -1.1167 -21.9450 -150.9003
v  -1.2892 -21.9236 -150.9771
v  -5.3678 -20.8307 -150.9771
v  -1.2681 -21.8448 -150.9094
v  -5.3467 -20.7519 -150.9094
v  -5.5561 -21.2553 -150.7223
v  -4.5342 -23.3036 -149.7327
v  -4.5156 -23.2344 -149.6734
v  -5.5376 -21.1861 -150.6629
v  0.0619 0.0986 -137.8492
v  0.0619 0.0986 -137.9665
v  0.0396 0.0155 -137.8836
v  0.0396 0.0155 -138.0009
v  5.9594 22.1085 -151.0039
v  5.9857 22.2066 -150.9453
v  5.9894 22.2205 -151.0369
v  5.9631 22.1224 -151.0955
v  -5.5607 -20.8852 -150.9280
v  -5.5870 -20.9832 -150.8694
v  -5.5685 -20.9141 -150.8100
v  -5.5422 -20.8160 -150.8686
v  8.3419 23.7308 -149.7431
v  9.1185 23.5227 -149.7431
v  8.3457 23.7447 -149.8347
v  9.1222 23.5367 -149.8347
v  2.6557 -0.5965 -135.4449
v  1.8792 -0.3884 -135.4449
v  2.6335 -0.6797 -135.4792
v  1.8569 -0.4716 -135.4792
v  -4.3085 -23.4813 -149.6673
v  -3.5320 -23.6894 -149.6673
v  -4.2900 -23.4122 -149.6081
v  -3.5134 -23.6202 -149.6081
v  10.3698 21.3106 -151.0058
v  9.3479 23.3589 -150.0182
v  10.4149 21.0915 -151.1210
v  10.3602 20.8875 -151.2427
v  6.1058 21.9895 -151.2926
v  10.1844 20.8966 -151.2926
v  5.9894 22.2205 -151.1526
v  5.9631 22.1225 -151.2111
v  -4.3233 -23.5367 -149.9529
v  -3.5468 -23.7447 -149.9529
v  -5.5709 -21.3106 -151.0058
v  -4.5490 -23.3589 -150.0182
v  4.5162 -0.8179 -137.7479
v  4.4836 -0.8090 -137.6927
v  4.4591 -0.9006 -137.6385
v  4.4918 -0.9093 -137.6937
v  5.9994 22.1532 -150.6644
v  6.0444 22.1905 -150.6367
v  6.0689 22.2821 -150.6910
v  6.0239 22.2447 -150.7186
v  10.4166 21.2024 -151.0590
v  10.3963 21.2574 -151.0315
v  10.3963 21.2573 -150.9155
v  10.4166 21.2024 -150.9431
v  -5.6177 -21.2024 -151.0590
v  -5.5974 -21.2574 -151.0315
v  -5.5974 -21.2574 -150.9155
v  -5.6177 -21.2024 -150.9431
v  -1.2019 -22.1583 -150.6621
v  -1.2469 -22.1956 -150.6344
v  -1.2704 -22.2834 -150.6887
v  -1.2253 -22.2460 -150.7163
v  0.0422 -0.0792 -137.7502
v  0.0749 -0.0882 -137.6950
v  0.0984 -0.0003 -137.6409
v  0.0657 0.0085 -137.6961
v  4.4470 -1.0764 -137.6617
v  4.4144 -1.0677 -137.6065
v  4.3921 -1.1508 -137.6409
v  4.4247 -1.1595 -137.6961
v  0.0684 0.0968 -137.7215
v  0.0619 0.0986 -137.7858
v  0.0396 0.0155 -137.8202
v  0.0461 0.0137 -137.7559
v  10.4191 21.1332 -150.8814
v  10.4228 21.1472 -150.9730
v  6.0538 22.3564 -150.8515
v  6.0988 22.3939 -150.8239
v  6.1026 22.4078 -150.9155
v  6.0576 22.3704 -150.9431
v  -1.2550 -22.3566 -150.8512
v  -1.3000 -22.3940 -150.8236
v  -1.3037 -22.4079 -150.9155
v  -1.2587 -22.3704 -150.9431
v  -5.6202 -21.1333 -150.8811
v  -5.6123 -21.0777 -150.9133
v  -5.6160 -21.0916 -151.0052
v  -5.6239 -21.1472 -150.9730
v  4.4367 -0.9843 -137.6057
v  4.4694 -0.9930 -137.6609
v  0.1132 0.2639 -137.7535
v  0.1066 0.2656 -137.8179
v  0.0842 0.1820 -137.7850
v  0.0907 0.1802 -137.7207
v  10.3891 21.0214 -150.7485
v  10.4078 21.0913 -150.8065
v  6.0876 22.3520 -150.7491
v  6.0426 22.3145 -150.7766
v  -1.2889 -22.3526 -150.7480
v  -1.2439 -22.3151 -150.7756
v  -5.5906 -21.0227 -150.7462
v  -5.5827 -20.9671 -150.7783
v  -5.6012 -21.0363 -150.8377
v  -5.6091 -21.0919 -150.8055
v  10.3584 20.9853 -150.6644
v  10.3380 21.0401 -150.6367
v  10.3829 21.0767 -150.7186
v  10.3626 21.1316 -150.6910
v  0.1573 0.3501 -137.7479
v  0.1900 0.3415 -137.6927
v  0.1327 0.2586 -137.6937
v  0.1654 0.2499 -137.6385
v  4.4012 -1.2472 -137.7502
v  4.3685 -1.2387 -137.6950
v  -5.5609 -20.9903 -150.6621
v  -5.5405 -21.0451 -150.6344
v  -5.5844 -21.0780 -150.7163
v  -5.5641 -21.1329 -150.6887
v  6.1026 22.4079 -151.0315
v  6.0576 22.3704 -151.0590
v  -1.3037 -22.4079 -151.0315
v  -1.2587 -22.3704 -151.0590
v  4.5358 -0.8234 -137.8076
v  4.5114 -0.9146 -137.7535
v  5.9664 22.1086 -150.6945
v  5.9909 22.1999 -150.7485
v  5.9455 22.0566 -150.7269
v  5.9699 22.1478 -150.7807
v  10.4228 21.1471 -151.0889
v  -5.6239 -21.1471 -151.0889
v  -5.6160 -21.0915 -151.1210
v  -1.1689 -22.1137 -150.6922
v  -1.1924 -22.2012 -150.7462
v  0.0227 -0.0738 -137.8100
v  0.0162 -0.0718 -137.8743
v  4.4666 -1.0817 -137.7215
v  4.4443 -1.1648 -137.7559
v  0.0880 0.0916 -137.6617
v  0.1206 0.0828 -137.6065
v  10.4129 21.1884 -150.8515
v  10.3926 21.2434 -150.8239
v  6.0208 22.3117 -150.8814
v  6.0246 22.3256 -150.9730
v  5.9999 22.2596 -150.9136
v  6.0036 22.2735 -151.0052
v  -1.2220 -22.3118 -150.8811
v  -1.2257 -22.3257 -150.9730
v  -5.6140 -21.1886 -150.8512
v  -5.5937 -21.2435 -150.8236
v  4.4890 -0.9983 -137.7207
v  0.1103 0.1750 -137.6609
v  0.1430 0.1662 -137.6057
v  10.4016 21.1465 -150.7766
v  10.3814 21.2014 -150.7491
v  6.0096 22.2698 -150.8065
v  5.9886 22.2177 -150.8387
v  -1.2109 -22.2704 -150.8055
v  -5.6029 -21.1471 -150.7756
v  -5.5826 -21.2020 -150.7480
v  10.3646 20.9301 -150.6945
v  0.1376 0.3551 -137.8076
v  0.1310 0.3566 -137.8720
v  4.4209 -1.2523 -137.8100
v  -5.5671 -20.9352 -150.6922
v  -5.5592 -20.8797 -150.7245
v  6.0246 22.3256 -151.0889
v  6.0036 22.2735 -151.1210
v  -1.2257 -22.3256 -151.0889
v  4.5313 -0.8235 -138.1707
v  4.5072 -0.9135 -138.1175
v  0.1736 0.3440 -138.2040
v  0.2273 0.3296 -138.2151
v  0.2032 0.2398 -138.1619
v  0.1496 0.2541 -138.1508
v  10.3370 20.8438 -151.2705
v  10.3370 20.8438 -151.1550
v  5.9719 21.9836 -151.2871
v  6.0231 21.9599 -151.2926
v  6.0231 21.9599 -151.1772
v  5.9719 21.9836 -151.1716
v  -1.0919 -21.8095 -150.8748
v  -1.1150 -21.8957 -150.9281
v  -5.4421 -20.6141 -150.8916
v  -5.3859 -20.6192 -150.8972
v  -5.4090 -20.7052 -150.9503
v  -5.4651 -20.7002 -150.9448
v  5.9570 21.9277 -151.0052
v  6.0081 21.9040 -151.0107
v  5.9894 21.8341 -150.9527
v  5.9382 21.8578 -150.9471
v  -5.4948 -20.8108 -151.0798
v  -5.4386 -20.8158 -151.0853
v  -5.4423 -20.8297 -151.1772
v  -5.4985 -20.8246 -151.1716
v  0.1048 0.0871 -138.1188
v  0.1585 0.0727 -138.1299
v  0.1362 -0.0104 -138.1643
v  0.0825 0.0040 -138.1532
v  10.2936 20.8106 -151.0800
v  10.2374 20.8157 -151.0856
v  10.2412 20.8297 -151.1772
v  10.2973 20.8246 -151.1716
v  -1.1582 -21.9283 -151.0041
v  -1.2094 -21.9046 -151.0097
v  -1.1909 -21.8355 -150.9503
v  -1.1397 -21.8592 -150.9448
v  4.4526 -0.9885 -138.1180
v  4.3989 -0.9742 -138.1291
v  4.4213 -0.8905 -138.1619
v  4.4750 -0.9048 -138.1508
v  6.0194 21.9459 -151.0856
v  5.9682 21.9696 -151.0800
v  -5.4275 -20.7744 -151.0097
v  -5.4836 -20.7693 -151.0041
v  0.1808 0.1561 -138.1291
v  0.1271 0.1705 -138.1180
v  10.2637 20.6988 -150.9471
v  10.2075 20.7039 -150.9527
v  10.2262 20.7738 -151.0107
v  10.2824 20.7687 -151.0052
v  -1.1730 -21.9836 -151.1716
v  -1.2242 -21.9599 -151.1772
v  -1.2205 -21.9461 -151.0853
v  -1.1693 -21.9697 -151.0798
v  4.4079 -1.1550 -138.1532
v  4.3543 -1.1406 -138.1643
v  4.3765 -1.0575 -138.1299
v  4.4302 -1.0719 -138.1188
v  10.2792 20.6282 -150.8771
v  10.3033 20.7181 -150.9305
v  5.9142 21.7680 -150.8939
v  5.9653 21.7443 -150.8995
v  4.4170 -1.2499 -138.1730
v  4.4401 -1.1636 -138.1198
v  0.0595 -0.0821 -138.2063
v  0.1131 -0.0965 -138.2175
v  -1.1483 -22.0201 -151.1550
v  -1.1483 -22.0201 -151.2705
v  -5.4423 -20.8297 -151.2926
v  -5.4985 -20.8246 -151.2871
v  4.4990 -0.8150 -138.2040
v  4.4454 -0.8007 -138.2151
v  0.1415 0.3527 -138.1707
v  0.1174 0.2628 -138.1175
v  0.1308 0.3558 -138.1151
v  0.1066 0.2657 -138.0619
v  10.2973 20.8246 -151.2871
v  10.2412 20.8297 -151.2926
v  5.9472 22.0201 -151.2705
v  5.9472 22.0201 -151.1550
v  5.9489 22.0695 -151.2427
v  5.9489 22.0694 -151.1272
v  -1.1166 -21.7731 -150.8916
v  -1.1678 -21.7494 -150.8972
v  -5.4817 -20.6333 -150.8748
v  -5.5048 -20.7194 -150.9281
v  -5.5049 -20.6768 -150.8468
v  -5.5280 -20.7630 -150.9003
v  5.9322 21.9642 -150.9885
v  5.9135 21.8943 -150.9305
v  5.9339 22.0135 -150.9607
v  5.9152 21.9437 -150.9027
v  -5.5344 -20.8300 -151.0631
v  -5.5381 -20.8438 -151.1550
v  -5.5576 -20.8736 -151.0353
v  -5.5613 -20.8874 -151.1272
v  0.0726 0.0957 -138.0854
v  0.0503 0.0126 -138.1198
v  0.0619 0.0986 -138.0299
v  0.0396 0.0155 -138.0643
v  10.3333 20.8299 -151.0634
v  -1.1335 -21.9648 -150.9875
v  4.4848 -0.9972 -138.0846
v  5.9435 22.0061 -151.0634
v  5.9452 22.0554 -151.0356
v  -5.5233 -20.7885 -150.9875
v  -5.5465 -20.8321 -150.9597
v  0.0949 0.1791 -138.0846
v  0.0842 0.1820 -138.0291
v  10.3220 20.7879 -150.9885
v  -1.1446 -22.0063 -151.0631
v  4.4624 -1.0806 -138.0854
v  10.2396 20.6090 -150.8939
v  10.1834 20.6141 -150.8995
v  5.8894 21.8044 -150.8771
v  5.8911 21.8537 -150.8492
v  4.3849 -1.2411 -138.2063
v  4.3312 -1.2267 -138.2175
v  0.0272 -0.0736 -138.1730
v  0.0164 -0.0709 -138.1175
v  -1.1730 -21.9836 -151.2871
v  -1.2242 -21.9599 -151.2926
v  -5.5381 -20.8439 -151.2705
v  -5.5613 -20.8875 -151.2427
v  8.1617 23.5451 -149.5559
v  8.2239 23.5364 -149.5514
v  8.2504 23.6355 -149.6102
v  8.1883 23.6442 -149.6146
v  1.7096 -0.5343 -135.5468
v  1.7698 -0.5505 -135.5380
v  1.7954 -0.4551 -135.4792
v  1.7352 -0.4390 -135.4881
v  -4.4431 -23.4967 -149.9573
v  -4.3849 -23.5202 -149.9529
v  -4.3849 -23.5202 -149.8347
v  -4.4431 -23.4967 -149.8392
v  2.8488 -0.3629 -135.5447
v  2.7886 -0.3468 -135.5359
v  2.7621 -0.4459 -135.4771
v  2.8223 -0.4620 -135.4859
v  9.2420 23.4967 -149.9573
v  9.1838 23.5202 -149.9529
v  9.1838 23.5202 -149.8347
v  9.2420 23.4967 -149.8392
v  -3.3641 -23.5501 -149.5537
v  -3.4263 -23.5413 -149.5493
v  -3.4519 -23.6367 -149.6081
v  -3.3897 -23.6455 -149.6125
v  8.2182 23.7560 -149.7475
v  8.2804 23.7473 -149.7431
v  8.2841 23.7612 -149.8347
v  8.2220 23.7700 -149.8392
v  1.7798 -0.2724 -135.4530
v  1.8400 -0.2885 -135.4442
v  1.8624 -0.2048 -135.4771
v  1.8023 -0.1887 -135.4859
v  -4.4283 -23.4413 -149.6717
v  -4.3700 -23.4648 -149.6673
v  -4.3515 -23.3957 -149.6081
v  -4.4097 -23.3722 -149.6125
v  2.7775 -0.6291 -135.4538
v  2.7173 -0.6130 -135.4449
v  2.6950 -0.6962 -135.4792
v  2.7552 -0.7123 -135.4881
v  9.2270 23.4408 -149.6727
v  9.1688 23.4643 -149.6683
v  9.1501 23.3944 -149.6102
v  9.2083 23.3709 -149.6146
v  -3.4194 -23.7562 -149.7473
v  -3.4815 -23.7474 -149.7429
v  -3.4852 -23.7612 -149.8347
v  -3.4231 -23.7700 -149.8392
v  8.2692 23.7053 -149.6683
v  8.2070 23.7141 -149.6727
v  1.8177 -0.3719 -135.4449
v  1.7575 -0.3558 -135.4538
v  -4.3812 -23.5063 -149.7429
v  -4.4394 -23.4828 -149.7473
v  2.7397 -0.5296 -135.4442
v  2.7998 -0.5457 -135.4530
v  9.1800 23.5062 -149.7431
v  9.2382 23.4827 -149.7475
v  -3.4704 -23.7059 -149.6673
v  -3.4082 -23.7146 -149.6717
v  1.8288 -0.0896 -135.5447
v  1.8890 -0.1057 -135.5359
v  -4.3842 -23.2768 -149.5537
v  -4.3259 -23.3003 -149.5493
v  9.1817 23.2718 -149.5559
v  9.1235 23.2953 -149.5514
v  2.7297 -0.8076 -135.5468
v  2.6695 -0.7915 -135.5380
v  8.2841 23.7612 -149.9529
v  8.2220 23.7700 -149.9573
v  -3.4852 -23.7612 -149.9529
v  -3.4231 -23.7700 -149.9573
v  8.1040 23.5369 -149.5692
v  8.1306 23.6360 -149.6279
v  8.0507 23.5118 -149.5913
v  8.0773 23.6107 -149.6499
v  1.6579 -0.5204 -135.5733
v  1.6834 -0.4251 -135.5145
v  1.6145 -0.5086 -135.6173
v  1.6400 -0.4135 -135.5586
v  -4.4890 -23.4607 -149.9705
v  -4.4889 -23.4607 -149.8524
v  -4.5225 -23.4121 -149.9925
v  -4.5224 -23.4122 -149.8744
v  2.9006 -0.3769 -135.5711
v  2.8741 -0.4759 -135.5124
v  2.9440 -0.3887 -135.6152
v  2.9174 -0.4875 -135.5565
v  9.2878 23.4606 -149.9705
v  9.2878 23.4607 -149.8524
v  9.3213 23.4121 -149.9925
v  9.3213 23.4122 -149.8744
v  -3.3064 -23.5419 -149.5670
v  -3.3320 -23.6372 -149.6257
v  -3.2531 -23.5168 -149.5892
v  -3.2787 -23.6120 -149.6477
v  8.1605 23.7478 -149.7608
v  8.1642 23.7617 -149.8524
v  8.1072 23.7225 -149.7828
v  8.1110 23.7365 -149.8744
v  1.7280 -0.2585 -135.4795
v  1.7505 -0.1748 -135.5124
v  1.6847 -0.2469 -135.5236
v  1.7071 -0.1632 -135.5565
v  -4.4741 -23.4053 -149.6850
v  -4.4556 -23.3362 -149.6257
v  -4.5076 -23.3568 -149.7070
v  -4.4891 -23.2876 -149.6477
v  2.8293 -0.6430 -135.4802
v  2.8070 -0.7262 -135.5145
v  2.8727 -0.6546 -135.5243
v  2.8504 -0.7378 -135.5586
v  9.2729 23.4048 -149.6859
v  9.2541 23.3349 -149.6279
v  9.3064 23.3563 -149.7080
v  9.2876 23.2864 -149.6499
v  -3.3616 -23.7479 -149.7605
v  -3.3654 -23.7617 -149.8524
v  -3.3084 -23.7226 -149.7826
v  -3.3121 -23.7365 -149.8744
v  8.1493 23.7058 -149.6859
v  8.0960 23.6806 -149.7080
v  1.7057 -0.3419 -135.4802
v  1.6623 -0.3303 -135.5243
v  -4.4852 -23.4468 -149.7605
v  -4.5187 -23.3983 -149.7826
v  2.8516 -0.5596 -135.4795
v  2.8950 -0.5712 -135.5236
v  9.2841 23.4467 -149.7608
v  9.3176 23.3982 -149.7828
v  -3.3505 -23.7064 -149.6850
v  -3.2973 -23.6811 -149.7070
v  1.7770 -0.0758 -135.5711
v  1.7335 -0.0643 -135.6152
v  -4.4301 -23.2408 -149.5670
v  -4.4636 -23.1924 -149.5892
v  9.2276 23.2359 -149.5692
v  9.2612 23.1875 -149.5913
v  2.7815 -0.8214 -135.5733
v  2.8250 -0.8329 -135.6173
v  8.1642 23.7617 -149.9705
v  8.1110 23.7365 -149.9925
v  -3.3653 -23.7617 -149.9705
v  -3.3121 -23.7365 -149.9925
v  4.3756 -0.7820 -138.2151
v  10.1137 20.6328 -150.8995
v  6.0351 21.7256 -150.8995
v  0.2970 0.3109 -138.2151
v  6.0928 21.9412 -151.2926
v  -1.2376 -21.7307 -150.8972
v  4.2615 -1.2080 -138.2175
v  0.1829 -0.1151 -138.2175
v  -5.3162 -20.6379 -150.8972
v  -1.2940 -21.9412 -151.2926
v  0.2730 0.2211 -138.1619
v  0.2505 0.1374 -138.1291
v  4.3292 -0.9555 -138.1291
v  4.3516 -0.8718 -138.1619
v  10.1378 20.7226 -150.9527
v  10.1565 20.7924 -151.0107
v  6.0779 21.8853 -151.0107
v  6.0591 21.8154 -150.9527
v  -1.2940 -21.9412 -151.1772
v  -1.2903 -21.9274 -151.0853
v  -5.3689 -20.8345 -151.0853
v  -5.3726 -20.8484 -151.1772
v  0.2282 0.0540 -138.1299
v  4.3068 -1.0389 -138.1299
v  0.2059 -0.0291 -138.1643
v  4.2845 -1.1220 -138.1643
v  10.1677 20.8344 -151.0856
v  6.0891 21.9272 -151.0856
v  10.1715 20.8483 -151.1772
v  6.0928 21.9412 -151.1772
v  -1.2791 -21.8859 -151.0097
v  -5.3578 -20.7931 -151.0097
v  -1.2606 -21.8168 -150.9503
v  -5.3392 -20.7239 -150.9503
v  10.1715 20.8483 -151.2926
v  -5.3726 -20.8484 -151.2926
v  -16.0521 19.6616 -164.2541
v  -2.0777 -0.2960 -150.3035
v  -0.8309 0.5684 -152.2784
v  -13.8304 19.1336 -165.2478
v  -13.5134 18.8558 -165.4862
v  -13.6339 19.0279 -165.3639
v  -0.7482 0.6253 -152.5090
v  -0.7477 0.6245 -152.7521
v  -13.6191 18.7066 -165.4931
v  -0.9028 0.5458 -152.8087
v  -4.3617 -1.8761 -152.8087
v  -17.0779 16.2846 -165.4931
v  -1.8141 -0.6724 -150.3056
v  11.6305 -19.8732 -164.2520
v  11.8943 -17.6050 -165.2455
v  -0.5755 0.2037 -152.2807
v  -0.4943 0.2627 -152.7544
v  -0.4938 0.2619 -152.5113
v  11.8622 -17.3842 -165.3615
v  11.7417 -17.2121 -165.4838
v  -0.6209 0.1432 -152.8115
v  11.5657 -17.2611 -165.4912
v  8.1069 -19.6830 -165.4912
v  -4.0797 -2.2787 -152.8115
v  -17.2856 16.2810 -165.4544
v  -4.4888 -1.9947 -152.6889
v  -4.4890 -1.9944 -152.5721
v  -17.3435 16.3637 -165.3956
v  -4.2351 -2.3570 -152.6913
v  8.0320 -19.8763 -165.4521
v  8.0899 -19.9590 -165.3933
v  -4.2349 -2.3573 -152.5745
v  -2.2942 -0.4470 -150.1729
v  -16.3331 19.6026 -164.1884
v  -16.9917 19.1415 -164.1884
v  -2.9528 -0.9081 -150.1729
v  11.4789 -20.1171 -164.1863
v  -2.0301 -0.8242 -150.1750
v  -2.6887 -1.2853 -150.1750
v  10.8204 -20.5783 -164.1863
v  -3.1688 -1.0600 -150.3035
v  -17.1432 18.8975 -164.2541
v  -17.4070 16.6292 -165.2478
v  -4.4075 -1.9360 -152.2784
v  10.5393 -20.6373 -164.2520
v  -2.9052 -1.4364 -150.3056
v  -4.1521 -2.3007 -152.2807
v  8.3177 -20.1094 -165.2455
v  12.0205 -17.7851 -165.6428
v  11.7608 -20.0594 -164.6552
v  11.7612 -20.0556 -193.6542
v  12.0200 -17.7889 -193.6542
v  11.8668 -17.3908 -165.8797
v  11.9879 -17.5638 -165.7580
v  11.9842 -17.5585 -193.6542
v  11.8705 -17.3961 -193.6542
v  11.7047 -17.4595 -165.9296
v  11.7047 -17.4595 -193.6542
v  8.2458 -19.8815 -193.6542
v  8.2458 -19.8815 -165.9296
v  8.1573 -20.0552 -165.8481
v  8.1591 -20.0578 -193.6542
v  8.2137 -20.1358 -193.6542
v  8.2155 -20.1383 -165.7896
v  -16.4667 19.7933 -164.5899
v  -16.4667 19.7933 -193.6542
v  -17.1252 19.3322 -193.6542
v  -17.1252 19.3322 -164.5899
v  -17.5362 16.8137 -165.6428
v  -17.2765 19.0879 -164.6552
v  -17.2769 19.0842 -193.6542
v  -17.5357 16.8174 -193.6542
v  -0.7266 0.4196 -152.1912
v  -0.7763 0.4906 -152.2241
v  -2.0191 -0.3797 -150.2449
v  -1.9694 -0.4507 -150.2120
v  -13.9263 19.2707 -165.3603
v  -16.1523 19.8045 -164.3707
v  -16.1108 19.7453 -164.3126
v  -13.8848 19.2114 -165.3023
v  -0.6445 0.4771 -152.6661
v  -0.6942 0.5481 -152.6989
v  -0.6942 0.5481 -152.4549
v  -0.6445 0.4771 -152.4220
v  -13.7295 19.1645 -165.4757
v  -13.6880 19.1052 -165.4176
v  -13.5668 18.9321 -165.5397
v  -13.6083 18.9913 -165.5977
v  -4.2495 -2.0363 -152.7160
v  -4.3064 -1.9551 -152.7535
v  -0.8475 0.4669 -152.7535
v  -0.7907 0.3857 -152.7160
v  -13.7218 18.8532 -165.6146
v  -13.6744 18.7855 -165.5482
v  -17.1332 16.3636 -165.5482
v  -17.1806 16.4313 -165.6146
v  -4.3033 -2.0848 -152.1912
v  -3.0605 -1.2146 -150.2120
v  -3.1102 -1.1436 -150.2449
v  -4.3530 -2.0139 -152.2241
v  -17.5030 16.7662 -165.3603
v  -17.4615 16.7070 -165.3023
v  -17.2018 18.9813 -164.3126
v  -17.2433 19.0406 -164.3707
v  12.0123 -17.7734 -165.4349
v  11.7526 -20.0477 -164.4453
v  11.7608 -20.0594 -164.5371
v  12.0205 -17.7851 -165.5268
v  11.9797 -17.5521 -165.5503
v  11.9880 -17.5639 -165.6422
v  11.8667 -17.3908 -165.7642
v  11.8585 -17.3790 -165.6723
v  11.6953 -17.4462 -165.7056
v  11.7047 -17.4595 -165.8103
v  8.2458 -19.8815 -165.8103
v  8.2365 -19.8681 -165.7056
v  8.4355 -20.2778 -165.4349
v  8.4438 -20.2895 -165.5268
v  10.6698 -20.8234 -164.5371
v  10.6615 -20.8117 -164.4453
v  -4.3854 -2.1423 -152.6027
v  -4.3854 -2.1423 -152.4854
v  -4.4351 -2.0714 -152.5183
v  -4.4351 -2.0714 -152.6355
v  -17.3807 16.4169 -165.5660
v  -17.3392 16.3576 -165.5080
v  -17.3975 16.4408 -165.4494
v  -17.4390 16.5000 -165.5074
v  8.1490 -20.0435 -165.6406
v  8.1573 -20.0552 -165.7325
v  8.2155 -20.1384 -165.6738
v  8.2073 -20.1266 -165.5820
v  -17.0920 19.2848 -164.3053
v  -17.0505 19.2256 -164.2472
v  -16.3920 19.6867 -164.2472
v  -16.4335 19.7459 -164.3053
v  -2.1857 -0.6021 -150.0812
v  -2.2354 -0.5311 -150.1141
v  -2.8939 -0.9922 -150.1141
v  -2.8442 -1.0632 -150.0812
v  10.9428 -20.7530 -164.3799
v  10.9510 -20.7648 -164.4717
v  11.6095 -20.3036 -164.4717
v  11.6013 -20.2919 -164.3799
v  -0.6771 0.3489 -152.1920
v  -1.9199 -0.5214 -150.2127
v  -1.8705 -0.5919 -150.2470
v  -0.6277 0.2784 -152.2264
v  -16.1772 19.8401 -164.4455
v  -13.9512 19.3062 -165.4352
v  -16.1855 19.8519 -164.5371
v  -13.9595 19.3181 -165.5268
v  -0.5950 0.4064 -152.6669
v  -0.5950 0.4064 -152.4228
v  -0.5456 0.3359 -152.7013
v  -0.5456 0.3359 -152.4572
v  -13.7544 19.2000 -165.5506
v  -13.6332 19.0269 -165.6726
v  -13.7627 19.2119 -165.6422
v  -13.6415 19.0387 -165.7642
v  -4.1892 -2.1224 -152.7169
v  -0.7304 0.2996 -152.7169
v  -4.1328 -2.2030 -152.7563
v  -0.6739 0.2189 -152.7563
v  -13.7520 18.8965 -165.7056
v  -17.2109 16.4745 -165.7056
v  -13.7615 18.9100 -165.8103
v  -17.2204 16.4881 -165.8103
v  -3.0109 -1.2853 -150.2127
v  -4.2538 -2.1556 -152.1920
v  -2.9616 -1.3559 -150.2470
v  -4.2044 -2.2260 -152.2264
v  -17.5279 16.8018 -165.4352
v  -17.2682 19.0761 -164.4455
v  -17.2765 19.0880 -164.5371
v  -17.5362 16.8136 -165.5268
v  11.7279 -20.0125 -164.3697
v  11.9876 -17.7382 -165.3593
v  11.6868 -19.9538 -164.3104
v  11.9466 -17.6796 -165.2999
v  11.9551 -17.5170 -165.4747
v  11.8339 -17.3439 -165.5967
v  11.9141 -17.4583 -165.4153
v  11.7929 -17.2852 -165.5373
v  11.6655 -17.4036 -165.6140
v  8.2067 -19.8255 -165.6140
v  11.6187 -17.3368 -165.5463
v  8.1599 -19.7587 -165.5463
v  8.4109 -20.2426 -165.3593
v  10.6369 -20.7765 -164.3697
v  10.5958 -20.7178 -164.3104
v  8.3699 -20.1840 -165.2999
v  -4.3359 -2.2131 -152.4862
v  -4.3359 -2.2131 -152.6035
v  -4.2866 -2.2835 -152.5206
v  -4.2866 -2.2835 -152.6379
v  -17.4056 16.4524 -165.6409
v  -17.4639 16.5356 -165.5822
v  -17.4722 16.5474 -165.6738
v  -17.4139 16.4642 -165.7325
v  8.1244 -20.0083 -165.5650
v  8.1827 -20.0915 -165.5064
v  8.1416 -20.0328 -165.4470
v  8.0834 -19.9497 -165.5056
v  -17.1169 19.3203 -164.3801
v  -16.4584 19.7814 -164.3801
v  -17.1252 19.3322 -164.4717
v  -16.4667 19.7933 -164.4717
v  -2.1362 -0.6728 -150.0819
v  -2.7947 -1.1339 -150.0819
v  -2.0868 -0.7433 -150.1162
v  -2.7453 -1.2044 -150.1162
v  10.9181 -20.7178 -164.3043
v  11.5766 -20.2567 -164.3043
v  10.8770 -20.6592 -164.2450
v  11.5356 -20.1980 -164.2450
v  -13.9595 19.3181 -165.6428
v  -16.1854 19.8519 -164.6552
v  -13.7627 19.2118 -165.7580
v  -13.6415 19.0388 -165.8797
v  -17.2204 16.4881 -165.9296
v  -13.7615 18.9100 -165.9296
v  -17.4722 16.5474 -165.7896
v  -17.4139 16.4643 -165.8481
v  10.9510 -20.7648 -164.5899
v  11.6095 -20.3036 -164.5899
v  8.4438 -20.2896 -165.6428
v  10.6697 -20.8234 -164.6552
v  -0.7706 0.6101 -152.3849
v  -0.7985 0.5908 -152.3297
v  -0.7440 0.5132 -152.2755
v  -0.7163 0.5326 -152.3307
v  -17.4142 16.5118 -165.3014
v  -17.4138 16.5703 -165.2736
v  -17.4682 16.6479 -165.3280
v  -17.4685 16.5893 -165.3556
v  -13.8465 19.2844 -165.6960
v  -13.9016 19.3042 -165.6684
v  -13.9016 19.3042 -165.5525
v  -13.8465 19.2844 -165.5801
v  8.3308 -20.2559 -165.6960
v  8.3859 -20.2757 -165.6684
v  8.3859 -20.2757 -165.5525
v  8.3308 -20.2559 -165.5801
v  11.9015 -17.4876 -165.2991
v  11.9011 -17.5461 -165.2713
v  11.9533 -17.6205 -165.3256
v  11.9536 -17.5619 -165.3532
v  -4.2123 -2.3424 -152.3872
v  -4.1845 -2.3231 -152.3320
v  -4.2367 -2.2487 -152.2778
v  -4.2644 -2.2680 -152.3331
v  -0.6171 0.3909 -152.2986
v  -0.6448 0.3715 -152.2434
v  -0.5954 0.3010 -152.2778
v  -0.5678 0.3204 -152.3331
v  -4.3304 -2.2092 -152.3584
v  -4.3359 -2.2131 -152.4228
v  -4.2866 -2.2835 -152.4572
v  -4.2810 -2.2797 -152.3928
v  -13.7919 19.2418 -165.5184
v  -13.8002 19.2536 -165.6100
v  -17.5349 16.6841 -165.4885
v  -17.5346 16.7427 -165.4609
v  -17.5429 16.7545 -165.5525
v  -17.5432 16.6960 -165.5801
v  12.0193 -17.6557 -165.4882
v  12.0190 -17.7143 -165.4606
v  12.0272 -17.7260 -165.5525
v  12.0275 -17.6675 -165.5801
v  8.2763 -20.2134 -165.5181
v  8.2388 -20.1716 -165.5503
v  8.2470 -20.1833 -165.6422
v  8.2845 -20.2251 -165.6100
v  -0.6943 0.4422 -152.2427
v  -0.6666 0.4616 -152.2979
v  -4.4296 -2.0675 -152.3905
v  -4.4351 -2.0714 -152.4549
v  -4.3854 -2.1423 -152.4220
v  -4.3799 -2.1385 -152.3577
v  -13.7255 19.1470 -165.3855
v  -13.7670 19.2062 -165.4435
v  -17.5097 16.7071 -165.3860
v  -17.5100 16.6486 -165.4136
v  11.9944 -17.6791 -165.3850
v  11.9946 -17.6206 -165.4126
v  8.2106 -20.1196 -165.3831
v  8.1731 -20.0778 -165.4153
v  8.2141 -20.1364 -165.4747
v  8.2517 -20.1782 -165.4425
v  -13.7176 19.1002 -165.3014
v  -13.7726 19.1199 -165.2736
v  -13.7718 19.1778 -165.3556
v  -13.8269 19.1976 -165.3280
v  -4.4673 -1.9783 -152.3849
v  -4.4396 -1.9587 -152.3297
v  -4.4130 -2.0559 -152.3307
v  -4.3853 -2.0365 -152.2755
v  -0.5157 0.2460 -152.3872
v  -0.5433 0.2264 -152.3320
v  8.2049 -20.0760 -165.2991
v  8.2600 -20.0956 -165.2713
v  8.2569 -20.1504 -165.3532
v  8.3120 -20.1701 -165.3256
v  -13.8478 19.2842 -193.6542
v  -13.9055 19.3051 -193.6542
v  8.3321 -20.2557 -193.6542
v  8.3898 -20.2766 -193.6542
v  -17.5429 16.7546 -165.6684
v  -17.5432 16.6960 -165.6960
v  12.0272 -17.7260 -165.6684
v  12.0275 -17.6675 -165.6960
v  -0.7539 0.6216 -152.4446
v  -0.6997 0.5442 -152.3905
v  -17.4012 16.4579 -165.3315
v  -17.4554 16.5353 -165.3855
v  -17.3748 16.4084 -165.3638
v  -17.4290 16.4857 -165.4176
v  -13.8002 19.2536 -165.7258
v  8.2845 -20.2251 -165.7258
v  8.2470 -20.1833 -165.7580
v  11.8885 -17.4336 -165.3291
v  11.9405 -17.5079 -165.3831
v  -4.2291 -2.3538 -152.4469
v  -4.2348 -2.3575 -152.5113
v  -0.6005 0.4025 -152.3584
v  -0.5511 0.3320 -152.3928
v  -4.3138 -2.1976 -152.2986
v  -4.2861 -2.1782 -152.2434
v  -13.8382 19.2726 -165.4885
v  -13.8933 19.2924 -165.4609
v  -17.5218 16.6301 -165.5184
v  -17.5301 16.6419 -165.6100
v  -17.4954 16.5805 -165.5506
v  -17.5037 16.5924 -165.6422
v  12.0062 -17.6017 -165.5181
v  12.0144 -17.6134 -165.6100
v  8.3226 -20.2442 -165.4882
v  8.3777 -20.2639 -165.4606
v  -0.6500 0.4732 -152.3577
v  -4.3633 -2.1268 -152.2979
v  -4.3356 -2.1075 -152.2427
v  -13.8133 19.2370 -165.4136
v  -13.8684 19.2568 -165.3860
v  -17.4969 16.5945 -165.4435
v  -17.4705 16.5450 -165.4757
v  11.9816 -17.5665 -165.4425
v  8.2980 -20.2090 -165.4126
v  8.3531 -20.2288 -165.3850
v  -13.6713 19.0696 -165.3315
v  -4.4838 -1.9901 -152.4446
v  -4.4892 -1.9942 -152.5090
v  -0.4992 0.2578 -152.4469
v  8.1586 -20.0453 -165.3291
v  8.1212 -20.0037 -165.3615
v  -13.7990 19.2513 -193.6542
v  -13.7589 19.2065 -193.6542
v  8.2832 -20.2228 -193.6542
v  8.2432 -20.1779 -193.6542
v  -17.5301 16.6419 -165.7258
v  -17.5036 16.5924 -165.7580
v  12.0144 -17.6134 -165.7258
v  -0.7567 0.6180 -152.8076
v  -0.7033 0.5417 -152.7545
v  -4.4521 -1.9697 -152.8410
v  -4.4066 -1.9379 -152.8521
v  -4.3532 -2.0140 -152.7989
v  -4.3987 -2.0459 -152.7878
v  -13.6230 18.9930 -165.9074
v  -13.6230 18.9930 -165.7919
v  -17.3019 16.3817 -165.9241
v  -17.2509 16.4057 -165.9296
v  -17.2509 16.4057 -165.8142
v  -17.3019 16.3817 -165.8086
v  11.7050 -17.1792 -165.5118
v  11.7562 -17.2522 -165.5651
v  7.9930 -19.7432 -165.5285
v  8.0330 -19.7034 -165.5341
v  8.0841 -19.7764 -165.5873
v  8.0441 -19.8162 -165.5817
v  -17.2687 16.3343 -165.6422
v  -17.2177 16.3583 -165.6477
v  -17.1762 16.2990 -165.5897
v  -17.2272 16.2751 -165.5841
v  8.1098 -19.9099 -165.7168
v  8.1498 -19.8702 -165.7223
v  8.1580 -19.8819 -165.8142
v  8.1180 -19.9217 -165.8086
v  -4.2995 -2.1876 -152.7557
v  -4.2540 -2.1557 -152.7668
v  -4.2047 -2.2262 -152.8013
v  -4.2502 -2.2580 -152.7902
v  -13.6254 18.9383 -165.7170
v  -13.6654 18.8986 -165.7225
v  -13.6737 18.9104 -165.8142
v  -13.6337 18.9502 -165.8086
v  11.7533 -17.3063 -165.6411
v  11.7023 -17.3303 -165.6467
v  11.6613 -17.2717 -165.5873
v  11.7123 -17.2477 -165.5817
v  -0.6809 0.4516 -152.7549
v  -0.7264 0.4198 -152.7661
v  -0.7761 0.4907 -152.7989
v  -0.7306 0.5226 -152.7878
v  -17.2426 16.3939 -165.7225
v  -17.2936 16.3699 -165.7170
v  8.1252 -19.8350 -165.6467
v  8.0852 -19.8748 -165.6411
v  -4.3035 -2.0850 -152.7661
v  -4.3490 -2.1168 -152.7549
v  -13.5590 18.8435 -165.5841
v  -13.5990 18.8038 -165.5897
v  -13.6405 18.8630 -165.6477
v  -13.6005 18.9028 -165.6422
v  11.7862 -17.3532 -165.8086
v  11.7352 -17.3772 -165.8142
v  11.7269 -17.3654 -165.7223
v  11.7780 -17.3415 -165.7168
v  -0.5820 0.3104 -152.7902
v  -0.6275 0.2786 -152.8013
v  -0.6769 0.3490 -152.7668
v  -0.6314 0.3809 -152.7557
v  -13.4949 18.8101 -165.5141
v  -13.5483 18.8863 -165.5675
v  -17.1739 16.1989 -165.5309
v  -17.1229 16.2229 -165.5365
v  -0.5035 0.2564 -152.8100
v  -0.5547 0.3296 -152.7568
v  -4.1991 -2.3311 -152.8433
v  -4.1536 -2.2992 -152.8544
v  -13.6247 18.9954 -193.6542
v  -13.6452 19.0441 -193.6542
v  -17.3023 16.3823 -193.6542
v  -17.2509 16.4057 -193.6542
v  11.8300 -17.3577 -165.7919
v  11.8301 -17.3577 -165.9074
v  8.1580 -19.8819 -165.9296
v  8.1180 -19.9217 -165.9241
v  -0.7839 0.5988 -152.8410
v  -0.8294 0.5669 -152.8521
v  -4.4795 -1.9887 -152.8076
v  -4.4260 -2.0650 -152.7545
v  -4.4887 -1.9949 -152.7521
v  -4.4351 -2.0714 -152.6989
v  -13.6337 18.9502 -165.9241
v  -13.6737 18.9104 -165.9296
v  -17.3458 16.3863 -165.9074
v  -17.3457 16.3862 -165.7919
v  -17.3825 16.4193 -165.8797
v  -17.3824 16.4193 -165.7642
v  11.6612 -17.1747 -165.5285
v  11.6102 -17.1987 -165.5341
v  7.9822 -19.7859 -165.5118
v  8.0334 -19.8589 -165.5651
v  8.0007 -19.8316 -165.4838
v  8.0519 -19.9047 -165.5373
v  -17.3126 16.3388 -165.6255
v  -17.2711 16.2796 -165.5675
v  -17.3493 16.3719 -165.5977
v  -17.3078 16.3126 -165.5397
v  8.0991 -19.9527 -165.7001
v  8.1073 -19.9644 -165.7919
v  8.1176 -19.9985 -165.6723
v  8.1258 -20.0102 -165.7642
v  -4.3268 -2.2067 -152.7224
v  -4.2775 -2.2772 -152.7568
v  -4.3359 -2.2131 -152.6669
v  -4.2866 -2.2835 -152.7013
v  -13.6147 18.9811 -165.7003
v  11.7972 -17.3108 -165.6245
v  -0.6536 0.4707 -152.7216
v  -17.3374 16.3744 -165.7003
v  -17.3741 16.4074 -165.6726
v  8.0744 -19.9175 -165.6245
v  8.0929 -19.9633 -165.5967
v  -4.3763 -2.1360 -152.7216
v  -4.3854 -2.1423 -152.6661
v  -13.5898 18.9456 -165.6255
v  11.8218 -17.3460 -165.7001
v  -0.6041 0.4000 -152.7224
v  -13.5057 18.7674 -165.5309
v  -13.5457 18.7276 -165.5365
v  -17.2177 16.2034 -165.5141
v  -17.2543 16.2363 -165.4862
v  -0.5309 0.2374 -152.8433
v  -0.5764 0.2056 -152.8544
v  -4.2263 -2.3503 -152.8100
v  -4.2353 -2.3568 -152.7544
v  -13.6341 18.9508 -193.6542
v  -13.6737 18.9104 -193.6542
v  -17.3474 16.3886 -193.6542
v  -17.3862 16.4247 -193.6542
v  11.7862 -17.3532 -165.9241
v  11.7352 -17.3772 -165.9296
v  8.1073 -19.9644 -165.9074
v  8.1258 -20.0103 -165.8797
v  -17.4999 16.5870 -193.6542
v  -17.4704 16.5448 -193.6542
v  8.1295 -20.0156 -193.6542
v  -17.0906 19.0629 -164.1929
v  -17.0439 19.1049 -164.1884
v  -17.1027 19.1890 -164.2472
v  -17.1494 19.1470 -164.2516
v  -2.7919 -1.3576 -150.1838
v  -2.7409 -1.3219 -150.1750
v  -2.7975 -1.2410 -150.1162
v  -2.8486 -1.2767 -150.1250
v  10.8433 -20.8308 -164.5943
v  10.8988 -20.8013 -164.5899
v  10.8988 -20.8013 -164.4717
v  10.8433 -20.8308 -164.4762
v  -2.1910 -0.3748 -150.1817
v  -2.2420 -0.4105 -150.1729
v  -2.1832 -0.4946 -150.1141
v  -2.1321 -0.4588 -150.1229
v  -16.3590 19.8593 -164.5943
v  -16.4145 19.8298 -164.5899
v  -16.4145 19.8298 -164.4717
v  -16.3590 19.8593 -164.4762
v  11.5778 -20.0386 -164.1907
v  11.5311 -20.0806 -164.1863
v  11.5878 -20.1615 -164.2450
v  11.6344 -20.1195 -164.2495
v  -17.2158 19.2418 -164.3845
v  -17.1691 19.2838 -164.3801
v  -17.1774 19.2956 -164.4717
v  -17.2241 19.2536 -164.4762
v  -2.9475 -1.1355 -150.0900
v  -2.8964 -1.0997 -150.0812
v  -2.9461 -1.0288 -150.1141
v  -2.9972 -1.0645 -150.1229
v  10.8105 -20.7839 -164.3087
v  10.8659 -20.7544 -164.3043
v  10.8248 -20.6957 -164.2450
v  10.7694 -20.7252 -164.2495
v  -2.0329 -0.6005 -150.0907
v  -2.0839 -0.6363 -150.0819
v  -2.0346 -0.7068 -150.1162
v  -1.9835 -0.6710 -150.1250
v  -16.3259 19.8119 -164.3097
v  -16.3813 19.7824 -164.3053
v  -16.3398 19.7232 -164.2472
v  -16.2844 19.7527 -164.2516
v  11.7002 -20.2134 -164.3843
v  11.6535 -20.2554 -164.3799
v  11.6617 -20.2671 -164.4717
v  11.7084 -20.2251 -164.4762
v  -17.1442 19.2482 -164.3053
v  -17.1909 19.2062 -164.3097
v  -2.8469 -1.1705 -150.0819
v  -2.8979 -1.2062 -150.0907
v  10.8906 -20.7896 -164.3799
v  10.8351 -20.8191 -164.3843
v  -2.1335 -0.5655 -150.0812
v  -2.0824 -0.5298 -150.0900
v  -16.4062 19.8180 -164.3801
v  -16.3507 19.8475 -164.3845
v  11.6288 -20.2202 -164.3043
v  11.6755 -20.1782 -164.3087
v  -3.0560 -0.9805 -150.1817
v  -3.0050 -0.9447 -150.1729
v  10.7128 -20.6443 -164.1907
v  10.7682 -20.6148 -164.1863
v  -16.2255 19.6686 -164.1929
v  -16.2809 19.6391 -164.1884
v  -1.9269 -0.7519 -150.1838
v  -1.9779 -0.7877 -150.1750
v  10.8429 -20.8307 -193.6542
v  10.8988 -20.8013 -193.6542
v  -16.3586 19.8592 -193.6542
v  -16.4145 19.8298 -193.6542
v  -17.1774 19.2956 -164.5899
v  -17.2241 19.2536 -164.5943
v  11.6617 -20.2671 -164.5899
v  11.7084 -20.2251 -164.5943
v  -17.1214 19.0135 -164.2062
v  -17.1802 19.0975 -164.2648
v  -17.1364 18.9565 -164.2283
v  -17.1951 19.0404 -164.2869
v  -2.8359 -1.3883 -150.2102
v  -2.8925 -1.3075 -150.1515
v  -2.8728 -1.4140 -150.2543
v  -2.9293 -1.3332 -150.1956
v  10.7863 -20.8428 -164.6075
v  10.7863 -20.8428 -164.4894
v  10.7276 -20.8373 -164.6295
v  10.7276 -20.8373 -164.5114
v  -2.1470 -0.3441 -150.2081
v  -2.0882 -0.4281 -150.1494
v  -2.1101 -0.3184 -150.2522
v  -2.0514 -0.4023 -150.1934
v  -16.3020 19.8713 -164.6075
v  -16.3020 19.8713 -164.4894
v  -16.2433 19.8658 -164.6295
v  -16.2433 19.8658 -164.5114
v  11.6086 -19.9891 -164.2040
v  11.6652 -20.0700 -164.2627
v  11.6236 -19.9322 -164.2262
v  11.6801 -20.0129 -164.2847
v  -17.2465 19.1923 -164.3978
v  -17.2548 19.2041 -164.4894
v  -17.2614 19.1352 -164.4198
v  -17.2697 19.1471 -164.5114
v  -2.9914 -1.1662 -150.1165
v  -3.0411 -1.0953 -150.1494
v  -3.0282 -1.1920 -150.1606
v  -3.0779 -1.1210 -150.1934
v  10.7534 -20.7958 -164.3219
v  10.7123 -20.7372 -164.2627
v  10.6947 -20.7903 -164.3440
v  10.6537 -20.7317 -164.2847
v  -1.9890 -0.5698 -150.1172
v  -1.9396 -0.6403 -150.1515
v  -1.9522 -0.5440 -150.1613
v  -1.9028 -0.6145 -150.1956
v  -16.2688 19.8239 -164.3229
v  -16.2273 19.7647 -164.2648
v  -16.2101 19.8184 -164.3450
v  -16.1686 19.7592 -164.2869
v  11.7309 -20.1638 -164.3975
v  11.7391 -20.1756 -164.4894
v  11.7458 -20.1068 -164.4196
v  11.7540 -20.1185 -164.5114
v  -17.2217 19.1567 -164.3229
v  -17.2365 19.0997 -164.3450
v  -2.9418 -1.2370 -150.1172
v  -2.9786 -1.2627 -150.1613
v  10.7781 -20.8310 -164.3975
v  10.7194 -20.8255 -164.4196
v  -2.0385 -0.4990 -150.1165
v  -2.0017 -0.4733 -150.1606
v  -16.2937 19.8595 -164.3978
v  -16.2350 19.8539 -164.4198
v  11.7063 -20.1286 -164.3219
v  11.7212 -20.0716 -164.3440
v  -3.0999 -1.0113 -150.2081
v  -3.1366 -1.0372 -150.2522
v  10.6557 -20.6564 -164.2040
v  10.5971 -20.6510 -164.2262
v  -16.1685 19.6807 -164.2062
v  -16.1098 19.6753 -164.2283
v  -1.8830 -0.7211 -150.2102
v  -1.8463 -0.6951 -150.2543
v  10.7845 -20.8424 -193.6542
v  10.7237 -20.8363 -193.6542
v  -16.3002 19.8709 -193.6542
v  -16.2394 19.8648 -193.6542
v  -17.2548 19.2041 -164.6075
v  -17.2697 19.1470 -164.6295
v  11.7391 -20.1756 -164.6075
v  11.7540 -20.1185 -164.6295
v  10.9510 -20.7647 -193.6542
v  -13.9632 19.3190 -193.6542
v  8.4475 -20.2904 -193.6542
v  11.7545 -20.1145 -193.6542
v  -17.2702 19.1430 -193.6542
v  -0.8885 0.5255 -152.8521
v  -13.6048 18.6862 -165.5365
v  -17.0637 16.2643 -165.5365
v  -4.3474 -1.8964 -152.8521
v  -17.1917 16.4471 -193.6542
v  -17.1917 16.4471 -165.9296
v  11.5510 -17.2401 -165.5341
v  -0.6356 0.1642 -152.8544
v  -4.0944 -2.2577 -152.8544
v  8.0922 -19.6620 -165.5341
v  11.7351 -17.3772 -193.6542
v  11.6760 -17.4186 -193.6542
v  11.6760 -17.4186 -165.9296
v  -4.2941 -1.9726 -152.7989
v  -4.2444 -2.0436 -152.7661
v  -0.7855 0.3783 -152.7661
v  -0.8352 0.4493 -152.7989
v  -13.6582 18.7624 -165.5897
v  -13.6997 18.8216 -165.6477
v  -17.1585 16.3997 -165.6477
v  -17.1170 16.3405 -165.5897
v  11.6760 -17.4186 -165.8142
v  11.6678 -17.4069 -165.7223
v  8.2089 -19.8288 -165.7223
v  8.2172 -19.8405 -165.8142
v  -4.1949 -2.1143 -152.7668
v  -0.7360 0.3076 -152.7668
v  -4.1455 -2.1848 -152.8013
v  -0.6867 0.2372 -152.8013
v  -13.7246 18.8572 -165.7225
v  -17.1834 16.4353 -165.7225
v  -13.7328 18.8690 -165.8142
v  -17.1917 16.4471 -165.8142
v  11.6432 -17.3717 -165.6467
v  8.1843 -19.7936 -165.6467
v  11.6021 -17.3131 -165.5873
v  8.1433 -19.7350 -165.5873
v  -13.7328 18.8690 -165.9296
v  8.2172 -19.8405 -165.9296
v  -17.2204 16.4881 -193.6542
v  -16.1817 19.8510 -193.6542
v  -13.7615 18.9100 -193.6542
v  -17.4157 16.4668 -193.6542
v  11.6095 -20.3036 -193.6542
v  10.6660 -20.8225 -193.6542
v  -17.5425 16.7585 -193.6542
v  -17.5426 16.6972 -193.6542
v  12.0268 -17.7300 -193.6542
v  12.0268 -17.6686 -193.6542
v  -17.5284 16.6400 -193.6542
v  12.0127 -17.6115 -193.6542
v  11.8317 -17.3601 -193.6542
v  8.1580 -19.8819 -193.6542
v  8.1184 -19.9223 -193.6542
v  11.7866 -17.3538 -193.6542
v  8.1089 -19.9668 -193.6542
v  -17.1774 19.2956 -193.6542
v  -17.2241 19.2532 -193.6542
v  11.6617 -20.2671 -193.6542
v  11.7084 -20.2246 -193.6542
v  -17.2550 19.2023 -193.6542
v  11.7393 -20.1738 -193.6542
v  -13.7328 18.8690 -193.6542
v  8.2171 -19.8405 -193.6542
v  -16.0521 19.6616 -223.0543
v  -13.8304 19.1336 -222.0606
v  -0.8309 0.5684 -235.0301
v  -2.0777 -0.2960 -237.0050
v  -13.5134 18.8558 -221.8223
v  -0.7477 0.6245 -234.5564
v  -0.7482 0.6253 -234.7995
v  -13.6339 19.0279 -221.9446
v  -13.6191 18.7066 -221.8154
v  -17.0780 16.2846 -221.8154
v  -4.3617 -1.8761 -234.4998
v  -0.9028 0.5458 -234.4998
v  -1.8141 -0.6724 -237.0028
v  -0.5755 0.2037 -235.0278
v  11.8943 -17.6050 -222.0629
v  11.6305 -19.8732 -223.0565
v  -0.4943 0.2626 -234.5540
v  11.7417 -17.2121 -221.8246
v  11.8621 -17.3842 -221.9469
v  -0.4938 0.2619 -234.7971
v  -0.6209 0.1432 -234.4970
v  -4.0797 -2.2787 -234.4969
v  8.1069 -19.6830 -221.8173
v  11.5657 -17.2611 -221.8173
v  -17.2856 16.2810 -221.8540
v  -17.3435 16.3637 -221.9128
v  -4.4891 -1.9944 -234.7363
v  -4.4888 -1.9947 -234.6195
v  -4.2351 -2.3570 -234.6172
v  -4.2349 -2.3574 -234.7340
v  8.0899 -19.9590 -221.9151
v  8.0320 -19.8763 -221.8564
v  -2.2943 -0.4470 -237.1356
v  -2.9528 -0.9081 -237.1356
v  -16.9917 19.1415 -223.1200
v  -16.3331 19.6026 -223.1200
v  11.4789 -20.1172 -223.1222
v  10.8204 -20.5783 -223.1222
v  -2.6887 -1.2853 -237.1335
v  -2.0301 -0.8242 -237.1335
v  -3.1688 -1.0600 -237.0050
v  -4.4075 -1.9360 -235.0301
v  -17.4070 16.6292 -222.0606
v  -17.1432 18.8975 -223.0543
v  10.5393 -20.6373 -223.0565
v  8.3177 -20.1094 -222.0629
v  -4.1521 -2.3007 -235.0278
v  -2.9052 -1.4364 -237.0028
v  12.0205 -17.7851 -221.6657
v  11.7608 -20.0594 -222.6533
v  11.8668 -17.3908 -221.4288
v  11.9879 -17.5638 -221.5505
v  11.7047 -17.4595 -221.3788
v  8.2458 -19.8815 -221.3788
v  8.1573 -20.0552 -221.4604
v  8.2155 -20.1383 -221.5188
v  -16.4667 19.7933 -222.7186
v  -17.1252 19.3322 -222.7186
v  -17.5362 16.8137 -221.6657
v  -17.2765 19.0879 -222.6533
v  -0.7266 0.4196 -235.1172
v  -1.9694 -0.4507 -237.0965
v  -2.0191 -0.3797 -237.0636
v  -0.7763 0.4906 -235.0844
v  -13.9263 19.2707 -221.9481
v  -13.8848 19.2114 -222.0062
v  -16.1108 19.7453 -222.9959
v  -16.1523 19.8045 -222.9378
v  -0.6445 0.4771 -234.6424
v  -0.6445 0.4771 -234.8864
v  -0.6942 0.5481 -234.8536
v  -0.6942 0.5481 -234.6096
v  -13.7295 19.1645 -221.8327
v  -13.6083 18.9913 -221.7107
v  -13.5668 18.9321 -221.7688
v  -13.6880 19.1052 -221.8908
v  -4.2495 -2.0363 -234.5925
v  -0.7907 0.3857 -234.5925
v  -0.8475 0.4669 -234.5549
v  -4.3064 -1.9551 -234.5549
v  -13.7218 18.8532 -221.6939
v  -17.1806 16.4313 -221.6939
v  -17.1332 16.3636 -221.7602
v  -13.6744 18.7855 -221.7602
v  -4.3033 -2.0848 -235.1172
v  -4.3530 -2.0139 -235.0844
v  -3.1102 -1.1436 -237.0636
v  -3.0605 -1.2146 -237.0965
v  -17.5030 16.7662 -221.9481
v  -17.2433 19.0406 -222.9378
v  -17.2018 18.9813 -222.9959
v  -17.4615 16.7070 -222.0062
v  12.0123 -17.7734 -221.8736
v  12.0205 -17.7851 -221.7817
v  11.7608 -20.0594 -222.7713
v  11.7526 -20.0477 -222.8632
v  11.9797 -17.5521 -221.7582
v  11.8585 -17.3790 -221.6362
v  11.8667 -17.3908 -221.5443
v  11.9880 -17.5639 -221.6663
v  11.6953 -17.4462 -221.6029
v  8.2365 -19.8681 -221.6029
v  8.2458 -19.8815 -221.4982
v  11.7047 -17.4595 -221.4982
v  8.4355 -20.2778 -221.8736
v  10.6615 -20.8117 -222.8632
v  10.6698 -20.8234 -222.7713
v  8.4438 -20.2895 -221.7817
v  -4.3855 -2.1423 -234.7058
v  -4.4351 -2.0714 -234.6729
v  -4.4351 -2.0714 -234.7902
v  -4.3855 -2.1423 -234.8230
v  -17.3807 16.4168 -221.7424
v  -17.4390 16.5000 -221.8010
v  -17.3975 16.4408 -221.8591
v  -17.3393 16.3576 -221.8005
v  8.1490 -20.0435 -221.6679
v  8.2073 -20.1266 -221.7265
v  8.2155 -20.1384 -221.6346
v  8.1573 -20.0552 -221.5760
v  -17.0920 19.2848 -223.0032
v  -16.4335 19.7459 -223.0032
v  -16.3920 19.6867 -223.0613
v  -17.0505 19.2255 -223.0613
v  -2.1857 -0.6021 -237.2273
v  -2.8442 -1.0632 -237.2273
v  -2.8939 -0.9922 -237.1944
v  -2.2354 -0.5311 -237.1944
v  10.9428 -20.7530 -222.9286
v  11.6013 -20.2919 -222.9286
v  11.6095 -20.3036 -222.8367
v  10.9510 -20.7648 -222.8367
v  -0.6771 0.3489 -235.1164
v  -1.9199 -0.5214 -237.0957
v  -1.8705 -0.5919 -237.0614
v  -0.6277 0.2784 -235.0820
v  -16.1772 19.8401 -222.8629
v  -13.9512 19.3062 -221.8733
v  -16.1855 19.8519 -222.7713
v  -13.9595 19.3181 -221.7817
v  -0.5950 0.4064 -234.6416
v  -0.5950 0.4064 -234.8857
v  -0.5456 0.3359 -234.6072
v  -0.5456 0.3359 -234.8512
v  -13.7544 19.2000 -221.7579
v  -13.6332 19.0269 -221.6359
v  -13.7627 19.2119 -221.6663
v  -13.6415 19.0387 -221.5443
v  -4.1892 -2.1224 -234.5915
v  -0.7304 0.2996 -234.5915
v  -4.1328 -2.2030 -234.5521
v  -0.6739 0.2189 -234.5521
v  -13.7520 18.8964 -221.6029
v  -17.2109 16.4745 -221.6029
v  -13.7615 18.9100 -221.4982
v  -17.2204 16.4881 -221.4982
v  -3.0109 -1.2853 -237.0957
v  -4.2538 -2.1556 -235.1164
v  -2.9616 -1.3559 -237.0614
v  -4.2045 -2.2260 -235.0820
v  -17.5279 16.8018 -221.8733
v  -17.2682 19.0761 -222.8629
v  -17.2765 19.0880 -222.7713
v  -17.5362 16.8136 -221.7817
v  11.7279 -20.0125 -222.9388
v  11.9876 -17.7382 -221.9492
v  11.6868 -19.9538 -222.9980
v  11.9466 -17.6796 -222.0085
v  11.9551 -17.5170 -221.8338
v  11.8339 -17.3439 -221.7118
v  11.9141 -17.4583 -221.8931
v  11.7929 -17.2852 -221.7711
v  11.6655 -17.4036 -221.6944
v  8.2067 -19.8255 -221.6944
v  11.6187 -17.3368 -221.7621
v  8.1599 -19.7587 -221.7621
v  8.4109 -20.2426 -221.9492
v  10.6369 -20.7765 -222.9388
v  10.5958 -20.7178 -222.9980
v  8.3699 -20.1840 -222.0085
v  -4.3359 -2.2131 -234.8223
v  -4.3359 -2.2131 -234.7050
v  -4.2866 -2.2835 -234.7878
v  -4.2866 -2.2835 -234.6706
v  -17.4056 16.4524 -221.6676
v  -17.4639 16.5356 -221.7262
v  -17.4722 16.5474 -221.6346
v  -17.4139 16.4642 -221.5760
v  8.1244 -20.0083 -221.7435
v  8.1827 -20.0915 -221.8021
v  8.1416 -20.0328 -221.8615
v  8.0834 -19.9497 -221.8028
v  -17.1169 19.3203 -222.9283
v  -16.4584 19.7814 -222.9283
v  -17.1252 19.3322 -222.8367
v  -16.4667 19.7933 -222.8367
v  -2.1362 -0.6728 -237.2265
v  -2.7947 -1.1339 -237.2265
v  -2.0868 -0.7433 -237.1922
v  -2.7453 -1.2044 -237.1922
v  10.9181 -20.7178 -223.0041
v  11.5766 -20.2567 -223.0041
v  10.8770 -20.6592 -223.0634
v  11.5356 -20.1981 -223.0634
v  -16.1854 19.8519 -222.6533
v  -13.9595 19.3181 -221.6657
v  -13.7627 19.2118 -221.5505
v  -13.6415 19.0388 -221.4288
v  -13.7615 18.9100 -221.3788
v  -17.2204 16.4881 -221.3788
v  -17.4139 16.4643 -221.4604
v  -17.4722 16.5474 -221.5188
v  11.6095 -20.3036 -222.7186
v  10.9510 -20.7648 -222.7186
v  10.6697 -20.8234 -222.6533
v  8.4438 -20.2896 -221.6657
v  -0.7706 0.6101 -234.9236
v  -0.7163 0.5326 -234.9777
v  -0.7440 0.5132 -235.0329
v  -0.7985 0.5908 -234.9788
v  -17.4142 16.5118 -222.0071
v  -17.4685 16.5893 -221.9529
v  -17.4682 16.6479 -221.9805
v  -17.4138 16.5703 -222.0348
v  -13.8465 19.2844 -221.6125
v  -13.8465 19.2844 -221.7284
v  -13.9016 19.3042 -221.7560
v  -13.9016 19.3042 -221.6400
v  8.3308 -20.2559 -221.6125
v  8.3308 -20.2559 -221.7284
v  8.3859 -20.2757 -221.7560
v  8.3859 -20.2757 -221.6400
v  11.9015 -17.4876 -222.0094
v  11.9536 -17.5619 -221.9552
v  11.9533 -17.6205 -221.9828
v  11.9011 -17.5461 -222.0371
v  -4.2123 -2.3424 -234.9213
v  -4.2644 -2.2680 -234.9754
v  -4.2367 -2.2487 -235.0306
v  -4.1845 -2.3231 -234.9765
v  -0.6171 0.3909 -235.0098
v  -0.5678 0.3204 -234.9754
v  -0.5954 0.3010 -235.0306
v  -0.6448 0.3715 -235.0650
v  -4.3304 -2.2092 -234.9500
v  -4.2810 -2.2797 -234.9156
v  -4.2866 -2.2835 -234.8512
v  -4.3359 -2.2131 -234.8857
v  -13.7919 19.2418 -221.7901
v  -13.8002 19.2536 -221.6985
v  -17.5349 16.6841 -221.8200
v  -17.5432 16.6960 -221.7284
v  -17.5429 16.7545 -221.7560
v  -17.5346 16.7427 -221.8476
v  12.0193 -17.6557 -221.8203
v  12.0275 -17.6675 -221.7284
v  12.0272 -17.7260 -221.7560
v  12.0190 -17.7143 -221.8479
v  8.2763 -20.2134 -221.7904
v  8.2845 -20.2251 -221.6985
v  8.2470 -20.1833 -221.6663
v  8.2388 -20.1716 -221.7582
v  -0.6666 0.4616 -235.0106
v  -0.6943 0.4422 -235.0658
v  -4.4296 -2.0675 -234.9179
v  -4.3799 -2.1385 -234.9508
v  -4.3855 -2.1423 -234.8864
v  -4.4351 -2.0714 -234.8536
v  -13.7255 19.1470 -221.9230
v  -13.7670 19.2062 -221.8649
v  -17.5100 16.6486 -221.8948
v  -17.5097 16.7071 -221.9224
v  11.9946 -17.6206 -221.8959
v  11.9944 -17.6791 -221.9235
v  8.2106 -20.1196 -221.9253
v  8.2517 -20.1782 -221.8660
v  8.2141 -20.1364 -221.8338
v  8.1731 -20.0778 -221.8931
v  -13.7176 19.1002 -222.0071
v  -13.7727 19.1199 -222.0348
v  -13.7718 19.1778 -221.9529
v  -13.8269 19.1976 -221.9805
v  -4.4673 -1.9783 -234.9236
v  -4.4396 -1.9587 -234.9788
v  -4.4130 -2.0559 -234.9777
v  -4.3853 -2.0365 -235.0329
v  -0.5157 0.2460 -234.9213
v  -0.5433 0.2264 -234.9765
v  8.2049 -20.0760 -222.0094
v  8.2600 -20.0956 -222.0371
v  8.2569 -20.1504 -221.9552
v  8.3120 -20.1701 -221.9828
v  -17.5432 16.6960 -221.6125
v  -17.5429 16.7546 -221.6400
v  12.0275 -17.6675 -221.6125
v  12.0272 -17.7260 -221.6400
v  -0.7539 0.6216 -234.8638
v  -0.6997 0.5442 -234.9180
v  -17.4012 16.4579 -221.9770
v  -17.4554 16.5353 -221.9230
v  -17.3748 16.4084 -221.9446
v  -17.4290 16.4857 -221.8908
v  -13.8002 19.2536 -221.5826
v  8.2845 -20.2251 -221.5826
v  8.2470 -20.1833 -221.5505
v  11.8885 -17.4336 -221.9793
v  11.9405 -17.5079 -221.9253
v  -4.2291 -2.3538 -234.8615
v  -4.2348 -2.3575 -234.7971
v  -0.6005 0.4025 -234.9500
v  -0.5511 0.3320 -234.9156
v  -4.3138 -2.1976 -235.0098
v  -4.2861 -2.1782 -235.0650
v  -13.8382 19.2726 -221.8200
v  -13.8933 19.2923 -221.8476
v  -17.5218 16.6301 -221.7901
v  -17.5301 16.6419 -221.6985
v  -17.4954 16.5805 -221.7579
v  -17.5037 16.5924 -221.6663
v  12.0062 -17.6017 -221.7904
v  12.0144 -17.6134 -221.6985
v  8.3226 -20.2442 -221.8203
v  8.3777 -20.2639 -221.8479
v  -0.6500 0.4732 -234.9508
v  -4.3633 -2.1268 -235.0106
v  -4.3356 -2.1075 -235.0658
v  -13.8133 19.2370 -221.8948
v  -13.8684 19.2568 -221.9224
v  -17.4969 16.5945 -221.8649
v  -17.4705 16.5450 -221.8327
v  11.9816 -17.5665 -221.8660
v  8.2980 -20.2090 -221.8959
v  8.3531 -20.2288 -221.9235
v  -13.6713 19.0696 -221.9770
v  -4.4838 -1.9901 -234.8638
v  -4.4892 -1.9942 -234.7995
v  -0.4992 0.2578 -234.8615
v  8.1586 -20.0453 -221.9793
v  8.1212 -20.0037 -221.9469
v  -17.5301 16.6419 -221.5826
v  -17.5036 16.5924 -221.5505
v  12.0144 -17.6134 -221.5826
v  -0.7567 0.6180 -234.5008
v  -0.7033 0.5417 -234.5540
v  -4.4521 -1.9697 -234.4675
v  -4.3987 -2.0459 -234.5207
v  -4.3532 -2.0140 -234.5096
v  -4.4066 -1.9379 -234.4564
v  -13.6230 18.9930 -221.4010
v  -13.6230 18.9930 -221.5165
v  -17.3019 16.3817 -221.3844
v  -17.3019 16.3817 -221.4998
v  -17.2509 16.4057 -221.4943
v  -17.2509 16.4057 -221.3788
v  11.7050 -17.1792 -221.7967
v  11.7562 -17.2522 -221.7434
v  7.9930 -19.7432 -221.7799
v  8.0441 -19.8162 -221.7267
v  8.0841 -19.7764 -221.7211
v  8.0330 -19.7034 -221.7743
v  -17.2687 16.3343 -221.6663
v  -17.2272 16.2751 -221.7243
v  -17.1762 16.2990 -221.7188
v  -17.2177 16.3583 -221.6607
v  8.1098 -19.9099 -221.5917
v  8.1180 -19.9217 -221.4998
v  8.1580 -19.8819 -221.4943
v  8.1498 -19.8702 -221.5862
v  -4.2995 -2.1876 -234.5527
v  -4.2502 -2.2580 -234.5183
v  -4.2047 -2.2262 -234.5072
v  -4.2540 -2.1557 -234.5416
v  -13.6254 18.9383 -221.5914
v  -13.6337 18.9502 -221.4998
v  -13.6737 18.9104 -221.4943
v  -13.6654 18.8986 -221.5859
v  11.7533 -17.3063 -221.6673
v  11.7123 -17.2477 -221.7267
v  11.6613 -17.2717 -221.7211
v  11.7023 -17.3303 -221.6618
v  -0.6809 0.4516 -234.5535
v  -0.7306 0.5226 -234.5207
v  -0.7761 0.4907 -234.5096
v  -0.7264 0.4198 -234.5424
v  -17.2936 16.3699 -221.5914
v  -17.2426 16.3938 -221.5859
v  8.0852 -19.8748 -221.6673
v  8.1252 -19.8350 -221.6618
v  -4.3490 -2.1169 -234.5535
v  -4.3035 -2.0850 -234.5424
v  -13.5590 18.8435 -221.7243
v  -13.6005 18.9028 -221.6663
v  -13.6405 18.8630 -221.6607
v  -13.5990 18.8038 -221.7188
v  11.7862 -17.3532 -221.4998
v  11.7780 -17.3415 -221.5917
v  11.7269 -17.3654 -221.5862
v  11.7352 -17.3772 -221.4943
v  -0.5820 0.3104 -234.5183
v  -0.6314 0.3809 -234.5527
v  -0.6769 0.3490 -234.5416
v  -0.6275 0.2786 -234.5072
v  -13.4949 18.8101 -221.7943
v  -13.5483 18.8863 -221.7410
v  -17.1739 16.1989 -221.7776
v  -17.1229 16.2229 -221.7720
v  -0.5035 0.2564 -234.4985
v  -0.5547 0.3296 -234.5516
v  -4.1991 -2.3311 -234.4651
v  -4.1536 -2.2992 -234.4540
v  11.8300 -17.3577 -221.5165
v  11.8301 -17.3577 -221.4010
v  8.1180 -19.9217 -221.3844
v  8.1580 -19.8819 -221.3788
v  -0.7839 0.5988 -234.4675
v  -0.8294 0.5669 -234.4564
v  -4.4795 -1.9887 -234.5008
v  -4.4260 -2.0650 -234.5540
v  -4.4887 -1.9949 -234.5564
v  -4.4351 -2.0714 -234.6096
v  -13.6337 18.9502 -221.3844
v  -13.6737 18.9104 -221.3788
v  -17.3458 16.3863 -221.4010
v  -17.3457 16.3862 -221.5165
v  -17.3825 16.4193 -221.4288
v  -17.3824 16.4193 -221.5443
v  11.6612 -17.1747 -221.7799
v  11.6102 -17.1987 -221.7743
v  7.9822 -19.7859 -221.7967
v  8.0334 -19.8589 -221.7434
v  8.0007 -19.8316 -221.8246
v  8.0519 -19.9047 -221.7711
v  -17.3126 16.3388 -221.6830
v  -17.2711 16.2796 -221.7410
v  -17.3493 16.3719 -221.7107
v  -17.3078 16.3126 -221.7688
v  8.0991 -19.9527 -221.6084
v  8.1073 -19.9644 -221.5165
v  8.1176 -19.9985 -221.6362
v  8.1258 -20.0102 -221.5443
v  -4.3268 -2.2067 -234.5860
v  -4.2775 -2.2772 -234.5516
v  -4.3359 -2.2131 -234.6416
v  -4.2866 -2.2835 -234.6072
v  -13.6147 18.9811 -221.6081
v  11.7972 -17.3108 -221.6840
v  -0.6536 0.4707 -234.5869
v  -17.3374 16.3744 -221.6081
v  -17.3741 16.4074 -221.6359
v  8.0744 -19.9175 -221.6840
v  8.0929 -19.9633 -221.7118
v  -4.3764 -2.1360 -234.5868
v  -4.3855 -2.1423 -234.6424
v  -13.5898 18.9456 -221.6830
v  11.8218 -17.3460 -221.6084
v  -0.6041 0.4000 -234.5861
v  -13.5057 18.7674 -221.7776
v  -13.5457 18.7276 -221.7720
v  -17.2177 16.2034 -221.7943
v  -17.2543 16.2363 -221.8223
v  -0.5309 0.2374 -234.4651
v  -0.5764 0.2056 -234.4540
v  -4.2263 -2.3503 -234.4985
v  -4.2353 -2.3568 -234.5540
v  11.7862 -17.3532 -221.3844
v  11.7352 -17.3772 -221.3788
v  8.1073 -19.9644 -221.4010
v  8.1258 -20.0103 -221.4288
v  -17.0906 19.0629 -223.1156
v  -17.1494 19.1470 -223.0569
v  -17.1027 19.1890 -223.0613
v  -17.0439 19.1049 -223.1200
v  -2.7919 -1.3576 -237.1246
v  -2.8486 -1.2767 -237.1834
v  -2.7975 -1.2410 -237.1922
v  -2.7409 -1.3219 -237.1335
v  10.8433 -20.8308 -222.7142
v  10.8433 -20.8308 -222.8323
v  10.8988 -20.8013 -222.8367
v  10.8988 -20.8013 -222.7186
v  -2.1910 -0.3748 -237.1268
v  -2.1321 -0.4588 -237.1856
v  -2.1832 -0.4946 -237.1944
v  -2.2420 -0.4105 -237.1356
v  -16.3590 19.8593 -222.7142
v  -16.3590 19.8593 -222.8323
v  -16.4145 19.8298 -222.8367
v  -16.4145 19.8298 -222.7186
v  11.5778 -20.0386 -223.1177
v  11.6344 -20.1195 -223.0590
v  11.5878 -20.1615 -223.0634
v  11.5311 -20.0806 -223.1222
v  -17.2158 19.2418 -222.9239
v  -17.2241 19.2536 -222.8323
v  -17.1774 19.2956 -222.8367
v  -17.1691 19.2838 -222.9283
v  -2.9475 -1.1355 -237.2184
v  -2.9972 -1.0645 -237.1856
v  -2.9461 -1.0288 -237.1944
v  -2.8964 -1.0997 -237.2273
v  10.8105 -20.7839 -222.9997
v  10.7694 -20.7252 -223.0590
v  10.8248 -20.6957 -223.0634
v  10.8659 -20.7544 -223.0041
v  -2.0329 -0.6005 -237.2177
v  -1.9835 -0.6710 -237.1834
v  -2.0346 -0.7068 -237.1922
v  -2.0840 -0.6363 -237.2265
v  -16.3259 19.8119 -222.9988
v  -16.2844 19.7527 -223.0569
v  -16.3398 19.7232 -223.0613
v  -16.3813 19.7824 -223.0032
v  11.7002 -20.2134 -222.9242
v  11.7084 -20.2251 -222.8323
v  11.6617 -20.2671 -222.8367
v  11.6535 -20.2554 -222.9286
v  -17.1909 19.2062 -222.9988
v  -17.1442 19.2482 -223.0032
v  -2.8979 -1.2062 -237.2177
v  -2.8469 -1.1705 -237.2265
v  10.8351 -20.8191 -222.9242
v  10.8906 -20.7896 -222.9286
v  -2.0824 -0.5298 -237.2184
v  -2.1335 -0.5655 -237.2273
v  -16.3507 19.8475 -222.9239
v  -16.4062 19.8180 -222.9283
v  11.6755 -20.1782 -222.9997
v  11.6288 -20.2202 -223.0041
v  -3.0560 -0.9805 -237.1268
v  -3.0050 -0.9447 -237.1356
v  10.7128 -20.6443 -223.1177
v  10.7682 -20.6148 -223.1222
v  -16.2255 19.6686 -223.1156
v  -16.2809 19.6391 -223.1200
v  -1.9269 -0.7519 -237.1246
v  -1.9779 -0.7877 -237.1335
v  -17.2241 19.2536 -222.7142
v  -17.1774 19.2956 -222.7186
v  11.7084 -20.2251 -222.7142
v  11.6617 -20.2671 -222.7186
v  -17.1214 19.0135 -223.1023
v  -17.1802 19.0975 -223.0436
v  -17.1364 18.9565 -223.0801
v  -17.1951 19.0404 -223.0216
v  -2.8359 -1.3883 -237.0982
v  -2.8925 -1.3075 -237.1570
v  -2.8728 -1.4140 -237.0542
v  -2.9293 -1.3332 -237.1129
v  10.7863 -20.8428 -222.7009
v  10.7863 -20.8428 -222.8191
v  10.7276 -20.8373 -222.6789
v  10.7276 -20.8373 -222.7970
v  -2.1470 -0.3441 -237.1004
v  -2.0882 -0.4281 -237.1591
v  -2.1101 -0.3184 -237.0563
v  -2.0514 -0.4023 -237.1150
v  -16.3020 19.8713 -222.7009
v  -16.3020 19.8713 -222.8191
v  -16.2433 19.8658 -222.6789
v  -16.2433 19.8658 -222.7970
v  11.6086 -19.9891 -223.1044
v  11.6652 -20.0700 -223.0458
v  11.6236 -19.9322 -223.0823
v  11.6801 -20.0129 -223.0237
v  -17.2466 19.1923 -222.9107
v  -17.2548 19.2041 -222.8191
v  -17.2614 19.1352 -222.8887
v  -17.2697 19.1471 -222.7970
v  -2.9914 -1.1662 -237.1920
v  -3.0411 -1.0953 -237.1591
v  -3.0282 -1.1920 -237.1479
v  -3.0779 -1.1210 -237.1150
v  10.7534 -20.7958 -222.9865
v  10.7123 -20.7372 -223.0458
v  10.6947 -20.7903 -222.9645
v  10.6537 -20.7317 -223.0237
v  -1.9890 -0.5698 -237.1913
v  -1.9396 -0.6403 -237.1570
v  -1.9522 -0.5440 -237.1472
v  -1.9028 -0.6145 -237.1129
v  -16.2688 19.8239 -222.9855
v  -16.2273 19.7647 -223.0436
v  -16.2101 19.8184 -222.9635
v  -16.1686 19.7592 -223.0216
v  11.7309 -20.1638 -222.9109
v  11.7391 -20.1756 -222.8191
v  11.7458 -20.1068 -222.8889
v  11.7540 -20.1185 -222.7970
v  -17.2217 19.1567 -222.9855
v  -17.2365 19.0997 -222.9635
v  -2.9418 -1.2370 -237.1913
v  -2.9786 -1.2627 -237.1472
v  10.7781 -20.8310 -222.9109
v  10.7194 -20.8255 -222.8889
v  -2.0385 -0.4990 -237.1920
v  -2.0017 -0.4733 -237.1479
v  -16.2937 19.8595 -222.9107
v  -16.2350 19.8539 -222.8887
v  11.7063 -20.1286 -222.9865
v  11.7212 -20.0716 -222.9645
v  -3.0999 -1.0113 -237.1004
v  -3.1366 -1.0372 -237.0563
v  10.6557 -20.6564 -223.1044
v  10.5971 -20.6510 -223.0823
v  -16.1685 19.6807 -223.1023
v  -16.1098 19.6753 -223.0801
v  -1.8830 -0.7211 -237.0982
v  -1.8463 -0.6951 -237.0542
v  -17.2548 19.2041 -222.7009
v  -17.2697 19.1470 -222.6789
v  11.7391 -20.1756 -222.7009
v  11.7540 -20.1185 -222.6789
v  -13.6048 18.6862 -221.7720
v  -0.8886 0.5255 -234.4564
v  -4.3474 -1.8964 -234.4564
v  -17.0637 16.2643 -221.7720
v  -17.1917 16.4471 -221.3788
v  -0.6356 0.1642 -234.4540
v  11.5510 -17.2401 -221.7743
v  8.0922 -19.6620 -221.7743
v  -4.0944 -2.2577 -234.4540
v  11.6760 -17.4186 -221.3788
v  -4.2444 -2.0436 -234.5424
v  -4.2941 -1.9726 -234.5096
v  -0.8352 0.4493 -234.5096
v  -0.7855 0.3783 -234.5424
v  -13.6997 18.8216 -221.6607
v  -13.6582 18.7624 -221.7188
v  -17.1170 16.3405 -221.7188
v  -17.1585 16.3997 -221.6607
v  11.6678 -17.4069 -221.5862
v  11.6760 -17.4186 -221.4943
v  8.2171 -19.8405 -221.4943
v  8.2089 -19.8288 -221.5862
v  -4.1949 -2.1143 -234.5416
v  -0.7360 0.3076 -234.5416
v  -4.1455 -2.1848 -234.5072
v  -0.6867 0.2372 -234.5072
v  -13.7246 18.8572 -221.5859
v  -17.1834 16.4353 -221.5859
v  -13.7329 18.8690 -221.4943
v  -17.1917 16.4471 -221.4943
v  11.6432 -17.3717 -221.6618
v  8.1843 -19.7936 -221.6618
v  11.6021 -17.3131 -221.7211
v  8.1433 -19.7350 -221.7211
v  -13.7329 18.8690 -221.3788
v  8.2171 -19.8405 -221.3788
v  3.1181 -0.2076 -135.5804
v  3.1181 -0.2076 -135.5254
v  3.1466 -0.3752 -135.5254
v  3.1466 -0.3752 -135.5804
v  2.9610 0.0952 -135.5804
v  2.9610 0.0952 -135.5254
v  3.0515 -0.0487 -135.5254
v  3.0515 -0.0487 -135.5804
v  2.7000 0.3148 -135.5804
v  2.7000 0.3148 -135.5254
v  2.8387 0.2164 -135.5254
v  2.8387 0.2164 -135.5804
v  2.3749 0.4177 -135.5804
v  2.3749 0.4177 -135.5254
v  2.5406 0.3799 -135.5254
v  2.5406 0.3799 -135.5804
v  2.0350 0.3885 -135.5804
v  2.0350 0.3885 -135.5254
v  2.2026 0.4170 -135.5254
v  2.2026 0.4170 -135.5804
v  1.7323 0.2314 -135.5804
v  1.7323 0.2314 -135.5254
v  1.8762 0.3218 -135.5254
v  1.8762 0.3218 -135.5804
v  1.5127 -0.0296 -135.5804
v  1.5127 -0.0296 -135.5254
v  1.6111 0.1090 -135.5254
v  1.6111 0.1090 -135.5804
v  1.4097 -0.3548 -135.5804
v  1.4097 -0.3548 -135.5254
v  1.4475 -0.1891 -135.5254
v  1.4475 -0.1891 -135.5804
v  1.4390 -0.6946 -135.5804
v  1.4390 -0.6946 -135.5254
v  1.4105 -0.5270 -135.5254
v  1.4105 -0.5270 -135.5804
v  1.5961 -0.9974 -135.5804
v  1.5961 -0.9974 -135.5254
v  1.5057 -0.8535 -135.5254
v  1.5057 -0.8535 -135.5804
v  1.8571 -1.2169 -135.5804
v  1.8571 -1.2169 -135.5254
v  1.7185 -1.1186 -135.5254
v  1.7185 -1.1186 -135.5804
v  2.1823 -1.3200 -135.5804
v  2.1823 -1.3200 -135.5254
v  2.0165 -1.2821 -135.5254
v  2.0165 -1.2821 -135.5804
v  2.5218 -1.2902 -135.5804
v  2.5218 -1.2902 -135.5254
v  2.3545 -1.3192 -135.5254
v  2.3545 -1.3192 -135.5804
v  2.8278 -1.1354 -135.5804
v  2.8278 -1.1354 -135.5254
v  2.6809 -1.2240 -135.5254
v  2.6809 -1.2240 -135.5804
v  3.0451 -0.8702 -135.5804
v  3.0451 -0.8702 -135.5254
v  2.9461 -1.0112 -135.5254
v  2.9461 -1.0112 -135.5804
v  3.1444 -0.5459 -135.5804
v  3.1444 -0.5459 -135.5254
v  3.1096 -0.7131 -135.5254
v  3.1096 -0.7131 -135.5804
v  2.8111 -0.2966 -133.2048
v  2.7688 -0.1959 -133.2048
v  2.7114 -0.1046 -133.2048
v  2.8292 -0.4029 -133.2048
v  2.6338 -0.0277 -133.2048
v  2.7020 -0.8064 -133.2048
v  2.5459 0.0347 -133.2048
v  2.4448 0.0760 -133.2048
v  2.3396 0.1000 -133.2048
v  2.2304 0.0995 -133.2048
v  1.8552 -0.0958 -133.2048
v  2.1241 0.0814 -133.2048
v  2.0234 0.0392 -133.2048
v  1.9321 -0.0182 -133.2048
v  1.7928 -0.1838 -133.2048
v  1.7514 -0.2849 -133.2048
v  1.7275 -0.3900 -133.2048
v  1.7280 -0.4993 -133.2048
v  1.9233 -0.8745 -133.2048
v  1.7460 -0.6056 -133.2048
v  1.7883 -0.7063 -133.2048
v  1.8457 -0.7976 -133.2048
v  2.0112 -0.9369 -133.2048
v  2.1124 -0.9782 -133.2048
v  2.2175 -1.0022 -133.2048
v  2.3267 -1.0017 -133.2048
v  2.4329 -0.9833 -133.2048
v  2.5338 -0.9413 -133.2048
v  2.6269 -0.8851 -133.2048
v  2.7648 -0.7169 -133.2048
v  2.8278 -0.5113 -133.2048
v  2.8057 -0.6173 -133.2048
v  2.9018 -0.1266 -133.3423
v  2.9556 -0.2547 -133.3423
v  3.0494 -0.2275 -135.1974
v  2.9882 -0.0817 -135.1974
v  2.7302 0.0872 -133.3423
v  2.8289 -0.0106 -133.3423
v  2.9051 0.0504 -135.1974
v  2.7928 0.1617 -135.1974
v  2.4899 0.2190 -133.3423
v  2.6184 0.1665 -133.3423
v  2.6655 0.2520 -135.1974
v  2.5191 0.3119 -135.1974
v  2.2173 0.2489 -133.3423
v  2.3562 0.2495 -133.3423
v  2.3670 0.3466 -135.1974
v  2.2088 0.3459 -135.1974
v  1.9541 0.1722 -133.3423
v  2.0822 0.2259 -133.3423
v  2.0550 0.3197 -135.1974
v  1.9092 0.2585 -135.1974
v  1.7403 0.0006 -133.3423
v  1.8381 0.0992 -133.3423
v  1.7770 0.1755 -135.1974
v  1.6657 0.0631 -135.1974
v  1.6084 -0.2398 -133.3423
v  1.6610 -0.1112 -133.3423
v  1.5754 -0.0642 -135.1974
v  1.5156 -0.2105 -135.1974
v  1.5786 -0.5123 -133.3423
v  1.5779 -0.3735 -133.3423
v  1.4809 -0.3627 -135.1974
v  1.4816 -0.5208 -135.1974
v  1.6553 -0.7755 -133.3423
v  1.6016 -0.6475 -133.3423
v  1.5078 -0.6747 -135.1974
v  1.5690 -0.8205 -135.1974
v  1.8269 -0.9894 -133.3423
v  1.7283 -0.8916 -133.3423
v  1.6520 -0.9526 -135.1974
v  1.7643 -1.0639 -135.1974
v  2.0673 -1.1212 -133.3423
v  1.9387 -1.0687 -133.3423
v  1.8916 -1.1542 -135.1974
v  2.0380 -1.2141 -135.1974
v  2.3398 -1.1511 -133.3423
v  2.2009 -1.1518 -133.3423
v  2.1902 -1.2489 -135.1974
v  2.3483 -1.2481 -135.1974
v  2.6030 -1.0744 -133.3423
v  2.4747 -1.1277 -133.3423
v  2.5019 -1.2215 -135.1974
v  2.6480 -1.1607 -135.1974
v  2.8168 -0.9028 -133.3423
v  2.7214 -1.0029 -133.3423
v  2.7828 -1.0793 -135.1974
v  2.8914 -0.9653 -135.1974
v  2.9487 -0.6624 -133.3423
v  2.8967 -0.7891 -133.3423
v  2.9823 -0.8359 -135.1974
v  3.0415 -0.6917 -135.1974
v  2.9785 -0.3899 -133.3423
v  2.9768 -0.5276 -133.3423
v  3.0735 -0.5382 -135.1974
v  3.0755 -0.3814 -135.1974
v  2.9196 -0.8015 -135.6704
v  2.8367 -0.9195 -135.6704
v  2.7378 -1.0233 -135.6704
v  2.9735 -0.6702 -135.6704
v  2.6150 -1.0974 -135.6704
v  2.9249 -0.1147 -135.6704
v  2.4820 -1.1527 -135.6704
v  2.3421 -1.1770 -135.6704
v  2.1981 -1.1777 -135.6704
v  2.0595 -1.1460 -135.6704
v  1.6323 -0.7875 -135.6704
v  1.9262 -1.0915 -135.6704
v  1.8102 -1.0093 -135.6704
v  1.7079 -0.9079 -135.6704
v  1.5765 -0.6547 -135.6704
v  1.5527 -0.5146 -135.6704
v  1.5521 -0.3706 -135.6704
v  1.5837 -0.2320 -135.6704
v  1.9421 0.1952 -135.6704
v  1.6382 -0.0987 -135.6704
v  1.7204 0.0173 -135.6704
v  1.8218 0.1196 -135.6704
v  2.0749 0.2509 -135.6704
v  2.2151 0.2748 -135.6704
v  2.3591 0.2754 -135.6704
v  2.4977 0.2438 -135.6704
v  2.6310 0.1893 -135.6704
v  2.7469 0.1071 -135.6704
v  2.8492 0.0057 -135.6704
v  2.9806 -0.2475 -135.6704
v  3.0026 -0.5304 -135.6704
v  3.0044 -0.3876 -135.6704
v  3.0444 -0.0524 -135.2374
v  3.1105 -0.2098 -135.2374
v  3.1181 -0.2076 -135.2874
v  3.0515 -0.0487 -135.2874
v  3.1387 -0.3758 -135.2374
v  3.1365 -0.5451 -135.2374
v  3.1444 -0.5459 -135.2874
v  3.1466 -0.3752 -135.2874
v  3.1020 -0.7107 -135.2374
v  3.0382 -0.8664 -135.2374
v  3.0451 -0.8702 -135.2874
v  3.1096 -0.7131 -135.2874
v  2.9400 -1.0061 -135.2374
v  2.8228 -1.1291 -135.2374
v  2.8278 -1.1354 -135.2874
v  2.9461 -1.0112 -135.2874
v  2.6773 -1.2170 -135.2374
v  2.5196 -1.2826 -135.2374
v  2.5218 -1.2902 -135.2874
v  2.6809 -1.2240 -135.2874
v  2.3538 -1.3113 -135.2374
v  2.1832 -1.3121 -135.2374
v  2.1823 -1.3200 -135.2874
v  2.3545 -1.3192 -135.2874
v  2.0189 -1.2746 -135.2374
v  1.8610 -1.2100 -135.2374
v  1.8571 -1.2169 -135.2874
v  2.0165 -1.2821 -135.2874
v  1.7236 -1.1125 -135.2374
v  1.6023 -0.9924 -135.2374
v  1.5961 -0.9974 -135.2874
v  1.7185 -1.1186 -135.2874
v  1.5127 -0.8498 -135.2374
v  1.4467 -0.6924 -135.2374
v  1.4390 -0.6946 -135.2874
v  1.5057 -0.8535 -135.2874
v  1.4184 -0.5264 -135.2374
v  1.4176 -0.3557 -135.2374
v  1.4097 -0.3548 -135.2874
v  1.4105 -0.5270 -135.2874
v  1.4551 -0.1915 -135.2374
v  1.5197 -0.0335 -135.2374
v  1.5127 -0.0296 -135.2874
v  1.4475 -0.1891 -135.2874
v  1.6171 0.1039 -135.2374
v  1.7373 0.2251 -135.2374
v  1.7323 0.2314 -135.2874
v  1.6111 0.1090 -135.2874
v  1.8799 0.3148 -135.2374
v  2.0372 0.3808 -135.2374
v  2.0350 0.3885 -135.2874
v  1.8762 0.3218 -135.2874
v  2.2033 0.4091 -135.2374
v  2.3740 0.4098 -135.2374
v  2.3749 0.4177 -135.2874
v  2.2026 0.4170 -135.2874
v  2.5382 0.3724 -135.2374
v  2.6962 0.3078 -135.2374
v  2.7000 0.3148 -135.2874
v  2.5406 0.3799 -135.2874
v  2.8336 0.2103 -135.2374
v  2.9548 0.0902 -135.2374
v  2.9610 0.0952 -135.2874
v  2.8387 0.2164 -135.2874
v  3.0233 -0.0634 -135.2074
v  3.0876 -0.2164 -135.2074
v  3.1150 -0.3779 -135.2074
v  3.1129 -0.5425 -135.2074
v  3.0794 -0.7036 -135.2074
v  3.0172 -0.8549 -135.2074
v  2.9218 -0.9908 -135.2074
v  2.8078 -1.1105 -135.2074
v  2.6663 -1.1959 -135.2074
v  2.5130 -1.2597 -135.2074
v  2.3517 -1.2876 -135.2074
v  2.1858 -1.2884 -135.2074
v  2.0261 -1.2519 -135.2074
v  1.8725 -1.1891 -135.2074
v  1.7388 -1.0943 -135.2074
v  1.6210 -0.9775 -135.2074
v  1.5338 -0.8388 -135.2074
v  1.4696 -0.6858 -135.2074
v  1.4421 -0.5243 -135.2074
v  1.4414 -0.3583 -135.2074
v  1.4778 -0.1986 -135.2074
v  1.5406 -0.0450 -135.2074
v  1.6354 0.0886 -135.2074
v  1.7522 0.2065 -135.2074
v  1.8909 0.2937 -135.2074
v  2.0439 0.3579 -135.2074
v  2.2054 0.3854 -135.2074
v  2.3713 0.3861 -135.2074
v  2.5311 0.3497 -135.2074
v  2.6847 0.2869 -135.2074
v  2.8183 0.1921 -135.2074
v  2.9362 0.0753 -135.2074
v  3.1181 -0.2076 -135.3410
v  3.0515 -0.0487 -135.3410
v  2.9610 0.0952 -135.3410
v  2.8387 0.2164 -135.3410
v  2.7000 0.3148 -135.3410
v  2.5406 0.3799 -135.3410
v  2.3749 0.4177 -135.3410
v  2.2026 0.4170 -135.3410
v  2.0350 0.3885 -135.3410
v  1.8762 0.3218 -135.3410
v  1.7323 0.2314 -135.3410
v  1.6111 0.1090 -135.3410
v  1.5127 -0.0296 -135.3410
v  1.4475 -0.1891 -135.3410
v  1.4097 -0.3548 -135.3410
v  1.4105 -0.5270 -135.3410
v  1.4390 -0.6946 -135.3410
v  1.5057 -0.8535 -135.3410
v  1.5961 -0.9974 -135.3410
v  1.7185 -1.1186 -135.3410
v  1.8571 -1.2169 -135.3410
v  2.0165 -1.2821 -135.3410
v  2.1823 -1.3200 -135.3410
v  2.3545 -1.3192 -135.3410
v  2.5218 -1.2902 -135.3410
v  2.6809 -1.2240 -135.3410
v  2.8278 -1.1354 -135.3410
v  2.9461 -1.0112 -135.3410
v  3.0451 -0.8702 -135.3410
v  3.1096 -0.7131 -135.3410
v  3.1444 -0.5459 -135.3410
v  3.1466 -0.3752 -135.3410
v  2.8543 -0.6326 -133.2048
v  2.9034 -0.6481 -133.2148
v  2.9296 -0.5224 -133.2148
v  2.8784 -0.5168 -133.2048
v  2.8799 -0.3985 -133.2048
v  2.9313 -0.3940 -133.2148
v  2.9098 -0.2680 -133.2148
v  2.8602 -0.2824 -133.2048
v  2.8140 -0.1723 -133.2048
v  2.8597 -0.1486 -133.2148
v  2.7917 -0.0403 -133.2148
v  2.7514 -0.0726 -133.2048
v  2.6666 0.0113 -133.2048
v  2.6997 0.0508 -133.2148
v  2.5955 0.1248 -133.2148
v  2.5705 0.0795 -133.2048
v  2.4601 0.1246 -133.2048
v  2.4756 0.1738 -133.2148
v  2.3510 0.2022 -133.2148
v  2.3453 0.1508 -133.2048
v  2.2260 0.1503 -133.2048
v  2.2215 0.2016 -133.2148
v  2.0955 0.1802 -133.2148
v  2.1098 0.1305 -133.2048
v  1.9998 0.0844 -133.2048
v  1.9760 0.1301 -133.2148
v  1.8678 0.0620 -133.2148
v  1.9001 0.0217 -133.2048
v  1.8161 -0.0631 -133.2048
v  1.7767 -0.0300 -133.2148
v  1.7027 -0.1342 -133.2148
v  1.7480 -0.1591 -133.2048
v  1.7028 -0.2696 -133.2048
v  1.6537 -0.2541 -133.2148
v  1.6253 -0.3787 -133.2148
v  1.6766 -0.3844 -133.2048
v  1.6772 -0.5037 -133.2048
v  1.6259 -0.5082 -133.2148
v  1.6473 -0.6342 -133.2148
v  1.6969 -0.6198 -133.2048
v  1.7431 -0.7298 -133.2048
v  1.6974 -0.7536 -133.2148
v  1.7654 -0.8618 -133.2148
v  1.8058 -0.8296 -133.2048
v  1.8905 -0.9135 -133.2048
v  1.8574 -0.9530 -133.2148
v  1.9617 -1.0269 -133.2148
v  1.9866 -0.9817 -133.2048
v  2.0970 -1.0268 -133.2048
v  2.0815 -1.0760 -133.2148
v  2.2062 -1.1044 -133.2148
v  2.2119 -1.0531 -133.2048
v  2.3312 -1.0525 -133.2048
v  2.3357 -1.1038 -133.2148
v  2.4615 -1.0820 -133.2148
v  2.4471 -1.0324 -133.2048
v  2.5573 -0.9866 -133.2048
v  2.5811 -1.0323 -133.2148
v  2.6915 -0.9656 -133.2148
v  2.6590 -0.9252 -133.2048
v  2.7410 -0.8391 -133.2048
v  2.7805 -0.8722 -133.2148
v  2.8549 -0.7662 -133.2148
v  2.8096 -0.7414 -133.2048
v  2.9341 -0.6578 -133.2448
v  2.9615 -0.5259 -133.2448
v  2.9463 -0.6616 -133.2947
v  2.9743 -0.5273 -133.2947
v  2.9633 -0.3912 -133.2448
v  2.9408 -0.2590 -133.2448
v  2.9761 -0.3901 -133.2947
v  2.9532 -0.2554 -133.2947
v  2.8882 -0.1337 -133.2448
v  2.8169 -0.0202 -133.2448
v  2.8996 -0.1278 -133.2947
v  2.8269 -0.0122 -133.2947
v  2.7204 0.0754 -133.2448
v  2.6110 0.1530 -133.2448
v  2.7286 0.0853 -133.2947
v  2.6172 0.1643 -133.2947
v  2.4853 0.2044 -133.2448
v  2.3545 0.2343 -133.2448
v  2.4891 0.2167 -133.2947
v  2.3559 0.2470 -133.2947
v  2.2187 0.2336 -133.2448
v  2.0865 0.2111 -133.2448
v  2.2175 0.2464 -133.2947
v  2.0829 0.2235 -133.2947
v  1.9612 0.1586 -133.2448
v  1.8477 0.0872 -133.2448
v  1.9553 0.1700 -133.2947
v  1.8396 0.0973 -133.2947
v  1.7520 -0.0093 -133.2448
v  1.6745 -0.1187 -133.2448
v  1.7422 -0.0010 -133.2947
v  1.6632 -0.1125 -133.2947
v  1.6230 -0.2444 -133.2448
v  1.5932 -0.3751 -133.2448
v  1.6108 -0.2406 -133.2947
v  1.5804 -0.3737 -133.2947
v  1.5938 -0.5110 -133.2448
v  1.6163 -0.6432 -133.2448
v  1.5811 -0.5121 -133.2947
v  1.6040 -0.6468 -133.2947
v  1.6689 -0.7685 -133.2448
v  1.7402 -0.8820 -133.2448
v  1.6575 -0.7744 -133.2947
v  1.7302 -0.8900 -133.2947
v  1.8368 -0.9776 -133.2448
v  1.9461 -1.0552 -133.2448
v  1.8285 -0.9874 -133.2947
v  1.9399 -1.0665 -133.2947
v  2.0719 -1.1066 -133.2448
v  2.2026 -1.1365 -133.2448
v  2.0680 -1.1188 -133.2947
v  2.2012 -1.1493 -133.2947
v  2.3385 -1.1358 -133.2448
v  2.4704 -1.1130 -133.2448
v  2.3396 -1.1486 -133.2947
v  2.4740 -1.1253 -133.2947
v  2.5959 -1.0608 -133.2448
v  2.7118 -0.9909 -133.2448
v  2.6019 -1.0721 -133.2947
v  2.7198 -1.0009 -133.2947
v  2.8051 -0.8929 -133.2448
v  2.8832 -0.7817 -133.2448
v  2.8149 -0.9011 -133.2947
v  2.8945 -0.7879 -133.2947
v  3.1365 -0.3760 -135.6304
v  3.1083 -0.2104 -135.6304
v  3.0424 -0.0535 -135.6304
v  2.9530 0.0888 -135.6304
v  2.8321 0.2086 -135.6304
v  2.6951 0.3058 -135.6304
v  2.5375 0.3702 -135.6304
v  2.3737 0.4076 -135.6304
v  2.2035 0.4068 -135.6304
v  2.0379 0.3786 -135.6304
v  1.8809 0.3128 -135.6304
v  1.7387 0.2234 -135.6304
v  1.6189 0.1025 -135.6304
v  1.5217 -0.0346 -135.6304
v  1.4572 -0.1921 -135.6304
v  1.4199 -0.3559 -135.6304
v  1.4207 -0.5262 -135.6304
v  1.4488 -0.6918 -135.6304
v  1.5147 -0.8487 -135.6304
v  1.6041 -0.9910 -135.6304
v  1.7250 -1.1108 -135.6304
v  1.8621 -1.2080 -135.6304
v  2.0196 -1.2724 -135.6304
v  2.1834 -1.3099 -135.6304
v  2.3536 -1.3090 -135.6304
v  2.5190 -1.2804 -135.6304
v  2.6762 -1.2150 -135.6304
v  2.8213 -1.1274 -135.6304
v  2.9383 -1.0046 -135.6304
v  3.0362 -0.8653 -135.6304
v  3.0999 -0.7101 -135.6304
v  3.1343 -0.5448 -135.6304
v  3.1060 -0.3787 -135.6604
v  3.0788 -0.2190 -135.6604
v  3.0552 -0.3831 -135.6704
v  3.0297 -0.2332 -135.6704
v  3.0153 -0.0676 -135.6604
v  2.9291 0.0696 -135.6604
v  2.9701 -0.0911 -135.6704
v  2.8891 0.0377 -135.6704
v  2.8125 0.1852 -135.6604
v  2.6803 0.2789 -135.6604
v  2.7797 0.1461 -135.6704
v  2.6556 0.2341 -135.6704
v  2.5283 0.3410 -135.6604
v  2.3703 0.3771 -135.6604
v  2.5130 0.2924 -135.6704
v  2.3647 0.3263 -135.6704
v  2.2062 0.3763 -135.6604
v  2.0464 0.3492 -135.6604
v  2.2106 0.3255 -135.6704
v  2.0607 0.3000 -135.6704
v  1.8950 0.2856 -135.6604
v  1.7579 0.1994 -135.6604
v  1.9186 0.2404 -135.6704
v  1.7898 0.1595 -135.6704
v  1.6423 0.0828 -135.6604
v  1.5486 -0.0494 -135.6604
v  1.6814 0.0500 -135.6704
v  1.5934 -0.0740 -135.6704
v  1.4864 -0.2013 -135.6604
v  1.4504 -0.3593 -135.6604
v  1.5350 -0.2167 -135.6704
v  1.5012 -0.3649 -135.6704
v  1.4511 -0.5235 -135.6604
v  1.4783 -0.6832 -135.6604
v  1.5019 -0.5190 -135.6704
v  1.5274 -0.6690 -135.6704
v  1.5418 -0.8346 -135.6604
v  1.6281 -0.9718 -135.6604
v  1.5870 -0.8111 -135.6704
v  1.6680 -0.9399 -135.6704
v  1.7447 -1.0874 -135.6604
v  1.8768 -1.1811 -135.6604
v  1.7774 -1.0483 -135.6704
v  1.9015 -1.1363 -135.6704
v  2.0288 -1.2432 -135.6604
v  2.1868 -1.2794 -135.6604
v  2.0441 -1.1946 -135.6704
v  2.1924 -1.2285 -135.6704
v  2.3510 -1.2785 -135.6604
v  2.5104 -1.2509 -135.6604
v  2.3465 -1.2277 -135.6704
v  2.4962 -1.2018 -135.6704
v  2.6621 -1.1878 -135.6604
v  2.8020 -1.1033 -135.6604
v  2.6385 -1.1426 -135.6704
v  2.7699 -1.0633 -135.6704
v  2.9148 -0.9850 -135.6604
v  3.0092 -0.8506 -135.6604
v  2.8758 -0.9522 -135.6704
v  2.9644 -0.8261 -135.6704
v  3.0707 -0.7009 -135.6604
v  3.1039 -0.5415 -135.6604
v  3.0221 -0.6855 -135.6704
v  3.0532 -0.5360 -135.6704
v  0.3725 3.7135 -120.7863
v  0.3725 3.7135 -120.7313
v  0.4010 3.5459 -120.7313
v  0.4010 3.5459 -120.7863
v  0.2154 4.0163 -120.7863
v  0.2154 4.0163 -120.7313
v  0.3059 3.8723 -120.7313
v  0.3059 3.8723 -120.7863
v  -0.0456 4.2359 -120.7863
v  -0.0456 4.2359 -120.7313
v  0.0931 4.1375 -120.7313
v  0.0931 4.1375 -120.7863
v  -0.3707 4.3388 -120.7863
v  -0.3707 4.3388 -120.7313
v  -0.2050 4.3010 -120.7313
v  -0.2050 4.3010 -120.7863
v  -0.7105 4.3095 -120.7863
v  -0.7105 4.3095 -120.7313
v  -0.5430 4.3380 -120.7313
v  -0.5430 4.3380 -120.7863
v  -1.0133 4.1524 -120.7863
v  -1.0133 4.1524 -120.7313
v  -0.8694 4.2429 -120.7313
v  -0.8694 4.2429 -120.7863
v  -1.2329 3.8914 -120.7863
v  -1.2329 3.8914 -120.7313
v  -1.1345 4.0301 -120.7313
v  -1.1345 4.0301 -120.7863
v  -1.3359 3.5663 -120.7863
v  -1.3359 3.5663 -120.7313
v  -1.2981 3.7320 -120.7313
v  -1.2981 3.7320 -120.7863
v  -1.3061 3.2267 -120.7863
v  -1.3061 3.2267 -120.7313
v  -1.3351 3.3940 -120.7313
v  -1.3351 3.3940 -120.7863
v  -1.1513 2.9208 -120.7863
v  -1.1513 2.9208 -120.7313
v  -1.2399 3.0676 -120.7313
v  -1.2399 3.0676 -120.7863
v  -0.8855 2.7068 -120.7863
v  -0.8855 2.7068 -120.7313
v  -1.0271 2.8025 -120.7313
v  -1.0271 2.8025 -120.7863
v  -0.5633 2.6011 -120.7863
v  -0.5633 2.6011 -120.7313
v  -0.7290 2.6390 -120.7313
v  -0.7290 2.6390 -120.7863
v  -0.2235 2.6304 -120.7863
v  -0.2235 2.6304 -120.7313
v  -0.3911 2.6019 -120.7313
v  -0.3911 2.6019 -120.7863
v  0.0793 2.7875 -120.7863
v  0.0793 2.7875 -120.7313
v  -0.0647 2.6971 -120.7313
v  -0.0647 2.6971 -120.7863
v  0.2988 3.0485 -120.7863
v  0.2988 3.0485 -120.7313
v  0.2005 2.9099 -120.7313
v  0.2005 2.9099 -120.7863
v  0.4018 3.3737 -120.7863
v  0.4018 3.3737 -120.7313
v  0.3640 3.2080 -120.7313
v  0.3640 3.2080 -120.7863
v  0.0655 3.6245 -118.4107
v  0.0232 3.7252 -118.4107
v  -0.0341 3.8165 -118.4107
v  0.0836 3.5182 -118.4107
v  -0.1117 3.8934 -118.4107
v  -0.0436 3.1147 -118.4107
v  -0.1997 3.9558 -118.4107
v  -0.3008 3.9971 -118.4107
v  -0.4059 4.0211 -118.4107
v  -0.5152 4.0206 -118.4107
v  -0.8904 3.8253 -118.4107
v  -0.6215 4.0025 -118.4107
v  -0.7222 3.9602 -118.4107
v  -0.8135 3.9029 -118.4107
v  -0.9528 3.7373 -118.4107
v  -0.9941 3.6362 -118.4107
v  -1.0182 3.5311 -118.4107
v  -1.0176 3.4218 -118.4107
v  -0.8223 3.0466 -118.4107
v  -0.9992 3.3157 -118.4107
v  -0.9573 3.2148 -118.4107
v  -0.9010 3.1217 -118.4107
v  -0.7325 2.9859 -118.4107
v  -0.6332 2.9429 -118.4107
v  -0.5281 2.9189 -118.4107
v  -0.4188 2.9194 -118.4107
v  -0.3125 2.9375 -118.4107
v  -0.2118 2.9797 -118.4107
v  -0.1205 3.0371 -118.4107
v  0.0841 3.4089 -118.4107
v  0.0188 3.2027 -118.4107
v  0.0601 3.3038 -118.4107
v  0.1563 3.7944 -118.5482
v  0.2100 3.6664 -118.5482
v  0.3038 3.6936 -120.4033
v  0.2426 3.8394 -120.4033
v  -0.0154 4.0083 -118.5482
v  0.0833 3.9105 -118.5482
v  0.1595 3.9715 -120.4033
v  0.0472 4.0828 -120.4033
v  -0.2557 4.1401 -118.5482
v  -0.1272 4.0876 -118.5482
v  -0.0801 4.1731 -120.4033
v  -0.2264 4.2330 -120.4033
v  -0.5283 4.1700 -118.5482
v  -0.3894 4.1706 -118.5482
v  -0.3786 4.2677 -120.4033
v  -0.5367 4.2669 -120.4033
v  -0.7915 4.0933 -118.5482
v  -0.6634 4.1470 -118.5482
v  -0.6906 4.2408 -120.4033
v  -0.8364 4.1796 -120.4033
v  -1.0053 3.9217 -118.5482
v  -0.9075 4.0203 -118.5482
v  -0.9686 4.0965 -120.4033
v  -1.0798 3.9842 -120.4033
v  -1.1371 3.6813 -118.5482
v  -1.0846 3.8098 -118.5482
v  -1.1701 3.8569 -120.4033
v  -1.2300 3.7106 -120.4033
v  -1.1670 3.4088 -118.5482
v  -1.1677 3.5476 -118.5482
v  -1.2648 3.5584 -120.4033
v  -1.2640 3.4003 -120.4033
v  -1.0903 3.1455 -118.5482
v  -1.1436 3.2738 -118.5482
v  -1.2374 3.2467 -120.4033
v  -1.1766 3.1006 -120.4033
v  -0.9187 2.9317 -118.5482
v  -1.0188 3.0271 -118.5482
v  -1.0952 2.9658 -120.4033
v  -0.9812 2.8572 -120.4033
v  -0.6783 2.7999 -118.5482
v  -0.8045 2.8546 -118.5482
v  -0.8513 2.7693 -120.4033
v  -0.7076 2.7070 -120.4033
v  -0.4058 2.7700 -118.5482
v  -0.5447 2.7694 -118.5482
v  -0.5554 2.6723 -120.4033
v  -0.3973 2.6730 -120.4033
v  -0.1426 2.8467 -118.5482
v  -0.2706 2.7930 -118.5482
v  -0.2434 2.6992 -120.4033
v  -0.0976 2.7604 -120.4033
v  0.0713 3.0183 -118.5482
v  -0.0265 2.9197 -118.5482
v  0.0345 2.8434 -120.4033
v  0.1458 2.9558 -120.4033
v  0.2031 3.2587 -118.5482
v  0.1506 3.1301 -118.5482
v  0.2361 3.0831 -120.4033
v  0.2960 3.2294 -120.4033
v  0.2330 3.5312 -118.5482
v  0.2336 3.3924 -118.5482
v  0.3307 3.3816 -120.4033
v  0.3299 3.5397 -120.4033
v  0.1734 3.1176 -120.8763
v  0.0912 3.0016 -120.8763
v  -0.0102 2.8993 -120.8763
v  -0.1306 2.8237 -120.8763
v  0.2279 3.2509 -120.8763
v  0.1793 3.8064 -120.8763
v  -0.2634 2.7680 -120.8763
v  -0.4035 2.7441 -120.8763
v  -0.5475 2.7435 -120.8763
v  -0.6861 2.7751 -120.8763
v  -1.1133 3.1335 -120.8763
v  -0.8170 2.8318 -120.8763
v  -0.9354 2.9118 -120.8763
v  -1.0392 3.0108 -120.8763
v  -1.1687 3.2666 -120.8763
v  -1.1929 3.4065 -120.8763
v  -1.1936 3.5505 -120.8763
v  -1.1619 3.6891 -120.8763
v  -0.8035 4.1163 -120.8763
v  -1.1074 3.8224 -120.8763
v  -1.0252 3.9383 -120.8763
v  -0.9238 4.0407 -120.8763
v  -0.6707 4.1720 -120.8763
v  -0.5305 4.1958 -120.8763
v  -0.3865 4.1965 -120.8763
v  -0.2479 4.1649 -120.8763
v  -0.1146 4.1104 -120.8763
v  0.0013 4.0282 -120.8763
v  0.1036 3.9268 -120.8763
v  0.2350 3.6736 -120.8763
v  0.2595 3.3895 -120.8763
v  0.2588 3.5335 -120.8763
v  0.2989 3.8687 -120.4433
v  0.3649 3.7113 -120.4433
v  0.3725 3.7135 -120.4933
v  0.3059 3.8723 -120.4933
v  0.3931 3.5452 -120.4433
v  0.3939 3.3746 -120.4433
v  0.4018 3.3737 -120.4933
v  0.4010 3.5459 -120.4933
v  0.3565 3.2104 -120.4433
v  0.2919 3.0524 -120.4433
v  0.2988 3.0485 -120.4933
v  0.3640 3.2080 -120.4933
v  0.1944 2.9150 -120.4433
v  0.0743 2.7938 -120.4433
v  0.0793 2.7875 -120.4933
v  0.2005 2.9099 -120.4933
v  -0.0683 2.7041 -120.4433
v  -0.2257 2.6381 -120.4433
v  -0.2235 2.6304 -120.4933
v  -0.0647 2.6971 -120.4933
v  -0.3918 2.6098 -120.4433
v  -0.5624 2.6091 -120.4433
v  -0.5633 2.6011 -120.4933
v  -0.3911 2.6019 -120.4933
v  -0.7267 2.6465 -120.4433
v  -0.8817 2.7138 -120.4433
v  -0.8855 2.7068 -120.4933
v  -0.7290 2.6390 -120.4933
v  -1.0220 2.8086 -120.4433
v  -1.1451 2.9258 -120.4433
v  -1.1513 2.9208 -120.4933
v  -1.0271 2.8025 -120.4933
v  -1.2329 3.0713 -120.4433
v  -1.2985 3.2290 -120.4433
v  -1.3061 3.2267 -120.4933
v  -1.2399 3.0676 -120.4933
v  -1.3272 3.3947 -120.4433
v  -1.3280 3.5654 -120.4433
v  -1.3359 3.5663 -120.4933
v  -1.3351 3.3940 -120.4933
v  -1.2905 3.7296 -120.4433
v  -1.2259 3.8876 -120.4433
v  -1.2329 3.8914 -120.4933
v  -1.2981 3.7320 -120.4933
v  -1.1284 4.0250 -120.4433
v  -1.0083 4.1462 -120.4433
v  -1.0133 4.1524 -120.4933
v  -1.1345 4.0301 -120.4933
v  -0.8657 4.2359 -120.4433
v  -0.7083 4.3019 -120.4433
v  -0.7105 4.3095 -120.4933
v  -0.8694 4.2429 -120.4933
v  -0.5423 4.3301 -120.4433
v  -0.3716 4.3309 -120.4433
v  -0.3707 4.3388 -120.4933
v  -0.5430 4.3380 -120.4933
v  -0.2074 4.2935 -120.4433
v  -0.0494 4.2289 -120.4433
v  -0.0456 4.2359 -120.4933
v  -0.2050 4.3010 -120.4933
v  0.0880 4.1314 -120.4433
v  0.2092 4.0113 -120.4433
v  0.2154 4.0163 -120.4933
v  0.0931 4.1375 -120.4933
v  0.2778 3.8577 -120.4133
v  0.3420 3.7047 -120.4133
v  0.3694 3.5432 -120.4133
v  0.3702 3.3772 -120.4133
v  0.3338 3.2175 -120.4133
v  0.2710 3.0639 -120.4133
v  0.1762 2.9303 -120.4133
v  0.0594 2.8124 -120.4133
v  -0.0793 2.7252 -120.4133
v  -0.2323 2.6610 -120.4133
v  -0.3938 2.6335 -120.4133
v  -0.5598 2.6328 -120.4133
v  -0.7195 2.6692 -120.4133
v  -0.8703 2.7346 -120.4133
v  -1.0067 2.8268 -120.4133
v  -1.1264 2.9408 -120.4133
v  -1.2118 3.0823 -120.4133
v  -1.2756 3.2356 -120.4133
v  -1.3035 3.3968 -120.4133
v  -1.3043 3.5628 -120.4133
v  -1.2678 3.7225 -120.4133
v  -1.2050 3.8761 -120.4133
v  -1.1102 4.0097 -120.4133
v  -0.9934 4.1276 -120.4133
v  -0.8547 4.2148 -120.4133
v  -0.7017 4.2790 -120.4133
v  -0.5402 4.3064 -120.4133
v  -0.3742 4.3072 -120.4133
v  -0.2145 4.2708 -120.4133
v  -0.0609 4.2080 -120.4133
v  0.0727 4.1132 -120.4133
v  0.1906 3.9964 -120.4133
v  0.3725 3.7135 -120.5469
v  0.3059 3.8723 -120.5469
v  0.2154 4.0163 -120.5469
v  0.0931 4.1375 -120.5469
v  -0.0456 4.2359 -120.5469
v  -0.2050 4.3010 -120.5469
v  -0.3707 4.3388 -120.5469
v  -0.5430 4.3380 -120.5469
v  -0.7105 4.3095 -120.5469
v  -0.8694 4.2429 -120.5469
v  -1.0133 4.1524 -120.5469
v  -1.1345 4.0301 -120.5469
v  -1.2329 3.8914 -120.5469
v  -1.2981 3.7320 -120.5469
v  -1.3359 3.5663 -120.5469
v  -1.3351 3.3940 -120.5469
v  -1.3061 3.2267 -120.5469
v  -1.2399 3.0676 -120.5469
v  -1.1513 2.9208 -120.5469
v  -1.0271 2.8025 -120.5469
v  -0.8855 2.7068 -120.5469
v  -0.7290 2.6390 -120.5469
v  -0.5633 2.6011 -120.5469
v  -0.3911 2.6019 -120.5469
v  -0.2235 2.6304 -120.5469
v  -0.0647 2.6971 -120.5469
v  0.0793 2.7875 -120.5469
v  0.2005 2.9099 -120.5469
v  0.2988 3.0485 -120.5469
v  0.3640 3.2080 -120.5469
v  0.4018 3.3737 -120.5469
v  0.4010 3.5459 -120.5469
v  0.1087 3.2885 -118.4107
v  0.1578 3.2730 -118.4207
v  0.1863 3.3976 -118.4207
v  0.1349 3.4033 -118.4107
v  0.1344 3.5226 -118.4107
v  0.1857 3.5271 -118.4207
v  0.1642 3.6531 -118.4207
v  0.1146 3.6387 -118.4107
v  0.0685 3.7487 -118.4107
v  0.1141 3.7725 -118.4207
v  0.0461 3.8807 -118.4207
v  0.0058 3.8485 -118.4107
v  -0.0790 3.9324 -118.4107
v  -0.0459 3.9719 -118.4207
v  -0.1501 4.0458 -118.4207
v  -0.1750 4.0006 -118.4107
v  -0.2855 4.0457 -118.4107
v  -0.2700 4.0949 -118.4207
v  -0.3946 4.1233 -118.4207
v  -0.4003 4.0719 -118.4107
v  -0.5196 4.0714 -118.4107
v  -0.5241 4.1227 -118.4207
v  -0.6501 4.1013 -118.4207
v  -0.6357 4.0516 -118.4107
v  -0.7458 4.0055 -118.4107
v  -0.7695 4.0511 -118.4207
v  -0.8778 3.9831 -118.4207
v  -0.8455 3.9428 -118.4107
v  -0.9295 3.8580 -118.4107
v  -0.9689 3.8911 -118.4207
v  -1.0429 3.7869 -118.4207
v  -0.9976 3.7620 -118.4107
v  -1.0428 3.6515 -118.4107
v  -1.0919 3.6670 -118.4207
v  -1.1204 3.5424 -118.4207
v  -1.0690 3.5367 -118.4107
v  -1.0684 3.4174 -118.4107
v  -1.1197 3.4129 -118.4207
v  -1.0979 3.2871 -118.4207
v  -1.0483 3.3015 -118.4107
v  -1.0025 3.1912 -118.4107
v  -1.0482 3.1675 -118.4207
v  -0.9815 3.0571 -118.4207
v  -0.9411 3.0895 -118.4107
v  -0.8550 3.0075 -118.4107
v  -0.8882 2.9681 -118.4207
v  -0.7817 2.8962 -118.4207
v  -0.7570 2.9413 -118.4107
v  -0.6485 2.8943 -118.4107
v  -0.6640 2.8451 -118.4207
v  -0.5394 2.8167 -118.4207
v  -0.5337 2.8681 -118.4107
v  -0.4144 2.8686 -118.4107
v  -0.4099 2.8173 -118.4207
v  -0.2839 2.8387 -118.4207
v  -0.2983 2.8884 -118.4107
v  -0.1883 2.9345 -118.4107
v  -0.1645 2.8888 -118.4207
v  -0.0563 2.9569 -118.4207
v  -0.0886 2.9972 -118.4107
v  -0.0046 3.0820 -118.4107
v  0.0349 3.0489 -118.4207
v  0.1088 3.1531 -118.4207
v  0.0636 3.1780 -118.4107
v  0.1885 3.2633 -118.4507
v  0.2183 3.3940 -118.4507
v  0.2007 3.2595 -118.5006
v  0.2311 3.3926 -118.5006
v  0.2177 3.5299 -118.4507
v  0.1952 3.6621 -118.4507
v  0.2305 3.5310 -118.5006
v  0.2076 3.6657 -118.5006
v  0.1427 3.7874 -118.4507
v  0.0713 3.9009 -118.4507
v  0.1540 3.7933 -118.5006
v  0.0813 3.9089 -118.5006
v  -0.0252 3.9965 -118.4507
v  -0.1346 4.0741 -118.4507
v  -0.0170 4.0063 -118.5006
v  -0.1284 4.0854 -118.5006
v  -0.2603 4.1255 -118.4507
v  -0.3911 4.1553 -118.4507
v  -0.2565 4.1377 -118.5006
v  -0.3896 4.1681 -118.5006
v  -0.5269 4.1547 -118.4507
v  -0.6591 4.1322 -118.4507
v  -0.5280 4.1675 -118.5006
v  -0.6627 4.1446 -118.5006
v  -0.7844 4.0797 -118.4507
v  -0.8979 4.0083 -118.4507
v  -0.7903 4.0910 -118.5006
v  -0.9060 4.0184 -118.5006
v  -0.9935 3.9118 -118.4507
v  -1.0711 3.8024 -118.4507
v  -1.0034 3.9200 -118.5006
v  -1.0824 3.8086 -118.5006
v  -1.1225 3.6767 -118.4507
v  -1.1524 3.5459 -118.4507
v  -1.1348 3.6805 -118.5006
v  -1.1652 3.5473 -118.5006
v  -1.1517 3.4101 -118.4507
v  -1.1289 3.2781 -118.4507
v  -1.1645 3.4090 -118.5006
v  -1.1412 3.2745 -118.5006
v  -1.0767 3.1526 -118.4507
v  -1.0068 3.0368 -118.4507
v  -1.0881 3.1467 -118.5006
v  -1.0168 3.0287 -118.5006
v  -0.9088 2.9435 -118.4507
v  -0.7972 2.8680 -118.4507
v  -0.9171 2.9336 -118.5006
v  -0.8033 2.8568 -118.5006
v  -0.6737 2.8145 -118.4507
v  -0.5430 2.7846 -118.4507
v  -0.6776 2.8022 -118.5006
v  -0.5444 2.7719 -118.5006
v  -0.4071 2.7853 -118.4507
v  -0.2749 2.8077 -118.4507
v  -0.4060 2.7725 -118.5006
v  -0.2713 2.7954 -118.5006
v  -0.1496 2.8603 -118.4507
v  -0.0361 2.9317 -118.4507
v  -0.1437 2.8489 -118.5006
v  -0.0281 2.9216 -118.5006
v  0.0595 3.0282 -118.4507
v  0.1371 3.1376 -118.4507
v  0.0693 3.0199 -118.5006
v  0.1484 3.1314 -118.5006
v  0.3909 3.5451 -120.8363
v  0.3627 3.7107 -120.8363
v  0.2969 3.8676 -120.8363
v  0.2075 4.0099 -120.8363
v  0.0865 4.1297 -120.8363
v  -0.0505 4.2269 -120.8363
v  -0.2080 4.2913 -120.8363
v  -0.3719 4.3287 -120.8363
v  -0.5421 4.3279 -120.8363
v  -0.7077 4.2997 -120.8363
v  -0.8647 4.2339 -120.8363
v  -1.0069 4.1445 -120.8363
v  -1.1267 4.0235 -120.8363
v  -1.2239 3.8865 -120.8363
v  -1.2883 3.7290 -120.8363
v  -1.3258 3.5651 -120.8363
v  -1.3249 3.3949 -120.8363
v  -1.2963 3.2296 -120.8363
v  -1.2309 3.0723 -120.8363
v  -1.1433 2.9272 -120.8363
v  -1.0206 2.8103 -120.8363
v  -0.8807 2.7157 -120.8363
v  -0.7260 2.6487 -120.8363
v  -0.5622 2.6113 -120.8363
v  -0.3920 2.6121 -120.8363
v  -0.2263 2.6403 -120.8363
v  -0.0694 2.7061 -120.8363
v  0.0729 2.7955 -120.8363
v  0.1927 2.9164 -120.8363
v  0.2899 3.0535 -120.8363
v  0.3543 3.2110 -120.8363
v  0.3917 3.3748 -120.8363
v  0.3604 3.5424 -120.8663
v  0.3332 3.7021 -120.8663
v  0.3096 3.5379 -120.8763
v  0.2841 3.6879 -120.8763
v  0.2697 3.8535 -120.8663
v  0.1835 3.9907 -120.8663
v  0.2245 3.8300 -120.8763
v  0.1436 3.9587 -120.8763
v  0.0669 4.1063 -120.8663
v  -0.0653 4.2000 -120.8663
v  0.0341 4.0672 -120.8763
v  -0.0899 4.1552 -120.8763
v  -0.2172 4.2621 -120.8663
v  -0.3752 4.2982 -120.8663
v  -0.2326 4.2135 -120.8763
v  -0.3809 4.2473 -120.8763
v  -0.5394 4.2974 -120.8663
v  -0.6991 4.2703 -120.8663
v  -0.5350 4.2466 -120.8763
v  -0.6849 4.2211 -120.8763
v  -0.8505 4.2067 -120.8663
v  -0.9877 4.1205 -120.8663
v  -0.8270 4.1615 -120.8763
v  -0.9558 4.0806 -120.8763
v  -1.1033 4.0039 -120.8663
v  -1.1970 3.8717 -120.8663
v  -1.0642 3.9711 -120.8763
v  -1.1522 3.8471 -120.8763
v  -1.2592 3.7198 -120.8663
v  -1.2953 3.5618 -120.8663
v  -1.2105 3.7044 -120.8763
v  -1.2444 3.5561 -120.8763
v  -1.2944 3.3976 -120.8663
v  -1.2668 3.2381 -120.8663
v  -1.2437 3.4020 -120.8763
v  -1.2177 3.2524 -120.8763
v  -1.2038 3.0865 -120.8663
v  -1.1193 2.9465 -120.8663
v  -1.1585 3.1100 -120.8763
v  -1.0792 2.9786 -120.8763
v  -1.0009 2.8337 -120.8663
v  -0.8660 2.7425 -120.8663
v  -0.9681 2.8728 -120.8763
v  -0.8415 2.7872 -120.8763
v  -0.7168 2.6778 -120.8663
v  -0.5588 2.6418 -120.8663
v  -0.7014 2.7265 -120.8763
v  -0.5532 2.6926 -120.8763
v  -0.3946 2.6426 -120.8663
v  -0.2349 2.6697 -120.8663
v  -0.3991 2.6934 -120.8763
v  -0.2491 2.7189 -120.8763
v  -0.0835 2.7333 -120.8663
v  0.0537 2.8195 -120.8663
v  -0.1070 2.7785 -120.8763
v  0.0217 2.8594 -120.8763
v  0.1693 2.9361 -120.8663
v  0.2630 3.0683 -120.8663
v  0.1302 2.9689 -120.8763
v  0.2182 3.0929 -120.8763
v  0.3251 3.2202 -120.8663
v  0.3612 3.3782 -120.8663
v  0.2765 3.2356 -120.8763
v  0.3103 3.3838 -120.8763
v  -1.6511 -0.6226 -150.1935
v  -1.6511 -0.6226 -150.1384
v  -1.6219 -0.7923 -150.1384
v  -1.6219 -0.7923 -150.1935
v  -1.8089 -0.3203 -150.1935
v  -1.8089 -0.3203 -150.1384
v  -1.7171 -0.4659 -150.1384
v  -1.7171 -0.4659 -150.1935
v  -2.0705 -0.1013 -150.1935
v  -2.0705 -0.1013 -150.1384
v  -1.9299 -0.2008 -150.1384
v  -1.9299 -0.2008 -150.1935
v  -2.3959 0.0008 -150.1935
v  -2.3959 0.0008 -150.1384
v  -2.2280 -0.0373 -150.1384
v  -2.2280 -0.0373 -150.1935
v  -2.7357 -0.0294 -150.1935
v  -2.7357 -0.0294 -150.1384
v  -2.5659 -0.0002 -150.1384
v  -2.5659 -0.0002 -150.1935
v  -3.0380 -0.1873 -150.1935
v  -3.0380 -0.1873 -150.1384
v  -2.8923 -0.0954 -150.1384
v  -2.8923 -0.0954 -150.1935
v  -3.2569 -0.4488 -150.1935
v  -3.2569 -0.4488 -150.1384
v  -3.1575 -0.3082 -150.1384
v  -3.1575 -0.3082 -150.1935
v  -3.3591 -0.7742 -150.1935
v  -3.3591 -0.7742 -150.1384
v  -3.3210 -0.6063 -150.1384
v  -3.3210 -0.6063 -150.1935
v  -3.3289 -1.1140 -150.1935
v  -3.3289 -1.1140 -150.1384
v  -3.3580 -0.9442 -150.1384
v  -3.3580 -0.9442 -150.1935
v  -3.1710 -1.4163 -150.1935
v  -3.1710 -1.4163 -150.1384
v  -3.2629 -1.2706 -150.1384
v  -3.2629 -1.2706 -150.1935
v  -2.9095 -1.6352 -150.1935
v  -2.9095 -1.6352 -150.1384
v  -3.0501 -1.5358 -150.1384
v  -3.0501 -1.5358 -150.1935
v  -2.5840 -1.7374 -150.1935
v  -2.5840 -1.7374 -150.1384
v  -2.7520 -1.6993 -150.1384
v  -2.7520 -1.6993 -150.1935
v  -2.2466 -1.7040 -150.1935
v  -2.2466 -1.7040 -150.1384
v  -2.4140 -1.7363 -150.1384
v  -2.4140 -1.7363 -150.1935
v  -1.9408 -1.5526 -150.1935
v  -1.9408 -1.5526 -150.1384
v  -2.0876 -1.6412 -150.1384
v  -2.0876 -1.6412 -150.1935
v  -1.7234 -1.2874 -150.1935
v  -1.7234 -1.2874 -150.1384
v  -1.8225 -1.4284 -150.1384
v  -1.8225 -1.4284 -150.1935
v  -1.6208 -0.9624 -150.1935
v  -1.6208 -0.9624 -150.1384
v  -1.6589 -1.1303 -150.1384
v  -1.6589 -1.1303 -150.1935
v  -1.9579 -0.7124 -147.8179
v  -1.9997 -0.6131 -147.8179
v  -2.0580 -0.5207 -147.8179
v  -2.1347 -0.4449 -147.8179
v  -1.9394 -0.8201 -147.8179
v  -2.0666 -1.2236 -147.8179
v  -2.2239 -0.3818 -147.8179
v  -2.3238 -0.3412 -147.8179
v  -2.4303 -0.3170 -147.8179
v  -2.5382 -0.3177 -147.8179
v  -2.9134 -0.5130 -147.8179
v  -2.6458 -0.3362 -147.8179
v  -2.7452 -0.3780 -147.8179
v  -2.8376 -0.4363 -147.8179
v  -2.9764 -0.6022 -147.8179
v  -3.0171 -0.7021 -147.8179
v  -3.0412 -0.8086 -147.8179
v  -3.0406 -0.9165 -147.8179
v  -2.8453 -1.2917 -147.8179
v  -3.0221 -1.0241 -147.8179
v  -2.9802 -1.1235 -147.8179
v  -2.9220 -1.2159 -147.8179
v  -2.7561 -1.3548 -147.8179
v  -2.6562 -1.3954 -147.8179
v  -2.5496 -1.4195 -147.8179
v  -2.4418 -1.4189 -147.8179
v  -2.3356 -1.3984 -147.8179
v  -2.2348 -1.3585 -147.8179
v  -2.1416 -1.3023 -147.8179
v  -2.0038 -1.1341 -147.8179
v  -1.9387 -0.9280 -147.8179
v  -1.9629 -1.0345 -147.8179
v  -1.8667 -0.5438 -147.9554
v  -1.8135 -0.6702 -147.9554
v  -1.7198 -0.6427 -149.8105
v  -1.7804 -0.4989 -149.8105
v  -2.0383 -0.3300 -147.9554
v  -1.9408 -0.4264 -147.9554
v  -1.8647 -0.3651 -149.8105
v  -1.9758 -0.2555 -149.8105
v  -2.2787 -0.1982 -147.9554
v  -2.1517 -0.2498 -147.9554
v  -2.1049 -0.1642 -149.8105
v  -2.2494 -0.1053 -149.8105
v  -2.5512 -0.1683 -147.9554
v  -2.4141 -0.1675 -147.9554
v  -2.4036 -0.0704 -149.8105
v  -2.5597 -0.0713 -149.8105
v  -2.8144 -0.2450 -147.9554
v  -2.6881 -0.1918 -147.9554
v  -2.7156 -0.0981 -149.8105
v  -2.8594 -0.1587 -149.8105
v  -3.0283 -0.4166 -147.9554
v  -2.9319 -0.3191 -147.9554
v  -2.9931 -0.2430 -149.8105
v  -3.1028 -0.3541 -149.8105
v  -3.1601 -0.6570 -147.9554
v  -3.1084 -0.5300 -147.9554
v  -3.1941 -0.4832 -149.8105
v  -3.2530 -0.6277 -149.8105
v  -3.1900 -0.9295 -147.9554
v  -3.1908 -0.7925 -147.9554
v  -3.2879 -0.7819 -149.8105
v  -3.2869 -0.9380 -149.8105
v  -3.1132 -1.1927 -147.9554
v  -3.1665 -1.0664 -147.9554
v  -3.2602 -1.0939 -149.8105
v  -3.1996 -1.2377 -149.8105
v  -2.9416 -1.4066 -147.9554
v  -3.0392 -1.3102 -147.9554
v  -3.1152 -1.3714 -149.8105
v  -3.0042 -1.4811 -149.8105
v  -2.7013 -1.5384 -147.9554
v  -2.8282 -1.4867 -147.9554
v  -2.8751 -1.5724 -149.8105
v  -2.7306 -1.6313 -149.8105
v  -2.4287 -1.5683 -147.9554
v  -2.5658 -1.5691 -147.9554
v  -2.5763 -1.6662 -149.8105
v  -2.4203 -1.6652 -149.8105
v  -2.1655 -1.4916 -147.9554
v  -2.2937 -1.5422 -147.9554
v  -2.2665 -1.6355 -149.8105
v  -2.1206 -1.5779 -149.8105
v  -1.9517 -1.3199 -147.9554
v  -2.0471 -1.4201 -147.9554
v  -1.9858 -1.4965 -149.8105
v  -1.8772 -1.3825 -149.8105
v  -1.8199 -1.0796 -147.9554
v  -1.8718 -1.2062 -147.9554
v  -1.7862 -1.2531 -149.8105
v  -1.7270 -1.1089 -149.8105
v  -1.7900 -0.8071 -147.9554
v  -1.7891 -0.9442 -147.9554
v  -1.6920 -0.9547 -149.8105
v  -1.6930 -0.7986 -149.8105
v  -1.8490 -1.2187 -150.2835
v  -1.9318 -1.3366 -150.2835
v  -2.0308 -1.4405 -150.2835
v  -1.7951 -1.0874 -150.2835
v  -2.1535 -1.5146 -150.2835
v  -1.8437 -0.5318 -150.2835
v  -2.2864 -1.5671 -150.2835
v  -2.4265 -1.5941 -150.2835
v  -2.5686 -1.5950 -150.2835
v  -2.7091 -1.5632 -150.2835
v  -3.1363 -1.2047 -150.2835
v  -2.8407 -1.5096 -150.2835
v  -2.9583 -1.4265 -150.2835
v  -3.0595 -1.3266 -150.2835
v  -3.1915 -1.0737 -150.2835
v  -3.2158 -0.9318 -150.2835
v  -3.2167 -0.7896 -150.2835
v  -3.1849 -0.6492 -150.2835
v  -2.8264 -0.2220 -150.2835
v  -3.1313 -0.5175 -150.2835
v  -3.0481 -0.3999 -150.2835
v  -2.9482 -0.2988 -150.2835
v  -2.6954 -0.1668 -150.2835
v  -2.5535 -0.1424 -150.2835
v  -2.4113 -0.1416 -150.2835
v  -2.2709 -0.1734 -150.2835
v  -2.1392 -0.2270 -150.2835
v  -2.0216 -0.3101 -150.2835
v  -1.9205 -0.4100 -150.2835
v  -1.7632 -0.9470 -150.2835
v  -1.7885 -0.6628 -150.2835
v  -1.7641 -0.8048 -150.2835
v  -1.7241 -0.4696 -149.8505
v  -1.6587 -0.6248 -149.8505
v  -1.6511 -0.6226 -149.9005
v  -1.7171 -0.4659 -149.9005
v  -1.6298 -0.7930 -149.8505
v  -1.6287 -0.9615 -149.8505
v  -1.6208 -0.9624 -149.9005
v  -1.6219 -0.7923 -149.9005
v  -1.6665 -1.1279 -149.8505
v  -1.7304 -1.2836 -149.8505
v  -1.7234 -1.2874 -149.9005
v  -1.6589 -1.1303 -149.9005
v  -1.8286 -1.4233 -149.8505
v  -1.9458 -1.5463 -149.8505
v  -1.9408 -1.5526 -149.9005
v  -1.8225 -1.4284 -149.9005
v  -2.0913 -1.6342 -149.8505
v  -2.2488 -1.6964 -149.8505
v  -2.2466 -1.7040 -149.9005
v  -2.0876 -1.6412 -149.9005
v  -2.4147 -1.7284 -149.8505
v  -2.5832 -1.7295 -149.8505
v  -2.5840 -1.7374 -149.9005
v  -2.4140 -1.7363 -149.9005
v  -2.7496 -1.6918 -149.8505
v  -2.9056 -1.6283 -149.8505
v  -2.9095 -1.6352 -149.9005
v  -2.7520 -1.6993 -149.9005
v  -3.0450 -1.5297 -149.8505
v  -3.1648 -1.4113 -149.8505
v  -3.1710 -1.4163 -149.9005
v  -3.0501 -1.5358 -149.9005
v  -3.2559 -1.2670 -149.8505
v  -3.3213 -1.1118 -149.8505
v  -3.3289 -1.1140 -149.9005
v  -3.2629 -1.2706 -149.9005
v  -3.3501 -0.9435 -149.8505
v  -3.3512 -0.7751 -149.8505
v  -3.3591 -0.7742 -149.9005
v  -3.3580 -0.9442 -149.9005
v  -3.3135 -0.6086 -149.8505
v  -3.2500 -0.4526 -149.8505
v  -3.2569 -0.4488 -149.9005
v  -3.3210 -0.6063 -149.9005
v  -3.1514 -0.3133 -149.8505
v  -3.0330 -0.1934 -149.8505
v  -3.0380 -0.1873 -149.9005
v  -3.1575 -0.3082 -149.9005
v  -2.8887 -0.1024 -149.8505
v  -2.7334 -0.0370 -149.8505
v  -2.7357 -0.0294 -149.9005
v  -2.8923 -0.0954 -149.9005
v  -2.5652 -0.0081 -149.8505
v  -2.3968 -0.0071 -149.8505
v  -2.3959 0.0008 -149.9005
v  -2.5659 -0.0002 -149.9005
v  -2.2303 -0.0448 -149.8505
v  -2.0743 -0.1083 -149.8505
v  -2.0705 -0.1013 -149.9005
v  -2.2280 -0.0373 -149.9005
v  -1.9350 -0.2069 -149.8505
v  -1.8151 -0.3252 -149.8505
v  -1.8089 -0.3203 -149.9005
v  -1.9299 -0.2008 -149.9005
v  -1.7452 -0.4806 -149.8205
v  -1.6816 -0.6315 -149.8205
v  -1.6535 -0.7951 -149.8205
v  -1.6525 -0.9589 -149.8205
v  -1.6892 -1.1208 -149.8205
v  -1.7513 -1.2721 -149.8205
v  -1.8468 -1.4080 -149.8205
v  -1.9608 -1.5277 -149.8205
v  -2.1023 -1.6131 -149.8205
v  -2.2554 -1.6736 -149.8205
v  -2.4168 -1.7047 -149.8205
v  -2.5806 -1.7057 -149.8205
v  -2.7425 -1.6691 -149.8205
v  -2.8942 -1.6073 -149.8205
v  -3.0297 -1.5115 -149.8205
v  -3.1462 -1.3964 -149.8205
v  -3.2348 -1.2560 -149.8205
v  -3.2984 -1.1050 -149.8205
v  -3.3264 -0.9415 -149.8205
v  -3.3274 -0.7777 -149.8205
v  -3.2908 -0.6158 -149.8205
v  -3.2290 -0.4641 -149.8205
v  -3.1332 -0.3286 -149.8205
v  -3.0181 -0.2120 -149.8205
v  -2.8777 -0.1235 -149.8205
v  -2.7267 -0.0599 -149.8205
v  -2.5632 -0.0318 -149.8205
v  -2.3994 -0.0308 -149.8205
v  -2.2375 -0.0675 -149.8205
v  -2.0858 -0.1293 -149.8205
v  -1.9503 -0.2251 -149.8205
v  -1.8337 -0.3402 -149.8205
v  -1.6511 -0.6226 -149.9541
v  -1.7171 -0.4659 -149.9541
v  -1.8089 -0.3203 -149.9541
v  -1.9299 -0.2008 -149.9541
v  -2.0705 -0.1013 -149.9541
v  -2.2280 -0.0373 -149.9541
v  -2.3959 0.0008 -149.9541
v  -2.5659 -0.0002 -149.9541
v  -2.7357 -0.0294 -149.9541
v  -2.8923 -0.0954 -149.9541
v  -3.0380 -0.1873 -149.9541
v  -3.1575 -0.3082 -149.9541
v  -3.2569 -0.4488 -149.9541
v  -3.3210 -0.6063 -149.9541
v  -3.3591 -0.7742 -149.9541
v  -3.3580 -0.9442 -149.9541
v  -3.3289 -1.1140 -149.9541
v  -3.2629 -1.2706 -149.9541
v  -3.1710 -1.4163 -149.9541
v  -3.0501 -1.5358 -149.9541
v  -2.9095 -1.6352 -149.9541
v  -2.7520 -1.6993 -149.9541
v  -2.5840 -1.7374 -149.9541
v  -2.4140 -1.7363 -149.9541
v  -2.2466 -1.7040 -149.9541
v  -2.0876 -1.6412 -149.9541
v  -1.9408 -1.5526 -149.9541
v  -1.8225 -1.4284 -149.9541
v  -1.7234 -1.2874 -149.9541
v  -1.6589 -1.1303 -149.9541
v  -1.6208 -0.9624 -149.9541
v  -1.6219 -0.7923 -149.9541
v  -1.9142 -1.0498 -147.8179
v  -1.8651 -1.0653 -147.8279
v  -1.8365 -0.9390 -147.8279
v  -1.8878 -0.9335 -147.8179
v  -1.8886 -0.8157 -147.8179
v  -1.8373 -0.8112 -147.8279
v  -1.8592 -0.6836 -147.8279
v  -1.9088 -0.6981 -147.8179
v  -1.9545 -0.5895 -147.8179
v  -1.9088 -0.5658 -147.8279
v  -1.9779 -0.4562 -147.8279
v  -2.0182 -0.4886 -147.8179
v  -2.1019 -0.4058 -147.8179
v  -2.0688 -0.3664 -147.8279
v  -2.1746 -0.2916 -147.8279
v  -2.1994 -0.3370 -147.8179
v  -2.3085 -0.2926 -147.8179
v  -2.2930 -0.2434 -147.8279
v  -2.4193 -0.2148 -147.8279
v  -2.4248 -0.2662 -147.8179
v  -2.5426 -0.2669 -147.8179
v  -2.5471 -0.2156 -147.8279
v  -2.6747 -0.2375 -147.8279
v  -2.6602 -0.2871 -147.8179
v  -2.7687 -0.3328 -147.8179
v  -2.7925 -0.2871 -147.8279
v  -2.9021 -0.3562 -147.8279
v  -2.8697 -0.3965 -147.8179
v  -2.9524 -0.4803 -147.8179
v  -2.9919 -0.4471 -147.8279
v  -3.0667 -0.5529 -147.8279
v  -3.0213 -0.5777 -147.8179
v  -3.0657 -0.6868 -147.8179
v  -3.1148 -0.6713 -147.8279
v  -3.1435 -0.7976 -147.8279
v  -3.0921 -0.8031 -147.8179
v  -3.0914 -0.9209 -147.8179
v  -3.1427 -0.9254 -147.8279
v  -3.1208 -1.0530 -147.8279
v  -3.0712 -1.0385 -147.8179
v  -3.0255 -1.1470 -147.8179
v  -3.0711 -1.1708 -147.8279
v  -3.0021 -1.2804 -147.8279
v  -2.9618 -1.2480 -147.8179
v  -2.8780 -1.3307 -147.8179
v  -2.9111 -1.3702 -147.8279
v  -2.8054 -1.4450 -147.8279
v  -2.7806 -1.3996 -147.8179
v  -2.6715 -1.4440 -147.8179
v  -2.6870 -1.4932 -147.8279
v  -2.5607 -1.5218 -147.8279
v  -2.5551 -1.4704 -147.8179
v  -2.4374 -1.4697 -147.8179
v  -2.4329 -1.5210 -147.8279
v  -2.3070 -1.4966 -147.8279
v  -2.3213 -1.4472 -147.8179
v  -2.2112 -1.4038 -147.8179
v  -2.1875 -1.4494 -147.8279
v  -2.0771 -1.3828 -147.8279
v  -2.1095 -1.3423 -147.8179
v  -2.0275 -1.2563 -147.8179
v  -1.9881 -1.2894 -147.8279
v  -1.9136 -1.1834 -147.8279
v  -1.9589 -1.1586 -147.8179
v  -1.8345 -1.0750 -147.8578
v  -1.8044 -0.9425 -147.8578
v  -1.8222 -1.0788 -147.9078
v  -1.7916 -0.9439 -147.9078
v  -1.8053 -0.8084 -147.8578
v  -1.8282 -0.6745 -147.8578
v  -1.7925 -0.8073 -147.9078
v  -1.8159 -0.6709 -147.9078
v  -1.8803 -0.5509 -147.8578
v  -1.9528 -0.4360 -147.8578
v  -1.8689 -0.5450 -147.9078
v  -1.9428 -0.4279 -147.9078
v  -2.0482 -0.3418 -147.8578
v  -2.1591 -0.2633 -147.8578
v  -2.0399 -0.3319 -147.9078
v  -2.1529 -0.2520 -147.9078
v  -2.2833 -0.2128 -147.8578
v  -2.4158 -0.1827 -147.8578
v  -2.2794 -0.2005 -147.9078
v  -2.4144 -0.1700 -147.9078
v  -2.5499 -0.1836 -147.8578
v  -2.6838 -0.2065 -147.8578
v  -2.5510 -0.1708 -147.9078
v  -2.6874 -0.1942 -147.9078
v  -2.8074 -0.2586 -147.8578
v  -2.9223 -0.3311 -147.8578
v  -2.8133 -0.2472 -147.9078
v  -2.9303 -0.3211 -147.9078
v  -3.0165 -0.4265 -147.8578
v  -3.0950 -0.5374 -147.8578
v  -3.0263 -0.4182 -147.9078
v  -3.1062 -0.5312 -147.9078
v  -3.1455 -0.6616 -147.8578
v  -3.1755 -0.7941 -147.8578
v  -3.1577 -0.6578 -147.9078
v  -3.1883 -0.7927 -147.9078
v  -3.1747 -0.9282 -147.8578
v  -3.1517 -1.0621 -147.8578
v  -3.1875 -0.9293 -147.9078
v  -3.1641 -1.0657 -147.9078
v  -3.0997 -1.1857 -147.8578
v  -3.0272 -1.3006 -147.8578
v  -3.1110 -1.1916 -147.9078
v  -3.0372 -1.3086 -147.9078
v  -2.9318 -1.3948 -147.8578
v  -2.8209 -1.4733 -147.8578
v  -2.9400 -1.4046 -147.9078
v  -2.8270 -1.4845 -147.9078
v  -2.6967 -1.5238 -147.8578
v  -2.5642 -1.5538 -147.8578
v  -2.7005 -1.5360 -147.9078
v  -2.5656 -1.5666 -147.9078
v  -2.4301 -1.5530 -147.8578
v  -2.2980 -1.5275 -147.8578
v  -2.4290 -1.5658 -147.9078
v  -2.2944 -1.5398 -147.9078
v  -2.1726 -1.4780 -147.8578
v  -2.0568 -1.4080 -147.8578
v  -2.1667 -1.4893 -147.9078
v  -2.0487 -1.4181 -147.9078
v  -1.9635 -1.3101 -147.8578
v  -1.8853 -1.1989 -147.8578
v  -1.9536 -1.3183 -147.9078
v  -1.8740 -1.2050 -147.9078
v  -1.6321 -0.7932 -150.2435
v  -1.6609 -0.6255 -150.2435
v  -1.7261 -0.4706 -150.2435
v  -1.8169 -0.3267 -150.2435
v  -1.9364 -0.2086 -150.2435
v  -2.0754 -0.1103 -150.2435
v  -2.2310 -0.0470 -150.2435
v  -2.3970 -0.0094 -150.2435
v  -2.5650 -0.0104 -150.2435
v  -2.7328 -0.0392 -150.2435
v  -2.8876 -0.1044 -150.2435
v  -3.0316 -0.1952 -150.2435
v  -3.1497 -0.3147 -150.2435
v  -3.2480 -0.4537 -150.2435
v  -3.3113 -0.6093 -150.2435
v  -3.3489 -0.7753 -150.2435
v  -3.3479 -0.9433 -150.2435
v  -3.3191 -1.1111 -150.2435
v  -3.2539 -1.2659 -150.2435
v  -3.1631 -1.4099 -150.2435
v  -3.0435 -1.5280 -150.2435
v  -2.9046 -1.6263 -150.2435
v  -2.7489 -1.6896 -150.2435
v  -2.5829 -1.7272 -150.2435
v  -2.4149 -1.7262 -150.2435
v  -2.2494 -1.6942 -150.2435
v  -2.0923 -1.6322 -150.2435
v  -1.9472 -1.5446 -150.2435
v  -1.8303 -1.4218 -150.2435
v  -1.7324 -1.2825 -150.2435
v  -1.6687 -1.1273 -150.2435
v  -1.6310 -0.9613 -150.2435
v  -1.6626 -0.7959 -150.2735
v  -1.6903 -0.6341 -150.2735
v  -1.7133 -0.8003 -150.2835
v  -1.7394 -0.6485 -150.2835
v  -1.7532 -0.4848 -150.2735
v  -1.8408 -0.3459 -150.2735
v  -1.7985 -0.5083 -150.2835
v  -1.8807 -0.3780 -150.2835
v  -1.9561 -0.2320 -150.2735
v  -2.0901 -0.1372 -150.2735
v  -1.9889 -0.2711 -150.2835
v  -2.1147 -0.1821 -150.2835
v  -2.2402 -0.0761 -150.2735
v  -2.4003 -0.0399 -150.2735
v  -2.2556 -0.1248 -150.2835
v  -2.4058 -0.0907 -150.2835
v  -2.5624 -0.0409 -150.2735
v  -2.7242 -0.0686 -150.2735
v  -2.5579 -0.0917 -150.2835
v  -2.7098 -0.1177 -150.2835
v  -2.8735 -0.1316 -150.2735
v  -3.0124 -0.2191 -150.2735
v  -2.8500 -0.1768 -150.2835
v  -2.9803 -0.2590 -150.2835
v  -3.1263 -0.3344 -150.2735
v  -3.2210 -0.4684 -150.2735
v  -3.0872 -0.3672 -150.2835
v  -3.1762 -0.4930 -150.2835
v  -3.2821 -0.6185 -150.2735
v  -3.3184 -0.7786 -150.2735
v  -3.2335 -0.6339 -150.2835
v  -3.2676 -0.7841 -150.2835
v  -3.3174 -0.9407 -150.2735
v  -3.2896 -1.1025 -150.2735
v  -3.2666 -0.9362 -150.2835
v  -3.2406 -1.0881 -150.2835
v  -3.2267 -1.2518 -150.2735
v  -3.1392 -1.3907 -150.2735
v  -3.1815 -1.2283 -150.2835
v  -3.0993 -1.3586 -150.2835
v  -3.0239 -1.5046 -150.2735
v  -2.8898 -1.5993 -150.2735
v  -2.9911 -1.4655 -150.2835
v  -2.8653 -1.5545 -150.2835
v  -2.7398 -1.6604 -150.2735
v  -2.5796 -1.6967 -150.2735
v  -2.7244 -1.6118 -150.2835
v  -2.5741 -1.6459 -150.2835
v  -2.4176 -1.6957 -150.2735
v  -2.2579 -1.6649 -150.2735
v  -2.4220 -1.6449 -150.2835
v  -2.2722 -1.6160 -150.2835
v  -2.1065 -1.6050 -150.2735
v  -1.9665 -1.5205 -150.2735
v  -2.1300 -1.5598 -150.2835
v  -1.9986 -1.4805 -150.2835
v  -1.8537 -1.4022 -150.2735
v  -1.7593 -1.2678 -150.2735
v  -1.8928 -1.3694 -150.2835
v  -1.8042 -1.2433 -150.2835
v  -1.6978 -1.1181 -150.2735
v  -1.6615 -0.9580 -150.2735
v  -1.7465 -1.1027 -150.2835
v  -1.7123 -0.9525 -150.2835
v  2.8523 -0.9326 -6.1111
v  2.6244 -1.1155 -6.1111
v  2.3438 -1.1973 -6.1111
v  3.0247 -0.3858 -6.1111
v  2.0533 -1.1655 -6.1111
v  1.7971 -1.0249 -6.1111
v  1.5324 -0.5164 -6.1111
v  1.6142 -0.7970 -6.1111
v  1.5642 -0.2259 -6.1111
v  1.7048 0.0304 -6.1111
v  2.2133 0.2951 -6.1111
v  1.9327 0.2133 -6.1111
v  2.5038 0.2633 -6.1111
v  2.7600 0.1227 -6.1111
v  2.9430 -0.1052 -6.1111
v  2.9929 -0.6763 -6.1111
v  3.0755 -0.3814 -6.0611
v  2.9882 -0.0817 -6.0611
v  2.9882 -0.0817 -4.8452
v  3.0755 -0.3814 -4.8452
v  2.7928 0.1617 -6.0611
v  2.7928 0.1617 -4.8452
v  2.5191 0.3119 -6.0611
v  2.5191 0.3119 -4.8452
v  2.2088 0.3459 -6.0611
v  2.2088 0.3459 -4.8452
v  1.9092 0.2585 -6.0611
v  1.9092 0.2585 -4.8452
v  1.6657 0.0631 -6.0611
v  1.6657 0.0631 -4.8452
v  1.5156 -0.2105 -6.0611
v  1.5156 -0.2105 -4.8452
v  1.4816 -0.5208 -6.0611
v  1.4816 -0.5208 -4.8452
v  1.5690 -0.8205 -6.0611
v  1.5690 -0.8205 -4.8452
v  1.7643 -1.0639 -6.0611
v  1.7643 -1.0639 -4.8452
v  2.0380 -1.2141 -6.0611
v  2.0380 -1.2141 -4.8452
v  2.3483 -1.2481 -6.0611
v  2.3483 -1.2481 -4.8452
v  2.6480 -1.1607 -6.0611
v  2.6480 -1.1607 -4.8452
v  2.8914 -0.9653 -6.0611
v  2.8914 -0.9653 -4.8452
v  3.0415 -0.6917 -6.0611
v  3.0415 -0.6917 -4.8452
v  0.1068 2.9885 -6.1111
v  -0.1212 2.8056 -6.1111
v  -0.4017 2.7238 -6.1111
v  0.2792 3.5353 -6.1111
v  -0.6922 2.7556 -6.1111
v  -0.9485 2.8962 -6.1111
v  -1.2132 3.4047 -6.1111
v  -1.1314 3.1241 -6.1111
v  -1.1814 3.6952 -6.1111
v  -1.0408 3.9515 -6.1111
v  -0.5323 4.2162 -6.1111
v  -0.8129 4.1344 -6.1111
v  -0.2418 4.1843 -6.1111
v  0.0144 4.0438 -6.1111
v  0.1974 3.8159 -6.1111
v  0.2473 3.2448 -6.1111
v  0.3299 3.5397 -6.0611
v  0.2426 3.8394 -6.0611
v  0.2426 3.8394 -4.8452
v  0.3299 3.5397 -4.8452
v  0.0472 4.0828 -6.0611
v  0.0472 4.0828 -4.8452
v  -0.2264 4.2330 -6.0611
v  -0.2264 4.2330 -4.8452
v  -0.5367 4.2669 -6.0611
v  -0.5367 4.2669 -4.8452
v  -0.8364 4.1796 -6.0611
v  -0.8364 4.1796 -4.8452
v  -1.0798 3.9842 -6.0611
v  -1.0798 3.9842 -4.8452
v  -1.2300 3.7106 -6.0611
v  -1.2300 3.7106 -4.8452
v  -1.2640 3.4003 -6.0611
v  -1.2640 3.4003 -4.8452
v  -1.1766 3.1006 -6.0611
v  -1.1766 3.1006 -4.8452
v  -0.9812 2.8572 -6.0611
v  -0.9812 2.8572 -4.8452
v  -0.7076 2.7070 -6.0611
v  -0.7076 2.7070 -4.8452
v  -0.3973 2.6730 -6.0611
v  -0.3973 2.6730 -4.8452
v  -0.0976 2.7604 -6.0611
v  -0.0976 2.7604 -4.8452
v  0.1458 2.9558 -6.0611
v  0.1458 2.9558 -4.8452
v  0.2960 3.2294 -6.0611
v  0.2960 3.2294 -4.8452
v  -1.9162 -1.3498 -6.1111
v  -2.1441 -1.5327 -6.1111
v  -2.4247 -1.6145 -6.1111
v  -1.7438 -0.8030 -6.1111
v  -2.7152 -1.5826 -6.1111
v  -2.9714 -1.4421 -6.1111
v  -3.2362 -0.9336 -6.1111
v  -3.1544 -1.2142 -6.1111
v  -3.2043 -0.6431 -6.1111
v  -3.0638 -0.3868 -6.1111
v  -2.5553 -0.1221 -6.1111
v  -2.8358 -0.2039 -6.1111
v  -2.2648 -0.1539 -6.1111
v  -2.0085 -0.2945 -6.1111
v  -1.8256 -0.5224 -6.1111
v  -1.7756 -1.0935 -6.1111
v  -1.6930 -0.7986 -6.0611
v  -1.7804 -0.4989 -6.0611
v  -1.7804 -0.4989 -4.8452
v  -1.6930 -0.7986 -4.8452
v  -1.9758 -0.2555 -6.0611
v  -1.9758 -0.2555 -4.8452
v  -2.2494 -0.1053 -6.0611
v  -2.2494 -0.1053 -4.8452
v  -2.5597 -0.0713 -6.0611
v  -2.5597 -0.0713 -4.8452
v  -2.8594 -0.1587 -6.0611
v  -2.8594 -0.1587 -4.8452
v  -3.1028 -0.3541 -6.0611
v  -3.1028 -0.3541 -4.8452
v  -3.2530 -0.6277 -6.0611
v  -3.2530 -0.6277 -4.8452
v  -3.2869 -0.9380 -6.0611
v  -3.2869 -0.9380 -4.8452
v  -3.1996 -1.2377 -6.0611
v  -3.1996 -1.2377 -4.8452
v  -3.0042 -1.4811 -6.0611
v  -3.0042 -1.4811 -4.8452
v  -2.7306 -1.6313 -6.0611
v  -2.7306 -1.6313 -4.8452
v  -2.4203 -1.6652 -6.0611
v  -2.4203 -1.6652 -4.8452
v  -2.1206 -1.5779 -6.0611
v  -2.1206 -1.5779 -4.8452
v  -1.8772 -1.3825 -6.0611
v  -1.8772 -1.3825 -4.8452
v  -1.7270 -1.1089 -6.0611
v  -1.7270 -1.1089 -4.8452
v  -2.7765 -0.4547 -147.8179
v  -2.6362 -0.3901 -147.8179
v  -2.4787 -0.3653 -147.8179
v  -2.3272 -0.3955 -147.8179
v  -2.8893 -0.5674 -147.8179
v  -2.8996 -1.1551 -147.8179
v  -2.1852 -0.4680 -147.8179
v  -2.0804 -0.5815 -147.8179
v  -2.0081 -0.7236 -147.8179
v  -1.9901 -0.8770 -147.8179
v  -2.0151 -1.0345 -147.8179
v  -2.0907 -1.1692 -147.8179
v  -2.2039 -1.2764 -147.8179
v  -2.3438 -1.3464 -147.8179
v  -2.4988 -1.3755 -147.8179
v  -2.6528 -1.3411 -147.8179
v  -2.7946 -1.2680 -147.8179
v  -2.9719 -1.0131 -147.8179
v  -2.9649 -0.7021 -147.8179
v  -2.9899 -0.8596 -147.8179
v  -2.7946 -1.2680 -6.1111
v  -2.8996 -1.1551 -6.1111
v  -2.4988 -1.3755 -6.1111
v  -2.6528 -1.3411 -6.1111
v  -2.2039 -1.2764 -6.1111
v  -2.3438 -1.3464 -6.1111
v  -2.0151 -1.0345 -6.1111
v  -2.0907 -1.1692 -6.1111
v  -2.0081 -0.7236 -6.1111
v  -1.9901 -0.8770 -6.1111
v  -2.1852 -0.4680 -6.1111
v  -2.0804 -0.5815 -6.1111
v  -2.4787 -0.3653 -6.1111
v  -2.3272 -0.3955 -6.1111
v  -2.7765 -0.4547 -6.1111
v  -2.6362 -0.3901 -6.1111
v  -2.9649 -0.7021 -6.1111
v  -2.8893 -0.5674 -6.1111
v  -2.9719 -1.0131 -6.1111
v  -2.9899 -0.8596 -6.1111
v  0.0384 3.5142 -118.4207
v  0.0202 3.3575 -118.4207
v  -0.0376 3.2088 -118.4207
v  -0.1390 3.0926 -118.4207
v  -0.0068 3.6654 -118.4207
v  -0.5106 3.9681 -118.4207
v  -0.2726 3.0058 -118.4207
v  -0.4234 2.9719 -118.4207
v  -0.5826 2.9803 -118.4207
v  -0.7245 3.0414 -118.4207
v  -0.8436 3.1426 -118.4207
v  -0.9273 3.2746 -118.4207
v  -0.9680 3.4237 -118.4207
v  -0.9542 3.5825 -118.4207
v  -0.8996 3.7270 -118.4207
v  -0.7950 3.8473 -118.4207
v  -0.6659 3.9322 -118.4207
v  -0.0895 3.8018 -118.4207
v  -0.3562 3.9609 -118.4207
v  -0.2095 3.8986 -118.4207
v  -0.6659 3.9322 -6.1111
v  -0.5106 3.9681 -6.1111
v  -0.8996 3.7270 -6.1111
v  -0.7950 3.8473 -6.1111
v  -0.9680 3.4237 -6.1111
v  -0.9542 3.5825 -6.1111
v  -0.8436 3.1426 -6.1111
v  -0.9273 3.2746 -6.1111
v  -0.5826 2.9803 -6.1111
v  -0.7245 3.0414 -6.1111
v  -0.2726 3.0058 -6.1111
v  -0.4234 2.9719 -6.1111
v  -0.0376 3.2088 -6.1111
v  -0.1390 3.0926 -6.1111
v  0.0384 3.5142 -6.1111
v  0.0202 3.3575 -6.1111
v  -0.0895 3.8018 -6.1111
v  -0.0068 3.6654 -6.1111
v  -0.3562 3.9609 -6.1111
v  -0.2095 3.8986 -6.1111
v  2.0637 -0.9060 -133.2048
v  1.9376 -0.8168 -133.2048
v  1.8373 -0.6929 -133.2048
v  1.7878 -0.5465 -133.2048
v  2.2176 -0.9474 -133.2048
v  2.7317 -0.6624 -133.2048
v  1.7795 -0.3873 -133.2048
v  1.8254 -0.2398 -133.2048
v  1.9123 -0.1061 -133.2048
v  2.0362 -0.0138 -133.2048
v  2.1850 0.0433 -133.2048
v  2.3395 0.0452 -133.2048
v  2.4935 0.0039 -133.2048
v  2.6196 -0.0854 -133.2048
v  2.7144 -0.2092 -133.2048
v  2.7694 -0.3557 -133.2048
v  2.7821 -0.5129 -133.2048
v  2.6443 -0.7959 -133.2048
v  2.3722 -0.9455 -133.2048
v  2.5210 -0.8884 -133.2048
v  2.7821 -0.5129 -6.1111
v  2.7317 -0.6624 -6.1111
v  2.7144 -0.2092 -6.1111
v  2.7694 -0.3557 -6.1111
v  2.4935 0.0039 -6.1111
v  2.6196 -0.0854 -6.1111
v  2.1850 0.0433 -6.1111
v  2.3395 0.0452 -6.1111
v  1.9123 -0.1061 -6.1111
v  2.0362 -0.0138 -6.1111
v  1.7795 -0.3873 -6.1111
v  1.8254 -0.2398 -6.1111
v  1.8373 -0.6929 -6.1111
v  1.7878 -0.5465 -6.1111
v  2.0637 -0.9060 -6.1111
v  1.9376 -0.8168 -6.1111
v  2.3722 -0.9455 -6.1111
v  2.2176 -0.9474 -6.1111
v  2.6443 -0.7959 -6.1111
v  2.5210 -0.8884 -6.1111
v  5.5936 -0.7285 -4.8452
v  5.2764 -1.6667 -4.8452
v  4.8090 -2.5398 -4.8452
v  5.7476 1.2395 -4.8452
v  4.2043 -3.3242 -4.8452
v  3.4787 -3.9983 -4.8452
v  1.7470 -4.9458 -4.8452
v  2.6521 -4.5438 -4.8452
v  0.7880 -5.1933 -4.8452
v  -0.1986 -5.2796 -4.8452
v  -2.1471 -4.9637 -4.8452
v  -1.1860 -5.2024 -4.8452
v  5.2542 3.1509 -4.8452
v  -3.0559 -4.5700 -4.8452
v  -3.8875 -4.0321 -4.8452
v  -5.2312 -2.5860 -4.8452
v  -4.6193 -3.3647 -4.8452
v  -5.7065 -1.7171 -4.8452
v  -6.0324 -0.7819 -4.8452
v  -6.2044 1.1846 -4.8452
v  -6.1999 0.1942 -4.8452
v  -6.0459 2.1622 -4.8452
v  -5.7287 3.1004 -4.8452
v  -4.6566 4.7579 -4.8452
v  -5.2613 3.9736 -4.8452
v  -3.9310 5.4320 -4.8452
v  -3.1044 5.9775 -4.8452
v  -1.2403 6.6271 -4.8452
v  -2.1993 6.3795 -4.8452
v  -0.2537 6.7134 -4.8452
v  0.7337 6.6361 -4.8452
v  2.6037 6.0038 -4.8452
v  1.6949 6.3974 -4.8452
v  3.4353 5.4659 -4.8452
v  4.1670 4.7985 -4.8452
v  4.7789 4.0197 -4.8452
v  5.5801 2.2156 -4.8452
v  5.7522 0.2491 -4.8452
v  6.5517 2.4664 -5.0452
v  6.5517 2.4664 -4.7962
v  6.7472 1.3270 -4.7962
v  6.7472 1.3270 -5.0452
v  6.1713 3.5581 -5.0452
v  6.1713 3.5581 -4.7962
v  5.6164 4.5724 -5.0452
v  5.6164 4.5724 -4.7962
v  4.9021 5.4814 -5.0452
v  4.9021 5.4814 -4.7962
v  4.0479 6.2605 -5.0452
v  4.0479 6.2605 -4.7962
v  3.0772 6.8884 -5.0452
v  3.0772 6.8884 -4.7962
v  2.0163 7.3480 -5.0452
v  2.0163 7.3480 -4.7962
v  0.8943 7.6266 -5.0452
v  0.8943 7.6266 -4.7962
v  -0.2583 7.7168 -5.0452
v  -0.2583 7.7168 -4.7962
v  -1.4100 7.6160 -5.0452
v  -1.4100 7.6160 -4.7962
v  -2.5294 7.3271 -5.0452
v  -2.5294 7.3271 -4.7962
v  -3.5860 6.8578 -5.0452
v  -3.5860 6.8578 -4.7962
v  -4.5510 6.2210 -5.0452
v  -4.5510 6.2210 -4.7962
v  -5.3979 5.4341 -5.0452
v  -5.3979 5.4341 -4.7962
v  -6.1038 4.5185 -5.0452
v  -6.1038 4.5185 -4.7962
v  -6.6494 3.4993 -5.0452
v  -6.6494 3.4993 -4.7962
v  -7.0198 2.4041 -5.0452
v  -7.0198 2.4041 -4.7962
v  -7.2048 1.2629 -5.0452
v  -7.2048 1.2629 -4.7962
v  -7.1995 0.1068 -5.0452
v  -7.1995 0.1068 -4.7962
v  -7.0040 -1.0327 -5.0452
v  -7.0040 -1.0327 -4.7962
v  -6.6236 -2.1244 -5.0452
v  -6.6236 -2.1244 -4.7962
v  -6.0687 -3.1387 -5.0452
v  -6.0687 -3.1387 -4.7962
v  -5.3544 -4.0477 -5.0452
v  -5.3544 -4.0477 -4.7962
v  -4.5002 -4.8268 -5.0452
v  -4.5002 -4.8268 -4.7962
v  -3.5295 -5.4547 -5.0452
v  -3.5295 -5.4547 -4.7962
v  -2.4686 -5.9142 -5.0452
v  -2.4686 -5.9142 -4.7962
v  -1.3466 -6.1929 -5.0452
v  -1.3466 -6.1929 -4.7962
v  -0.1940 -6.2831 -5.0452
v  -0.1940 -6.2831 -4.7962
v  0.9577 -6.1823 -5.0452
v  0.9577 -6.1823 -4.7962
v  2.0772 -5.8933 -5.0452
v  2.0772 -5.8933 -4.7962
v  3.1337 -5.4241 -5.0452
v  3.1337 -5.4241 -4.7962
v  4.0987 -4.7873 -5.0452
v  4.0987 -4.7873 -4.7962
v  4.9457 -4.0004 -5.0452
v  4.9457 -4.0004 -4.7962
v  5.6516 -3.0848 -5.0452
v  5.6516 -3.0848 -4.7962
v  6.1971 -2.0655 -5.0452
v  6.1971 -2.0655 -4.7962
v  6.5675 -0.9703 -5.0452
v  6.5675 -0.9703 -4.7962
v  6.7525 0.1709 -5.0452
v  6.7525 0.1709 -4.7962
v  5.7476 1.2395 -5.0452
v  5.5801 2.2156 -5.0452
v  5.7522 0.2491 -5.0452
v  5.5936 -0.7285 -5.0452
v  5.2764 -1.6667 -5.0452
v  4.8090 -2.5398 -5.0452
v  4.2043 -3.3242 -5.0452
v  3.4787 -3.9983 -5.0452
v  2.6521 -4.5438 -5.0452
v  1.7470 -4.9458 -5.0452
v  0.7880 -5.1933 -5.0452
v  -0.1986 -5.2796 -5.0452
v  -1.1860 -5.2024 -5.0452
v  -2.1471 -4.9637 -5.0452
v  -3.0559 -4.5700 -5.0452
v  -3.8875 -4.0321 -5.0452
v  -4.6193 -3.3647 -5.0452
v  -5.2312 -2.5860 -5.0452
v  -5.7065 -1.7171 -5.0452
v  -6.0324 -0.7819 -5.0452
v  -6.1999 0.1942 -5.0452
v  -6.2044 1.1846 -5.0452
v  -6.0459 2.1622 -5.0452
v  -5.7287 3.1004 -5.0452
v  -5.2613 3.9736 -5.0452
v  -4.6566 4.7579 -5.0452
v  -3.9310 5.4320 -5.0452
v  -3.1044 5.9775 -5.0452
v  -2.1993 6.3795 -5.0452
v  -1.2403 6.6271 -5.0452
v  -0.2537 6.7134 -5.0452
v  0.7337 6.6361 -5.0452
v  1.6949 6.3974 -5.0452
v  2.6037 6.0038 -5.0452
v  3.4353 5.4659 -5.0452
v  4.1670 4.7985 -5.0452
v  4.7789 4.0197 -5.0452
v  5.2542 3.1509 -5.0452
v  5.6300 2.2285 -3.8000
v  5.7989 1.2440 -3.8000
v  5.7989 1.2440 -4.7962
v  5.6300 2.2285 -4.7962
v  5.3013 3.1718 -3.8000
v  5.3013 3.1718 -4.7962
v  4.8219 4.0481 -3.8000
v  4.8219 4.0481 -4.7962
v  4.2047 4.8335 -3.8000
v  4.2047 4.8335 -4.7962
v  3.4667 5.5067 -3.8000
v  3.4667 5.5067 -4.7962
v  2.6280 6.0492 -3.8000
v  2.6280 6.0492 -4.7962
v  1.7114 6.4462 -3.8000
v  1.7114 6.4462 -4.7962
v  0.7419 6.6870 -3.8000
v  0.7419 6.6870 -4.7962
v  -0.2539 6.7649 -3.8000
v  -0.2539 6.7649 -4.7962
v  -1.2490 6.6778 -3.8000
v  -1.2490 6.6778 -4.7962
v  -2.2162 6.4282 -3.8000
v  -2.2162 6.4282 -4.7962
v  -3.1291 6.0227 -3.8000
v  -3.1291 6.0227 -4.7962
v  -3.9628 5.4725 -3.8000
v  -3.9628 5.4725 -4.7962
v  -4.6946 4.7926 -3.8000
v  -4.6946 4.7926 -4.7962
v  -5.3045 4.0016 -3.8000
v  -5.3045 4.0016 -4.7962
v  -5.7759 3.1209 -3.8000
v  -5.7759 3.1209 -4.7962
v  -6.0959 2.1746 -3.8000
v  -6.0959 2.1746 -4.7962
v  -6.2558 1.1886 -3.8000
v  -6.2558 1.1886 -4.7962
v  -6.2512 0.1897 -3.8000
v  -6.2512 0.1897 -4.7962
v  -6.0823 -0.7948 -3.8000
v  -6.0823 -0.7948 -4.7962
v  -5.7536 -1.7380 -3.8000
v  -5.7536 -1.7380 -4.7962
v  -5.2742 -2.6143 -3.8000
v  -5.2742 -2.6143 -4.7962
v  -4.6570 -3.3998 -3.8000
v  -4.6570 -3.3998 -4.7962
v  -3.9190 -4.0729 -3.8000
v  -3.9190 -4.0729 -4.7962
v  -3.0802 -4.6154 -3.8000
v  -3.0802 -4.6154 -4.7962
v  -2.1637 -5.0125 -3.8000
v  -2.1637 -5.0125 -4.7962
v  -1.1942 -5.2532 -3.8000
v  -1.1942 -5.2532 -4.7962
v  -0.1984 -5.3312 -3.8000
v  -0.1984 -5.3312 -4.7962
v  0.7967 -5.2441 -3.8000
v  0.7967 -5.2441 -4.7962
v  1.7639 -4.9944 -3.8000
v  1.7639 -4.9944 -4.7962
v  2.6768 -4.5890 -3.8000
v  2.6768 -4.5890 -4.7962
v  3.5106 -4.0388 -3.8000
v  3.5106 -4.0388 -4.7962
v  4.2424 -3.3589 -3.8000
v  4.2424 -3.3589 -4.7962
v  4.8523 -2.5678 -3.8000
v  4.8523 -2.5678 -4.7962
v  5.3236 -1.6871 -3.8000
v  5.3236 -1.6871 -4.7962
v  5.6436 -0.7409 -3.8000
v  5.6436 -0.7409 -4.7962
v  5.8035 0.2451 -3.8000
v  5.8035 0.2451 -4.7962
# 6841 vertices

vn 0.0000 0.0000 -1.0000
vn 0.9784 0.2066 0.0000
vn 0.9891 0.1472 0.0000
vn 0.9464 0.3231 0.0000
vn 0.9642 0.2653 0.0000
vn 0.9005 0.4348 0.0000
vn 0.9251 0.3796 0.0000
vn 0.8416 0.5401 0.0000
vn 0.8726 0.4883 0.0000
vn 0.7703 0.6376 0.0000
vn 0.8074 0.5900 0.0000
vn 0.6879 0.7259 0.0000
vn 0.7304 0.6830 0.0000
vn 0.5953 0.8035 0.0000
vn 0.6428 0.7661 0.0000
vn 0.4942 0.8694 0.0000
vn 0.5457 0.8380 0.0000
vn 0.3858 0.9226 0.0000
vn 0.4408 0.8976 0.0000
vn 0.2717 0.9624 0.0000
vn 0.3294 0.9442 0.0000
vn 0.1538 0.9881 0.0000
vn 0.2131 0.9770 0.0000
vn 0.0335 0.9994 0.0000
vn 0.0938 0.9956 0.0000
vn -0.0872 0.9962 0.0000
vn -0.0269 0.9996 0.0000
vn -0.2066 0.9784 0.0000
vn -0.1472 0.9891 0.0000
vn -0.3231 0.9464 0.0000
vn -0.2653 0.9642 0.0000
vn -0.4348 0.9005 0.0000
vn -0.3796 0.9251 0.0000
vn -0.5401 0.8416 0.0000
vn -0.4883 0.8726 0.0000
vn -0.6376 0.7703 0.0000
vn -0.5900 0.8074 0.0000
vn -0.7259 0.6879 0.0000
vn -0.6830 0.7304 0.0000
vn -0.8035 0.5953 0.0000
vn -0.7661 0.6428 0.0000
vn -0.8694 0.4942 0.0000
vn -0.8380 0.5457 0.0000
vn -0.9226 0.3858 0.0000
vn -0.8976 0.4408 0.0000
vn -0.9624 0.2717 0.0000
vn -0.9442 0.3294 0.0000
vn -0.9881 0.1538 0.0000
vn -0.9770 0.2131 0.0000
vn -0.9994 0.0335 0.0000
vn -0.9956 0.0938 0.0000
vn -0.9962 -0.0872 0.0000
vn -0.9996 -0.0269 0.0000
vn -0.9784 -0.2066 0.0000
vn -0.9891 -0.1472 0.0000
vn -0.9464 -0.3231 0.0000
vn -0.9642 -0.2653 0.0000
vn -0.8989 -0.4381 0.0000
vn -0.9251 -0.3796 0.0000
vn -0.8452 -0.5344 0.0000
vn -0.8727 -0.4883 0.0000
vn -0.7680 -0.6405 0.0000
vn -0.8074 -0.5900 0.0000
vn -0.6883 -0.7254 0.0000
vn -0.7304 -0.6830 0.0000
vn -0.5953 -0.8035 0.0000
vn -0.6428 -0.7661 0.0000
vn -0.4942 -0.8694 0.0000
vn -0.5457 -0.8380 0.0000
vn -0.3858 -0.9226 0.0000
vn -0.4408 -0.8976 0.0000
vn -0.2717 -0.9624 0.0000
vn -0.3294 -0.9442 0.0000
vn -0.1538 -0.9881 0.0000
vn -0.2131 -0.9770 0.0000
vn -0.0335 -0.9994 0.0000
vn -0.0938 -0.9956 0.0000
vn 0.0872 -0.9962 -0.0000
vn 0.0269 -0.9996 0.0000
vn 0.0872 -0.9962 0.0000
vn 0.2066 -0.9784 -0.0000
vn 0.1472 -0.9891 -0.0000
vn 0.2066 -0.9784 0.0000
vn 0.3231 -0.9464 0.0000
vn 0.2653 -0.9642 0.0000
vn 0.4348 -0.9005 0.0000
vn 0.3796 -0.9251 0.0000
vn 0.5401 -0.8416 0.0000
vn 0.4883 -0.8726 0.0000
vn 0.6377 -0.7703 0.0000
vn 0.5900 -0.8074 0.0000
vn 0.7259 -0.6878 0.0000
vn 0.6830 -0.7304 0.0000
vn 0.8035 -0.5953 0.0000
vn 0.7661 -0.6428 0.0000
vn 0.8694 -0.4942 0.0000
vn 0.8380 -0.5457 0.0000
vn 0.9226 -0.3858 0.0000
vn 0.8976 -0.4408 0.0000
vn 0.9624 -0.2717 0.0000
vn 0.9442 -0.3293 0.0000
vn 0.9881 -0.1538 0.0000
vn 0.9770 -0.2131 0.0000
vn 0.9994 -0.0335 0.0000
vn 0.9956 -0.0938 0.0000
vn 0.9962 0.0872 0.0000
vn 0.9996 0.0269 0.0000
vn 0.0000 0.0000 1.0000
vn 0.8416 0.5401 -0.0000
vn 0.8074 0.5900 -0.0000
vn 0.7703 0.6376 -0.0000
vn -0.3230 0.9464 0.0000
vn -0.7680 -0.6405 -0.0000
vn -0.7304 -0.6830 -0.0000
vn -0.6883 -0.7254 -0.0000
vn 0.1472 -0.9891 0.0000
vn 0.6376 -0.7703 0.0000
vn -0.0000 0.0000 1.0000
vn -0.0000 -0.0000 1.0000
vn 0.3297 -0.7481 0.5758
vn 0.3290 -0.7495 0.5745
vn 0.3289 -0.7495 0.5746
vn 0.3296 -0.7481 0.5760
vn -0.0563 -0.9936 -0.0982
vn 0.0300 -0.9982 0.0524
vn 0.0299 -0.9982 0.0522
vn -0.0558 -0.9936 -0.0978
vn -0.4966 -0.0000 -0.8680
vn 0.6628 -0.7488 -0.0000
vn 0.6628 -0.7488 0.0000
vn -0.0985 -0.9951 -0.0000
vn 0.0574 -0.9984 -0.0000
vn 0.0603 -0.9982 -0.0000
vn -0.1131 -0.9936 -0.0000
vn -1.0000 0.0000 0.0000
vn -1.0000 -0.0000 -0.0000
vn -0.3404 -0.7463 0.5719
vn -0.3375 -0.7512 0.5672
vn -0.3379 -0.7513 0.5670
vn -0.3410 -0.7461 0.5719
vn 0.0583 -0.9935 -0.0978
vn -0.0311 -0.9982 0.0521
vn -0.0306 -0.9982 0.0514
vn 0.0575 -0.9937 -0.0961
vn 0.5124 0.0000 -0.8587
vn 0.5124 -0.0000 -0.8587
vn 0.5125 0.0000 -0.8587
vn -0.0000 1.0000 0.0000
vn 0.0000 1.0000 0.0000
vn 0.0000 1.0000 -0.0000
vn 0.4969 -0.0000 0.8678
vn -1.0000 0.0000 -0.0000
vn -0.5113 -0.0000 0.8594
vn 0.3289 0.7495 0.5746
vn 0.3297 0.7481 0.5758
vn 0.3297 0.7481 0.5759
vn 0.3288 0.7495 0.5746
vn -0.3376 0.7512 0.5672
vn -0.3404 0.7463 0.5720
vn -0.3408 0.7462 0.5718
vn -0.3380 0.7514 0.5667
vn -0.6628 0.7488 0.0000
vn -0.6628 -0.7488 0.0000
vn -0.6628 -0.7488 -0.0000
vn 0.1132 -0.9936 -0.0000
vn -0.0603 -0.9982 -0.0000
vn -0.0574 -0.9984 -0.0000
vn 0.0985 -0.9951 -0.0000
vn 1.0000 -0.0000 0.0000
vn 1.0000 -0.0000 -0.0000
vn 1.0000 0.0000 0.0000
vn 1.0000 0.0000 -0.0000
vn 0.6628 0.7488 0.0000
vn 0.1104 -0.7888 0.6047
vn 0.2772 -0.7625 0.5845
vn 0.2774 -0.7625 0.5845
vn 0.1107 -0.7888 0.6046
vn 0.4651 -0.7882 0.4030
vn 0.4651 -0.7882 0.4029
vn 0.3643 -0.7614 0.5363
vn 0.3642 -0.7613 0.5364
vn -0.0140 -0.9961 -0.0869
vn -0.0418 -0.9948 -0.0934
vn 0.0276 -0.9981 0.0549
vn 0.0119 -0.9982 0.0584
vn 0.0443 -0.9982 0.0401
vn 0.0334 -0.9981 0.0518
vn -0.0596 -0.9947 -0.0836
vn -0.0680 -0.9961 -0.0563
vn -0.1757 -0.0000 -0.9845
vn -0.4269 -0.0000 -0.9043
vn -0.4269 0.0000 -0.9043
vn -0.1757 0.0000 -0.9845
vn -0.7583 -0.0000 -0.6519
vn -0.5630 -0.0000 -0.8265
vn -0.7583 -0.0000 -0.6518
vn 0.1104 0.7888 0.6047
vn 0.1107 0.7888 0.6046
vn 0.2774 0.7625 0.5845
vn 0.2772 0.7625 0.5845
vn 0.4651 0.7882 0.4030
vn 0.3642 0.7613 0.5364
vn 0.3642 0.7614 0.5363
vn 0.4651 0.7882 0.4029
vn -0.5819 -0.7882 0.2004
vn -0.5819 -0.7882 0.2006
vn -0.6460 -0.7618 0.0490
vn -0.0568 -0.9982 0.0182
vn -0.0614 -0.9981 0.0033
vn 0.1022 -0.9947 -0.0100
vn 0.0830 -0.9961 -0.0307
vn 0.9443 -0.0000 -0.3292
vn 0.9970 -0.0000 -0.0772
vn -0.5819 0.7882 0.2004
vn -0.6460 0.7618 0.0490
vn -0.5819 0.7882 0.2006
vn -0.0000 1.0000 -0.0000
vn 0.7585 0.0000 0.6517
vn 0.5632 0.0000 0.8263
vn 0.1763 0.0000 0.9843
vn 0.4272 -0.0000 0.9041
vn 0.4272 0.0000 0.9041
vn -0.9441 0.0000 0.3296
vn -0.9970 0.0000 0.0773
vn -0.1217 -0.7878 0.6038
vn -0.1213 -0.7878 0.6039
vn -0.2885 -0.7599 0.5825
vn -0.2891 -0.7598 0.5824
vn 0.5805 -0.7885 0.2034
vn 0.5805 -0.7885 0.2035
vn 0.6458 -0.7619 0.0496
vn 0.0154 -0.9961 -0.0869
vn -0.0132 -0.9982 0.0584
vn 0.0437 -0.9947 -0.0934
vn -0.0289 -0.9981 0.0549
vn 0.0567 -0.9982 0.0185
vn -0.0826 -0.9961 -0.0310
vn 0.0614 -0.9981 0.0033
vn -0.1020 -0.9947 -0.0101
vn 0.1937 -0.0000 -0.9811
vn 0.1937 0.0000 -0.9811
vn 0.4434 0.0000 -0.8963
vn -0.9424 -0.0000 -0.3345
vn -0.9969 -0.0000 -0.0782
vn -0.1213 0.7878 0.6039
vn -0.1217 0.7878 0.6038
vn -0.2885 0.7599 0.5825
vn -0.2891 0.7598 0.5824
vn 0.5805 0.7885 0.2034
vn 0.6458 0.7619 0.0496
vn -0.4693 -0.7889 0.3968
vn -0.4695 -0.7890 0.3964
vn -0.3711 -0.7638 0.5282
vn -0.3715 -0.7639 0.5277
vn -0.0446 -0.9982 0.0393
vn 0.0686 -0.9961 -0.0556
vn -0.0340 -0.9981 0.0507
vn 0.0606 -0.9948 -0.0822
vn 0.7666 -0.0000 -0.6421
vn 0.5772 -0.0000 -0.8166
vn -0.4695 0.7890 0.3964
vn -0.4693 0.7889 0.3968
vn -0.3711 0.7638 0.5282
vn -0.3715 0.7639 0.5277
vn 0.9424 0.0000 0.3344
vn 0.9969 0.0000 0.0782
vn -0.1927 -0.0000 0.9813
vn -0.4422 -0.0000 0.8969
vn -0.7659 0.0000 0.6429
vn -0.7659 -0.0000 0.6429
vn -0.5761 -0.0000 0.8174
vn 0.2353 -0.8807 0.4111
vn 0.3080 -0.7845 0.5382
vn 0.2603 -0.7951 0.5478
vn 0.2008 -0.8855 0.4189
vn 0.2359 0.8799 0.4125
vn 0.3088 0.7832 0.5396
vn 0.3411 0.7940 0.5033
vn 0.2600 0.8848 0.3866
vn 0.4745 -0.8803 -0.0000
vn 0.6210 -0.7838 -0.0000
vn 0.6055 -0.7945 0.0460
vn 0.4640 -0.8852 0.0338
vn -0.4744 0.8803 -0.0000
vn -0.6210 0.7838 -0.0000
vn -0.6057 0.7944 0.0455
vn -0.4641 0.8851 0.0333
vn -0.2415 -0.8818 0.4051
vn -0.3165 -0.7862 0.5308
vn -0.3479 -0.7963 0.4949
vn -0.2650 -0.8864 0.3796
vn -0.2446 0.8787 0.4099
vn -0.3197 0.7814 0.5359
vn -0.2716 0.7925 0.5460
vn -0.2098 0.8839 0.4180
vn 0.4745 0.8803 -0.0000
vn 0.6210 0.7838 -0.0000
vn 0.6188 0.7856 0.0000
vn 0.4671 0.8842 0.0000
vn -0.4745 -0.8803 -0.0000
vn -0.6210 -0.7838 -0.0000
vn -0.6188 -0.7856 -0.0000
vn -0.4671 -0.8842 -0.0000
vn -0.0895 -0.8970 0.4329
vn -0.1148 -0.8162 0.5663
vn -0.2716 -0.7925 0.5460
vn -0.2097 -0.8839 0.4179
vn -0.0485 0.9729 0.2262
vn -0.0132 0.9982 0.0584
vn -0.0289 0.9981 0.0549
vn -0.1112 0.9697 0.2173
vn 0.2185 -0.9730 0.0738
vn 0.2419 -0.9702 0.0159
vn 0.4169 0.8975 0.1440
vn 0.5446 0.8168 0.1903
vn 0.6056 0.7945 0.0460
vn 0.4640 0.8852 0.0338
vn -0.4179 -0.8974 0.1418
vn -0.5459 -0.8166 0.1874
vn -0.6057 -0.7944 0.0455
vn -0.4641 -0.8851 0.0333
vn -0.2189 0.9730 0.0726
vn -0.0568 0.9982 0.0182
vn -0.0614 0.9981 0.0033
vn -0.2420 0.9702 0.0157
vn 0.1041 -0.8171 0.5670
vn 0.0811 -0.8976 0.4333
vn 0.1062 0.9703 0.2175
vn 0.0276 0.9981 0.0549
vn 0.0119 0.9982 0.0584
vn 0.0439 0.9731 0.2262
vn 0.1341 -0.9700 0.2026
vn 0.1726 -0.9730 0.1532
vn 0.4359 0.8166 0.3784
vn 0.3322 0.8973 0.2906
vn -0.4400 -0.8173 0.3721
vn -0.3353 -0.8978 0.2855
vn -0.1366 0.9705 0.1986
vn -0.0340 0.9981 0.0507
vn -0.0446 0.9982 0.0393
vn -0.1741 0.9732 0.1502
vn 0.2359 -0.8799 0.4125
vn 0.3088 -0.7832 0.5397
vn 0.2600 -0.8849 0.3865
vn 0.3411 -0.7939 0.5033
vn 0.2354 0.8807 0.4111
vn 0.3080 0.7845 0.5382
vn 0.2008 0.8856 0.4189
vn 0.2603 0.7951 0.5478
vn -0.2446 -0.8787 0.4099
vn -0.3197 -0.7814 0.5359
vn -0.2415 0.8818 0.4051
vn -0.3165 0.7862 0.5308
vn -0.2650 0.8864 0.3796
vn -0.3479 0.7963 0.4949
vn 0.4671 -0.8842 -0.0000
vn 0.6188 -0.7856 -0.0000
vn -0.4671 0.8842 0.0000
vn -0.6188 0.7856 0.0000
vn 0.1212 -0.9698 0.2117
vn 0.1062 -0.9703 0.2175
vn 0.1216 0.9695 0.2126
vn 0.1341 0.9700 0.2026
vn 0.0300 0.9982 0.0524
vn 0.0334 0.9981 0.0518
vn 0.2445 -0.9697 -0.0000
vn -0.2445 0.9697 -0.0000
vn -0.0603 0.9982 -0.0000
vn -0.1242 -0.9701 0.2085
vn -0.1366 -0.9705 0.1986
vn -0.1262 0.9692 0.2114
vn -0.0311 0.9982 0.0521
vn 0.2445 0.9697 -0.0000
vn 0.2363 0.9717 0.0000
vn 0.0603 0.9982 -0.0000
vn 0.0573 0.9984 0.0000
vn -0.2445 -0.9697 -0.0000
vn -0.2363 -0.9717 -0.0000
vn -0.0485 -0.9729 0.2262
vn -0.1112 -0.9697 0.2173
vn -0.0894 0.8970 0.4329
vn -0.1148 0.8162 0.5663
vn 0.4169 -0.8975 0.1440
vn 0.5446 -0.8168 0.1903
vn 0.2185 0.9730 0.0738
vn 0.2419 0.9702 0.0159
vn 0.0567 0.9982 0.0185
vn 0.0614 0.9981 0.0033
vn -0.2189 -0.9730 0.0726
vn -0.2420 -0.9702 0.0157
vn -0.4179 0.8974 0.1418
vn -0.5459 0.8166 0.1874
vn 0.0439 -0.9731 0.2262
vn 0.0811 0.8976 0.4333
vn 0.1041 0.8171 0.5670
vn 0.3323 -0.8973 0.2906
vn 0.4359 -0.8166 0.3784
vn 0.1726 0.9730 0.1532
vn 0.0443 0.9982 0.0401
vn -0.1742 -0.9732 0.1502
vn -0.3353 0.8978 0.2855
vn -0.4400 0.8173 0.3720
vn 0.1215 -0.9695 0.2127
vn 0.1213 0.9698 0.2117
vn 0.0299 0.9982 0.0522
vn -0.1263 -0.9692 0.2114
vn -0.1242 0.9701 0.2085
vn -0.0306 0.9982 0.0514
vn 0.2363 -0.9717 -0.0000
vn -0.2363 0.9717 0.0000
vn -0.0574 0.9984 0.0000
vn -0.2553 -0.8575 -0.4466
vn -0.2069 -0.8713 -0.4449
vn -0.4484 0.4296 -0.7838
vn -0.4948 0.0860 -0.8648
vn -0.4270 0.0896 -0.8998
vn -0.3859 0.4453 -0.8080
vn -0.5157 -0.8568 -0.0001
vn -0.4896 -0.8710 -0.0411
vn -0.9036 0.4284 -0.0000
vn -0.9963 0.0857 -0.0000
vn -0.9931 0.0894 -0.0758
vn -0.8933 0.4446 -0.0658
vn 0.2629 -0.8587 -0.4400
vn 0.2848 -0.8719 -0.3982
vn 0.4623 0.4314 -0.7747
vn 0.5105 0.0865 -0.8555
vn 0.5733 0.0900 -0.8144
vn 0.5133 0.4467 -0.7328
vn 0.5157 -0.8568 -0.0001
vn 0.4718 -0.8817 -0.0000
vn 0.9035 0.4285 -0.0000
vn 0.9963 0.0857 -0.0000
vn 0.9951 0.0985 0.0000
vn 0.8817 0.4718 0.0000
vn -0.6620 0.4802 -0.5755
vn -0.7532 0.0979 -0.6504
vn -0.5590 0.0892 -0.8244
vn -0.5009 0.4439 -0.7430
vn 0.8300 0.4799 -0.2843
vn 0.9404 0.0978 -0.3256
vn 0.9932 0.0893 -0.0748
vn 0.8935 0.4444 -0.0649
vn 0.1750 0.4797 -0.8598
vn 0.1950 0.0977 -0.9759
vn 0.4436 0.0888 -0.8918
vn 0.4016 0.4424 -0.8019
vn -0.8281 -0.4805 -0.2889
vn -0.9386 -0.0980 -0.3309
vn -0.9931 -0.0894 -0.0758
vn -0.8933 -0.4446 -0.0658
vn 0.6693 -0.4808 -0.5664
vn 0.7616 -0.0981 -0.6405
vn 0.5732 -0.0899 -0.8144
vn 0.5131 -0.4466 -0.7330
vn -0.1586 -0.4809 -0.8623
vn -0.1769 -0.0981 -0.9793
vn -0.4270 -0.0895 -0.8998
vn -0.3860 -0.4452 -0.8079
vn -0.9386 0.0980 -0.3309
vn -0.8281 0.4805 -0.2889
vn 0.7616 0.0981 -0.6405
vn 0.6693 0.4808 -0.5664
vn -0.1769 0.0981 -0.9793
vn -0.1586 0.4809 -0.8623
vn -0.5010 -0.4440 -0.7429
vn -0.5590 -0.0892 -0.8244
vn -0.7532 -0.0979 -0.6504
vn -0.6620 -0.4802 -0.5755
vn 0.8935 -0.4444 -0.0650
vn 0.9932 -0.0893 -0.0748
vn 0.9404 -0.0978 -0.3256
vn 0.8300 -0.4799 -0.2843
vn 0.4014 -0.4425 -0.8019
vn 0.4435 -0.0888 -0.8918
vn 0.1950 -0.0977 -0.9759
vn 0.1750 -0.4797 -0.8598
vn -0.2563 -0.8567 -0.4477
vn -0.2794 -0.8706 -0.4049
vn -0.4489 0.4283 -0.7843
vn -0.4948 0.0856 -0.8648
vn 0.2652 -0.8555 -0.4447
vn 0.2160 -0.8699 -0.4435
vn 0.4634 0.4264 -0.7768
vn 0.5106 0.0851 -0.8556
vn -0.4719 -0.8817 -0.0000
vn -0.8817 0.4718 0.0000
vn -0.9951 0.0985 0.0000
vn 0.4900 -0.8708 -0.0407
vn -0.4483 -0.4296 -0.7839
vn -0.4947 -0.0860 -0.8648
vn -0.2554 0.8575 -0.4466
vn -0.2068 0.8714 -0.4449
vn -0.0559 0.9936 -0.0979
vn -0.0417 0.9947 -0.0934
vn -0.9036 -0.4284 -0.0000
vn -0.9963 -0.0857 -0.0000
vn -0.5157 0.8568 -0.0001
vn -0.4896 0.8710 -0.0412
vn -0.1132 0.9936 -0.0000
vn -0.1020 0.9947 -0.0101
vn 0.4624 -0.4314 -0.7746
vn 0.5105 -0.0864 -0.8555
vn 0.2628 0.8586 -0.4402
vn 0.2849 0.8720 -0.3981
vn 0.0575 0.9937 -0.0962
vn 0.0606 0.9948 -0.0822
vn 0.9036 -0.4285 -0.0000
vn 0.8817 -0.4719 -0.0000
vn 0.9963 -0.0857 0.0000
vn 0.9951 -0.0985 0.0000
vn 0.5157 0.8568 -0.0001
vn 0.4718 0.8817 0.0000
vn 0.1131 0.9936 -0.0000
vn 0.0985 0.9951 0.0000
vn -0.3422 0.8931 -0.2920
vn -0.2793 0.8706 -0.4050
vn -0.0680 0.9961 -0.0563
vn -0.0596 0.9947 -0.0836
vn 0.4247 0.8928 -0.1498
vn 0.4900 0.8708 -0.0406
vn 0.0830 0.9961 -0.0306
vn 0.1022 0.9947 -0.0100
vn 0.0855 0.8930 -0.4419
vn 0.2161 0.8698 -0.4435
vn 0.0154 0.9961 -0.0869
vn 0.0437 0.9947 -0.0934
vn -0.4231 -0.8932 -0.1519
vn 0.3456 -0.8932 -0.2875
vn -0.0774 -0.8935 -0.4424
vn -0.4232 0.8932 -0.1519
vn -0.0826 0.9961 -0.0310
vn 0.3456 0.8932 -0.2875
vn 0.0686 0.9961 -0.0556
vn -0.0774 0.8935 -0.4424
vn -0.0140 0.9961 -0.0869
vn -0.3422 -0.8931 -0.2920
vn 0.4247 -0.8928 -0.1498
vn 0.0855 -0.8930 -0.4419
vn -0.4488 -0.4283 -0.7843
vn -0.4948 -0.0856 -0.8648
vn -0.2563 0.8568 -0.4475
vn -0.0563 0.9936 -0.0981
vn 0.4635 -0.4264 -0.7768
vn 0.5106 -0.0851 -0.8556
vn 0.2651 0.8556 -0.4447
vn 0.0582 0.9935 -0.0978
vn -0.8817 -0.4718 -0.0000
vn -0.9951 -0.0986 0.0000
vn -0.4718 0.8817 0.0000
vn -0.0985 0.9951 0.0000
vn 0.4799 0.2596 0.8381
vn 0.4960 0.0608 0.8662
vn 0.5633 0.0633 0.8238
vn 0.5448 0.2681 0.7945
vn -0.4939 0.2583 0.8302
vn -0.5103 0.0606 0.8578
vn -0.4400 0.0630 0.8958
vn -0.4237 0.2670 0.8655
vn -0.9656 0.2599 -0.0000
vn -0.9981 0.0609 -0.0000
vn -0.9949 0.0633 0.0786
vn -0.9602 0.2684 0.0771
vn 0.4798 -0.2606 0.8378
vn 0.4960 -0.0611 0.8662
vn 0.4250 -0.0635 0.9029
vn 0.4091 -0.2688 0.8720
vn 0.9656 -0.2599 -0.0000
vn 0.9981 -0.0609 -0.0000
vn 0.9948 -0.0634 0.0795
vn 0.9601 -0.2684 0.0780
vn -0.4934 -0.2618 0.8295
vn -0.5103 -0.0614 0.8578
vn -0.5761 -0.0637 0.8149
vn -0.5569 -0.2698 0.7856
vn 0.9656 0.2599 -0.0000
vn 0.9981 0.0609 -0.0000
vn 0.9978 0.0657 -0.0000
vn 0.9618 0.2737 0.0000
vn -0.9656 -0.2599 -0.0000
vn -0.9981 -0.0609 -0.0000
vn -0.9978 -0.0657 -0.0000
vn -0.9618 -0.2737 -0.0000
vn 0.9023 0.2861 0.3225
vn 0.9397 0.0686 0.3350
vn 0.9948 0.0634 0.0795
vn 0.9601 0.2684 0.0780
vn 0.1668 0.2862 0.9435
vn 0.1745 0.0686 0.9823
vn 0.4250 0.0635 0.9029
vn 0.4091 0.2688 0.8720
vn -0.7353 0.2865 0.6143
vn -0.7650 0.0687 0.6404
vn -0.5761 0.0637 0.8149
vn -0.5569 0.2698 0.7856
vn -0.1823 -0.2855 0.9409
vn -0.1907 -0.0684 0.9793
vn -0.4400 -0.0630 0.8958
vn -0.4237 -0.2670 0.8656
vn 0.7284 -0.2859 0.6227
vn 0.7577 -0.0686 0.6490
vn 0.5633 -0.0633 0.8238
vn 0.5449 -0.2681 0.7945
vn -0.9040 -0.2859 0.3180
vn -0.9414 -0.0686 0.3302
vn -0.9949 -0.0633 0.0786
vn -0.9602 -0.2683 0.0771
vn 0.7577 0.0685 0.6490
vn 0.7284 0.2859 0.6227
vn -0.1907 0.0684 0.9793
vn -0.1823 0.2855 0.9409
vn -0.9414 0.0686 0.3302
vn -0.9040 0.2859 0.3180
vn 0.1745 -0.0686 0.9823
vn 0.1668 -0.2862 0.9435
vn 0.9397 -0.0686 0.3350
vn 0.9023 -0.2861 0.3225
vn -0.7650 -0.0687 0.6404
vn -0.7352 -0.2865 0.6143
vn 0.4798 0.2605 0.8378
vn 0.4960 0.0611 0.8662
vn -0.4934 0.2618 0.8295
vn -0.5103 0.0614 0.8578
vn 0.4798 -0.2596 0.8381
vn 0.4960 -0.0608 0.8662
vn -0.4940 -0.2583 0.8302
vn -0.5104 -0.0605 0.8578
vn -0.9618 0.2737 0.0000
vn -0.9978 0.0657 -0.0000
vn 0.9618 -0.2738 -0.0000
vn 0.9978 -0.0657 -0.0000
vn 0.4227 0.5257 0.7382
vn 0.4753 0.5379 0.6962
vn 0.3552 0.6993 0.6203
vn 0.3946 0.7120 0.5809
vn -0.4356 0.5237 0.7321
vn -0.3727 0.5363 0.7573
vn -0.3665 0.6974 0.6159
vn -0.3123 0.7105 0.6306
vn -0.8503 0.5263 -0.0000
vn -0.8401 0.5384 0.0658
vn -0.7141 0.7000 -0.0000
vn -0.6997 0.7125 0.0531
vn 0.4223 -0.5272 0.7374
vn 0.3593 -0.5391 0.7617
vn 0.3545 -0.7008 0.6191
vn 0.3005 -0.7132 0.6333
vn 0.8503 -0.5263 -0.0000
vn 0.8400 -0.5385 0.0666
vn 0.7141 -0.7000 -0.0000
vn 0.6995 -0.7126 0.0537
vn -0.4338 -0.5291 0.7293
vn -0.4852 -0.5405 0.6873
vn -0.3638 -0.7026 0.6115
vn -0.4021 -0.7146 0.5724
vn 0.8503 0.5263 -0.0000
vn 0.8425 0.5387 0.0000
vn 0.7141 0.7000 0.0000
vn 0.7106 0.7036 0.0000
vn -0.8503 -0.5263 -0.0000
vn -0.8425 -0.5387 -0.0000
vn -0.7141 -0.7000 -0.0000
vn -0.7106 -0.7036 -0.0000
vn 0.7781 0.5643 0.2757
vn 0.8400 0.5385 0.0666
vn 0.6355 0.7392 0.2229
vn 0.6995 0.7126 0.0537
vn 0.1459 0.5646 0.8123
vn 0.3592 0.5391 0.7618
vn 0.1210 0.7395 0.6622
vn 0.3005 0.7132 0.6332
vn -0.6318 0.5650 0.5307
vn -0.4852 0.5406 0.6873
vn -0.5139 0.7398 0.4343
vn -0.4022 0.7146 0.5724
vn -0.1596 -0.5636 0.8105
vn -0.3726 -0.5363 0.7573
vn -0.1325 -0.7385 0.6611
vn -0.3123 -0.7105 0.6306
vn 0.6260 -0.5641 0.5384
vn 0.4754 -0.5380 0.6962
vn 0.5094 -0.7390 0.4409
vn 0.3946 -0.7120 0.5808
vn -0.7797 -0.5641 0.2718
vn -0.8401 -0.5384 0.0658
vn -0.6369 -0.7390 0.2197
vn -0.6997 -0.7125 0.0531
vn 0.6260 0.5641 0.5384
vn 0.5094 0.7390 0.4409
vn -0.1596 0.5636 0.8105
vn -0.1325 0.7385 0.6611
vn -0.7797 0.5641 0.2718
vn -0.6369 0.7390 0.2198
vn 0.1459 -0.5646 0.8123
vn 0.1210 -0.7395 0.6621
vn 0.7781 -0.5643 0.2757
vn 0.6355 -0.7392 0.2229
vn -0.6318 -0.5649 0.5308
vn -0.5139 -0.7398 0.4343
vn 0.4223 0.5272 0.7374
vn 0.3545 0.7008 0.6191
vn -0.4338 0.5291 0.7293
vn -0.3638 0.7027 0.6115
vn 0.4226 -0.5257 0.7382
vn 0.3552 -0.6993 0.6203
vn -0.4356 -0.5237 0.7321
vn -0.3665 -0.6974 0.6159
vn -0.8425 0.5387 0.0000
vn -0.7105 0.7037 0.0000
vn 0.8425 -0.5387 -0.0000
vn 0.7105 -0.7037 -0.0000
vn -1.0000 -0.0000 0.0000
vn -1.0000 0.0001 -0.0000
vn 0.5125 -0.0000 -0.8587
vn -0.4268 -0.0000 -0.9043
vn -0.7583 0.0000 -0.6519
vn -0.5630 0.0000 -0.8265
vn 0.9970 0.0000 -0.0772
vn -0.9424 0.0000 -0.3345
vn -0.9969 0.0000 -0.0782
vn 0.5773 0.0000 -0.8166
vn 0.0000 -1.0000 -0.0000
vn -0.0000 -1.0000 -0.0000
vn 0.0000 -1.0000 0.0000
vn -0.0000 -1.0000 0.0000
vn 0.3297 -0.7481 -0.5758
vn 0.3296 -0.7481 -0.5760
vn 0.3289 -0.7494 -0.5746
vn 0.3289 -0.7495 -0.5745
vn -0.0563 -0.9936 0.0982
vn -0.0558 -0.9936 0.0978
vn 0.0299 -0.9982 -0.0522
vn 0.0300 -0.9982 -0.0524
vn -0.4966 -0.0000 0.8680
vn -0.1131 -0.9936 0.0000
vn 0.0603 -0.9982 0.0000
vn -0.3404 -0.7463 -0.5720
vn -0.3410 -0.7461 -0.5718
vn -0.3379 -0.7513 -0.5670
vn -0.3375 -0.7512 -0.5673
vn 0.0583 -0.9935 0.0978
vn 0.0575 -0.9937 0.0961
vn -0.0306 -0.9982 -0.0514
vn -0.0311 -0.9982 -0.0522
vn 0.5124 0.0000 0.8587
vn 0.4969 -0.0000 -0.8678
vn -0.5113 -0.0000 -0.8594
vn 0.3289 0.7495 -0.5745
vn 0.3288 0.7495 -0.5746
vn 0.3296 0.7481 -0.5759
vn 0.3297 0.7481 -0.5758
vn -0.3376 0.7512 -0.5672
vn -0.3380 0.7514 -0.5667
vn -0.3408 0.7463 -0.5718
vn -0.3403 0.7463 -0.5721
vn -0.6628 0.7488 -0.0000
vn 0.1132 -0.9936 0.0000
vn -0.0603 -0.9982 0.0000
vn 0.6628 0.7488 -0.0000
vn 0.1104 -0.7889 -0.6046
vn 0.1107 -0.7887 -0.6047
vn 0.2774 -0.7625 -0.5845
vn 0.2772 -0.7625 -0.5845
vn 0.4651 -0.7882 -0.4029
vn 0.3642 -0.7613 -0.5364
vn 0.3642 -0.7614 -0.5363
vn 0.4651 -0.7883 -0.4029
vn -0.0139 -0.9961 0.0869
vn 0.0119 -0.9982 -0.0584
vn 0.0276 -0.9981 -0.0549
vn -0.0417 -0.9948 0.0934
vn 0.0443 -0.9982 -0.0401
vn -0.0680 -0.9961 0.0563
vn -0.0596 -0.9947 0.0837
vn 0.0334 -0.9981 -0.0518
vn -0.1757 -0.0000 0.9844
vn -0.1757 0.0000 0.9844
vn -0.4268 0.0000 0.9043
vn -0.4268 -0.0000 0.9043
vn -0.7583 -0.0000 0.6519
vn -0.7584 -0.0000 0.6518
vn -0.5629 -0.0000 0.8265
vn -0.5630 -0.0000 0.8265
vn 0.1104 0.7889 -0.6046
vn 0.2772 0.7625 -0.5845
vn 0.2774 0.7625 -0.5845
vn 0.1107 0.7887 -0.6047
vn 0.4651 0.7882 -0.4029
vn 0.4651 0.7883 -0.4029
vn 0.3642 0.7614 -0.5363
vn 0.3641 0.7613 -0.5364
vn -0.5820 -0.7881 -0.2004
vn -0.6460 -0.7618 -0.0490
vn -0.5819 -0.7882 -0.2006
vn -0.0568 -0.9982 -0.0182
vn 0.0830 -0.9961 0.0307
vn 0.1022 -0.9947 0.0100
vn -0.0614 -0.9981 -0.0033
vn 0.9443 -0.0000 0.3292
vn 0.9970 -0.0000 0.0772
vn -0.5820 0.7881 -0.2004
vn -0.5819 0.7882 -0.2006
vn -0.6460 0.7618 -0.0490
vn 0.7585 0.0000 -0.6517
vn 0.7585 -0.0000 -0.6517
vn 0.5633 -0.0000 -0.8263
vn 0.1763 0.0000 -0.9843
vn 0.4273 0.0000 -0.9041
vn 0.4273 -0.0000 -0.9041
vn -0.9441 -0.0000 -0.3296
vn -0.9970 -0.0000 -0.0773
vn -0.9970 0.0000 -0.0773
vn -0.1217 -0.7878 -0.6038
vn -0.1213 -0.7878 -0.6039
vn -0.2885 -0.7600 -0.5824
vn -0.2891 -0.7598 -0.5824
vn 0.5805 -0.7885 -0.2034
vn 0.5805 -0.7885 -0.2035
vn 0.6458 -0.7619 -0.0496
vn 0.0154 -0.9961 0.0869
vn -0.0132 -0.9982 -0.0585
vn 0.0437 -0.9947 0.0934
vn -0.0289 -0.9981 -0.0549
vn 0.0567 -0.9982 -0.0185
vn -0.0826 -0.9961 0.0310
vn 0.0614 -0.9981 -0.0033
vn -0.1020 -0.9947 0.0101
vn 0.1937 -0.0000 0.9811
vn 0.1937 0.0000 0.9811
vn 0.4434 -0.0000 0.8963
vn 0.4434 0.0000 0.8963
vn -0.9424 -0.0000 0.3345
vn -0.9969 -0.0000 0.0782
vn -0.1213 0.7878 -0.6039
vn -0.1217 0.7878 -0.6038
vn -0.2885 0.7600 -0.5824
vn -0.2891 0.7598 -0.5824
vn 0.5805 0.7885 -0.2035
vn 0.5805 0.7885 -0.2034
vn 0.6458 0.7619 -0.0496
vn -0.4693 -0.7889 -0.3967
vn -0.4695 -0.7889 -0.3964
vn -0.3711 -0.7637 -0.5282
vn -0.3715 -0.7639 -0.5277
vn -0.0446 -0.9982 -0.0392
vn 0.0686 -0.9961 0.0556
vn -0.0340 -0.9981 -0.0507
vn 0.0606 -0.9948 0.0822
vn 0.7666 -0.0000 0.6421
vn 0.7666 0.0000 0.6421
vn 0.5772 0.0000 0.8166
vn -0.4695 0.7889 -0.3964
vn -0.4693 0.7889 -0.3967
vn -0.3711 0.7637 -0.5282
vn -0.3715 0.7639 -0.5277
vn 0.9424 0.0000 -0.3344
vn 0.9424 -0.0000 -0.3344
vn 0.9969 0.0000 -0.0782
vn 0.9969 -0.0000 -0.0782
vn -0.1928 -0.0000 -0.9812
vn -0.4422 -0.0000 -0.8969
vn -0.7659 -0.0000 -0.6429
vn -0.5761 -0.0000 -0.8173
vn -0.5762 -0.0000 -0.8173
vn 0.2353 -0.8807 -0.4111
vn 0.2008 -0.8855 -0.4189
vn 0.2603 -0.7951 -0.5479
vn 0.3080 -0.7845 -0.5383
vn 0.2359 0.8799 -0.4125
vn 0.2600 0.8848 -0.3866
vn 0.3411 0.7940 -0.5033
vn 0.3088 0.7832 -0.5397
vn 0.4744 -0.8803 0.0000
vn 0.4640 -0.8852 -0.0337
vn 0.6055 -0.7945 -0.0460
vn 0.6210 -0.7838 0.0000
vn -0.4745 0.8803 0.0000
vn -0.4641 0.8851 -0.0333
vn -0.6058 0.7944 -0.0455
vn -0.6210 0.7838 0.0000
vn -0.2415 -0.8818 -0.4051
vn -0.2650 -0.8864 -0.3796
vn -0.3478 -0.7963 -0.4949
vn -0.3165 -0.7862 -0.5308
vn -0.2447 0.8787 -0.4099
vn -0.2097 0.8839 -0.4179
vn -0.2716 0.7925 -0.5460
vn -0.3197 0.7814 -0.5359
vn 0.4745 0.8803 0.0000
vn 0.6210 0.7838 0.0000
vn -0.4744 -0.8803 0.0000
vn -0.6210 -0.7838 0.0000
vn -0.0894 -0.8970 -0.4329
vn -0.2098 -0.8839 -0.4179
vn -0.2716 -0.7925 -0.5460
vn -0.1147 -0.8161 -0.5664
vn -0.0486 0.9729 -0.2262
vn -0.1111 0.9698 -0.2173
vn -0.0289 0.9981 -0.0549
vn -0.0132 0.9982 -0.0585
vn 0.2185 -0.9730 -0.0738
vn 0.2420 -0.9702 -0.0159
vn 0.4169 0.8975 -0.1440
vn 0.4640 0.8852 -0.0338
vn 0.6056 0.7945 -0.0460
vn 0.5446 0.8168 -0.1903
vn -0.4179 -0.8974 -0.1418
vn -0.4641 -0.8851 -0.0333
vn -0.6057 -0.7944 -0.0455
vn -0.5459 -0.8166 -0.1874
vn -0.2189 0.9730 -0.0726
vn -0.2420 0.9702 -0.0157
vn -0.0614 0.9981 -0.0033
vn -0.0568 0.9982 -0.0182
vn 0.0811 -0.8976 -0.4333
vn 0.1041 -0.8171 -0.5670
vn 0.1062 0.9703 -0.2176
vn 0.0439 0.9731 -0.2262
vn 0.0119 0.9982 -0.0584
vn 0.0276 0.9981 -0.0549
vn 0.1341 -0.9700 -0.2026
vn 0.1726 -0.9730 -0.1532
vn 0.3323 0.8973 -0.2906
vn 0.4359 0.8166 -0.3784
vn -0.3353 -0.8978 -0.2854
vn -0.4400 -0.8173 -0.3721
vn -0.1366 0.9705 -0.1986
vn -0.1742 0.9732 -0.1503
vn -0.0446 0.9982 -0.0393
vn -0.0340 0.9981 -0.0507
vn 0.2359 -0.8799 -0.4125
vn 0.3088 -0.7832 -0.5397
vn 0.2601 -0.8848 -0.3866
vn 0.3411 -0.7939 -0.5033
vn 0.2354 0.8807 -0.4111
vn 0.3081 0.7845 -0.5383
vn 0.2008 0.8856 -0.4189
vn 0.2603 0.7950 -0.5479
vn -0.2446 -0.8787 -0.4099
vn -0.3197 -0.7814 -0.5359
vn -0.2415 0.8818 -0.4051
vn -0.3165 0.7862 -0.5308
vn -0.2650 0.8864 -0.3796
vn -0.3478 0.7963 -0.4949
vn 0.1212 -0.9698 -0.2117
vn 0.1062 -0.9702 -0.2176
vn 0.1215 0.9696 -0.2126
vn 0.1341 0.9700 -0.2026
vn 0.0300 0.9982 -0.0524
vn 0.0334 0.9981 -0.0518
vn 0.2445 -0.9697 0.0000
vn -0.2445 0.9697 0.0000
vn -0.0603 0.9982 0.0000
vn -0.1242 -0.9701 -0.2085
vn -0.1366 -0.9705 -0.1986
vn -0.1262 0.9692 -0.2115
vn -0.0311 0.9982 -0.0522
vn 0.2445 0.9697 0.0000
vn 0.0603 0.9982 0.0000
vn -0.2445 -0.9697 0.0000
vn -0.0485 -0.9729 -0.2262
vn -0.1112 -0.9698 -0.2173
vn -0.0894 0.8970 -0.4329
vn -0.1147 0.8162 -0.5663
vn 0.4169 -0.8975 -0.1440
vn 0.5446 -0.8168 -0.1903
vn 0.2185 0.9730 -0.0738
vn 0.2419 0.9702 -0.0159
vn 0.0567 0.9982 -0.0185
vn 0.0614 0.9981 -0.0033
vn -0.2189 -0.9730 -0.0726
vn -0.2420 -0.9702 -0.0157
vn -0.4179 0.8974 -0.1418
vn -0.5460 0.8166 -0.1874
vn 0.0439 -0.9731 -0.2262
vn 0.0810 0.8976 -0.4333
vn 0.1040 0.8171 -0.5670
vn 0.3323 -0.8973 -0.2906
vn 0.4359 -0.8166 -0.3784
vn 0.1726 0.9730 -0.1532
vn 0.0443 0.9982 -0.0401
vn -0.1742 -0.9732 -0.1503
vn -0.3353 0.8978 -0.2854
vn -0.4400 0.8173 -0.3721
vn 0.1215 -0.9695 -0.2126
vn 0.1213 0.9698 -0.2117
vn 0.0299 0.9982 -0.0522
vn -0.1263 -0.9692 -0.2115
vn -0.1242 0.9701 -0.2085
vn -0.0306 0.9982 -0.0514
vn -0.2553 -0.8575 0.4467
vn -0.2069 -0.8713 0.4449
vn -0.4484 0.4295 0.7839
vn -0.3859 0.4453 0.8080
vn -0.4270 0.0896 0.8998
vn -0.4948 0.0860 0.8648
vn -0.5157 -0.8568 0.0001
vn -0.4896 -0.8710 0.0411
vn -0.9036 0.4285 0.0000
vn -0.8933 0.4446 0.0658
vn -0.9931 0.0894 0.0758
vn -0.9963 0.0857 0.0000
vn 0.2629 -0.8586 0.4401
vn 0.2848 -0.8719 0.3983
vn 0.4624 0.4314 0.7747
vn 0.5133 0.4466 0.7329
vn 0.5732 0.0900 0.8144
vn 0.5105 0.0866 0.8555
vn 0.5157 -0.8568 0.0001
vn 0.9036 0.4285 0.0000
vn 0.9963 0.0857 0.0000
vn -0.6620 0.4802 0.5755
vn -0.5009 0.4441 0.7429
vn -0.5590 0.0892 0.8244
vn -0.7533 0.0979 0.6504
vn 0.8300 0.4798 0.2843
vn 0.8935 0.4444 0.0649
vn 0.9932 0.0893 0.0748
vn 0.9404 0.0978 0.3256
vn 0.1750 0.4796 0.8598
vn 0.4016 0.4423 0.8019
vn 0.4435 0.0888 0.8918
vn 0.1950 0.0977 0.9759
vn -0.8281 -0.4805 0.2889
vn -0.8933 -0.4446 0.0658
vn -0.9931 -0.0894 0.0758
vn -0.9386 -0.0980 0.3309
vn 0.6693 -0.4808 0.5664
vn 0.5131 -0.4466 0.7330
vn 0.5732 -0.0899 0.8145
vn 0.7616 -0.0981 0.6406
vn -0.1586 -0.4809 0.8623
vn -0.3860 -0.4452 0.8079
vn -0.4270 -0.0895 0.8998
vn -0.1768 -0.0981 0.9793
vn -0.8281 0.4805 0.2889
vn -0.9386 0.0980 0.3309
vn 0.6693 0.4808 0.5664
vn 0.7616 0.0981 0.6406
vn -0.1586 0.4809 0.8623
vn -0.1768 0.0981 0.9793
vn -0.5010 -0.4441 0.7428
vn -0.6620 -0.4802 0.5755
vn -0.7532 -0.0979 0.6504
vn -0.5590 -0.0893 0.8243
vn 0.8935 -0.4444 0.0649
vn 0.8300 -0.4798 0.2843
vn 0.9404 -0.0979 0.3256
vn 0.9932 -0.0894 0.0748
vn 0.4014 -0.4424 0.8020
vn 0.1750 -0.4796 0.8598
vn 0.1950 -0.0977 0.9759
vn 0.4435 -0.0888 0.8919
vn -0.2563 -0.8567 0.4477
vn -0.2793 -0.8707 0.4048
vn -0.4489 0.4283 0.7842
vn -0.4948 0.0857 0.8648
vn 0.2652 -0.8555 0.4447
vn 0.2160 -0.8698 0.4435
vn 0.4634 0.4263 0.7768
vn 0.5106 0.0851 0.8556
vn 0.4900 -0.8708 0.0407
vn -0.4484 -0.4295 0.7839
vn -0.4948 -0.0860 0.8648
vn -0.2554 0.8575 0.4467
vn -0.2068 0.8713 0.4449
vn -0.0559 0.9936 0.0978
vn -0.0417 0.9948 0.0934
vn -0.9036 -0.4285 0.0000
vn -0.9963 -0.0857 0.0000
vn -0.5157 0.8568 0.0001
vn -0.4896 0.8710 0.0412
vn -0.1132 0.9936 0.0000
vn -0.1020 0.9947 0.0101
vn 0.4625 -0.4314 0.7746
vn 0.5106 -0.0865 0.8555
vn 0.2629 0.8585 0.4402
vn 0.2849 0.8719 0.3982
vn 0.0575 0.9937 0.0962
vn 0.0606 0.9948 0.0822
vn 0.9036 -0.4285 0.0000
vn 0.5157 0.8568 0.0001
vn 0.1132 0.9936 0.0000
vn -0.3422 0.8931 0.2920
vn -0.2792 0.8707 0.4049
vn -0.0680 0.9961 0.0563
vn -0.0596 0.9947 0.0837
vn 0.4248 0.8928 0.1498
vn 0.4900 0.8708 0.0406
vn 0.0830 0.9961 0.0307
vn 0.1022 0.9947 0.0100
vn 0.0855 0.8930 0.4419
vn 0.2161 0.8698 0.4435
vn 0.0154 0.9961 0.0869
vn 0.0437 0.9947 0.0934
vn -0.4231 -0.8932 0.1519
vn 0.3457 -0.8932 0.2876
vn -0.0773 -0.8935 0.4424
vn -0.4232 0.8932 0.1519
vn -0.0826 0.9961 0.0310
vn 0.3457 0.8932 0.2876
vn 0.0686 0.9961 0.0556
vn -0.0773 0.8935 0.4424
vn -0.0139 0.9961 0.0869
vn -0.3422 -0.8931 0.2920
vn 0.4248 -0.8928 0.1498
vn 0.0855 -0.8930 0.4419
vn -0.4488 -0.4283 0.7843
vn -0.4948 -0.0857 0.8648
vn -0.2564 0.8567 0.4476
vn -0.0563 0.9936 0.0981
vn 0.4635 -0.4263 0.7768
vn 0.5106 -0.0851 0.8556
vn 0.2651 0.8556 0.4447
vn 0.0582 0.9935 0.0977
vn 0.4799 0.2596 -0.8381
vn 0.5448 0.2681 -0.7945
vn 0.5634 0.0633 -0.8238
vn 0.4960 0.0609 -0.8662
vn -0.4939 0.2583 -0.8302
vn -0.4238 0.2669 -0.8656
vn -0.4400 0.0630 -0.8958
vn -0.5103 0.0606 -0.8579
vn -0.9656 0.2599 0.0000
vn -0.9602 0.2683 -0.0771
vn -0.9949 0.0633 -0.0786
vn -0.9981 0.0609 0.0000
vn 0.4798 -0.2605 -0.8378
vn 0.4092 -0.2689 -0.8719
vn 0.4251 -0.0635 -0.9029
vn 0.4960 -0.0612 -0.8662
vn 0.9656 -0.2599 0.0000
vn 0.9601 -0.2684 -0.0780
vn 0.9948 -0.0634 -0.0795
vn 0.9981 -0.0610 0.0000
vn -0.4934 -0.2618 -0.8294
vn -0.5568 -0.2697 -0.7856
vn -0.5761 -0.0637 -0.8149
vn -0.5103 -0.0615 -0.8578
vn 0.9656 0.2599 0.0000
vn 0.9981 0.0609 0.0000
vn -0.9656 -0.2599 0.0000
vn -0.9981 -0.0609 0.0000
vn 0.9023 0.2861 -0.3226
vn 0.9601 0.2684 -0.0780
vn 0.9948 0.0633 -0.0795
vn 0.9397 0.0686 -0.3350
vn 0.1667 0.2863 -0.9435
vn 0.4092 0.2689 -0.8719
vn 0.4251 0.0635 -0.9029
vn 0.1745 0.0686 -0.9823
vn -0.7352 0.2865 -0.6143
vn -0.5569 0.2697 -0.7856
vn -0.5761 0.0637 -0.8149
vn -0.7650 0.0687 -0.6404
vn -0.1824 -0.2856 -0.9408
vn -0.4237 -0.2669 -0.8656
vn -0.4400 -0.0630 -0.8958
vn -0.1908 -0.0684 -0.9792
vn 0.7283 -0.2859 -0.6227
vn 0.5449 -0.2681 -0.7945
vn 0.5634 -0.0633 -0.8238
vn 0.7577 -0.0685 -0.6490
vn -0.9039 -0.2859 -0.3180
vn -0.9602 -0.2683 -0.0771
vn -0.9949 -0.0633 -0.0786
vn -0.9414 -0.0685 -0.3302
vn 0.7283 0.2859 -0.6227
vn 0.7577 0.0685 -0.6490
vn -0.1823 0.2855 -0.9409
vn -0.1908 0.0684 -0.9792
vn -0.9039 0.2859 -0.3180
vn -0.9414 0.0685 -0.3302
vn 0.1667 -0.2863 -0.9435
vn 0.1745 -0.0686 -0.9823
vn 0.9023 -0.2861 -0.3226
vn 0.9397 -0.0686 -0.3350
vn -0.7352 -0.2865 -0.6143
vn -0.7650 -0.0687 -0.6404
vn 0.4798 0.2605 -0.8378
vn 0.4960 0.0612 -0.8661
vn -0.4934 0.2618 -0.8295
vn -0.5103 0.0615 -0.8578
vn 0.4798 -0.2596 -0.8381
vn 0.4960 -0.0609 -0.8662
vn -0.4940 -0.2583 -0.8302
vn -0.5103 -0.0606 -0.8578
vn 0.4227 0.5257 -0.7382
vn 0.4754 0.5379 -0.6962
vn 0.3552 0.6994 -0.6203
vn 0.3945 0.7120 -0.5809
vn -0.4356 0.5237 -0.7321
vn -0.3727 0.5362 -0.7573
vn -0.3665 0.6974 -0.6159
vn -0.3123 0.7105 -0.6306
vn -0.8503 0.5263 0.0000
vn -0.8401 0.5384 -0.0658
vn -0.7141 0.7000 0.0000
vn -0.6997 0.7125 -0.0531
vn 0.4223 -0.5271 -0.7374
vn 0.3593 -0.5392 -0.7617
vn 0.3545 -0.7008 -0.6191
vn 0.3005 -0.7132 -0.6333
vn 0.8503 -0.5263 0.0000
vn 0.8400 -0.5385 -0.0666
vn 0.7141 -0.7000 0.0000
vn 0.6995 -0.7126 -0.0537
vn -0.4338 -0.5291 -0.7293
vn -0.4852 -0.5405 -0.6873
vn -0.3638 -0.7027 -0.6115
vn -0.4022 -0.7146 -0.5724
vn 0.8503 0.5263 0.0000
vn -0.8503 -0.5263 0.0000
vn -0.7141 -0.7000 0.0000
vn 0.7781 0.5644 -0.2757
vn 0.8400 0.5385 -0.0666
vn 0.6355 0.7392 -0.2229
vn 0.6995 0.7126 -0.0537
vn 0.1459 0.5647 -0.8123
vn 0.3593 0.5392 -0.7617
vn 0.1210 0.7395 -0.6621
vn 0.3005 0.7132 -0.6333
vn -0.6318 0.5650 -0.5307
vn -0.4853 0.5405 -0.6873
vn -0.5139 0.7398 -0.4343
vn -0.4022 0.7146 -0.5724
vn -0.1596 -0.5636 -0.8105
vn -0.3726 -0.5362 -0.7574
vn -0.1325 -0.7385 -0.6611
vn -0.3122 -0.7105 -0.6306
vn 0.6260 -0.5641 -0.5384
vn 0.4754 -0.5379 -0.6962
vn 0.5094 -0.7390 -0.4409
vn 0.3946 -0.7120 -0.5808
vn -0.7796 -0.5642 -0.2718
vn -0.8401 -0.5384 -0.0658
vn -0.6369 -0.7390 -0.2197
vn -0.6997 -0.7125 -0.0531
vn 0.6260 0.5641 -0.5384
vn 0.5094 0.7390 -0.4409
vn -0.1595 0.5636 -0.8105
vn -0.1325 0.7385 -0.6611
vn -0.7797 0.5642 -0.2718
vn -0.6369 0.7390 -0.2197
vn 0.1459 -0.5647 -0.8123
vn 0.1210 -0.7395 -0.6621
vn 0.7781 -0.5644 -0.2757
vn 0.6355 -0.7392 -0.2229
vn -0.6318 -0.5650 -0.5307
vn -0.5139 -0.7398 -0.4343
vn 0.4223 0.5271 -0.7374
vn 0.3545 0.7008 -0.6191
vn -0.4338 0.5291 -0.7293
vn -0.3638 0.7027 -0.6115
vn 0.4227 -0.5257 -0.7382
vn 0.3551 -0.6994 -0.6203
vn -0.4357 -0.5237 -0.7320
vn -0.3665 -0.6974 -0.6159
vn 0.5124 -0.0000 0.8587
vn -0.1756 0.0000 0.9845
vn -0.1756 -0.0000 0.9845
vn -0.7583 0.0000 0.6519
vn 0.9443 0.0000 0.3292
vn 0.9970 0.0000 0.0772
vn 0.4433 0.0000 0.8964
vn -0.9969 0.0000 0.0782
vn 0.7666 -0.0000 0.6422
vn 0.5772 -0.0000 0.8166
vn 0.8080 0.1248 -0.5758
vn 0.8079 0.1248 -0.5760
vn 0.8091 0.1236 -0.5745
vn 0.8091 0.1238 -0.5745
vn 0.9451 -0.3115 0.0982
vn 0.9453 -0.3111 0.0979
vn 0.9719 -0.2295 -0.0522
vn 0.9719 -0.2294 -0.0524
vn -0.1285 -0.4797 0.8680
vn 0.6328 -0.5220 -0.5719
vn 0.6324 -0.5225 -0.5719
vn 0.6382 -0.5208 -0.5670
vn 0.6383 -0.5204 -0.5672
vn 0.9747 -0.2008 0.0978
vn 0.9747 -0.2016 0.0961
vn 0.9563 -0.2879 -0.0514
vn 0.9561 -0.2884 -0.0521
vn 0.1326 0.4950 0.8587
vn 0.1326 0.4951 0.8587
vn -0.9659 0.2588 0.0000
vn -0.9659 0.2588 -0.0000
vn 0.1286 0.4800 -0.8678
vn -0.1323 -0.4938 -0.8594
vn -0.1323 -0.4939 -0.8594
vn -0.6388 0.5117 -0.5746
vn -0.6389 0.5115 -0.5745
vn -0.6373 0.5120 -0.5759
vn -0.6373 0.5121 -0.5758
vn -0.8130 -0.1317 -0.5672
vn -0.8133 -0.1320 -0.5667
vn -0.8090 -0.1360 -0.5719
vn -0.8090 -0.1356 -0.5720
vn 0.5517 -0.8340 0.0000
vn 0.5516 -0.8341 -0.0000
vn 0.5518 -0.8340 -0.0000
vn 0.5517 -0.8340 -0.0000
vn 0.9486 -0.3166 0.0000
vn 0.9890 -0.1478 0.0000
vn 0.9974 -0.0725 0.0000
vn 0.9493 -0.3144 -0.0000
vn 0.2588 0.9659 -0.0003
vn 0.4153 0.9097 -0.0000
vn 0.0952 0.9955 -0.0000
vn -0.9758 0.2185 0.0000
vn -0.9193 0.3935 0.0000
vn 0.2588 0.9659 -0.0000
vn 0.2588 0.9659 0.0000
vn -0.5517 0.8340 0.0000
vn -0.5518 0.8340 0.0000
vn -0.5517 0.8340 -0.0000
vn 0.7905 -0.0975 -0.6047
vn 0.7906 -0.0972 -0.6046
vn 0.8083 0.0706 -0.5845
vn 0.8083 0.0704 -0.5845
vn 0.8817 0.2452 -0.4030
vn 0.8296 0.1547 -0.5364
vn 0.8297 0.1548 -0.5363
vn 0.8818 0.2453 -0.4029
vn 0.9586 -0.2713 0.0870
vn 0.9673 -0.2468 -0.0584
vn 0.9712 -0.2317 -0.0549
vn 0.9501 -0.2978 0.0934
vn 0.9757 -0.2156 -0.0401
vn 0.9446 -0.3235 0.0563
vn 0.9454 -0.3150 0.0837
vn 0.9727 -0.2260 -0.0518
vn -0.0455 -0.1697 0.9845
vn -0.1105 -0.4123 0.9043
vn -0.1963 -0.7325 0.6519
vn -0.1963 -0.7325 0.6518
vn -0.1457 -0.5438 0.8265
vn -0.1457 -0.5438 0.8264
vn -0.7333 0.3108 -0.6047
vn -0.6648 0.4651 -0.5845
vn -0.6647 0.4653 -0.5845
vn -0.7333 0.3111 -0.6046
vn -0.6410 0.6532 -0.4030
vn -0.6410 0.6533 -0.4029
vn -0.6411 0.5489 -0.5364
vn -0.6411 0.5488 -0.5364
vn 0.6107 -0.7661 -0.2004
vn 0.5686 -0.8212 -0.0489
vn 0.5686 -0.8212 -0.0490
vn 0.6107 -0.7660 -0.2006
vn 0.9495 -0.3132 -0.0182
vn 0.9836 -0.1776 0.0306
vn 0.9873 -0.1588 0.0100
vn 0.9482 -0.3176 -0.0033
vn 0.2444 0.9121 0.3292
vn 0.2580 0.9630 0.0772
vn -0.9119 -0.3581 -0.2004
vn -0.9119 -0.3580 -0.2006
vn -0.9030 -0.4268 -0.0490
vn 0.1963 0.7327 -0.6517
vn 0.1458 0.5441 -0.8263
vn 0.1458 0.5440 -0.8263
vn 0.0456 0.1704 -0.9843
vn 0.1106 0.4127 -0.9041
vn -0.2444 -0.9119 -0.3296
vn -0.2443 -0.9120 -0.3296
vn -0.2580 -0.9630 -0.0773
vn 0.7294 -0.3215 -0.6038
vn 0.7296 -0.3210 -0.6039
vn 0.6593 -0.4753 -0.5825
vn 0.6590 -0.4759 -0.5824
vn 0.9118 0.3566 -0.2034
vn 0.9118 0.3566 -0.2035
vn 0.9031 0.4266 -0.0496
vn 0.9661 -0.2429 0.0869
vn 0.9608 -0.2711 -0.0584
vn 0.9721 -0.2152 0.0934
vn 0.9566 -0.2862 -0.0549
vn 0.9789 -0.2036 -0.0185
vn 0.9408 -0.3376 0.0310
vn 0.9800 -0.1990 -0.0033
vn 0.9344 -0.3560 0.0101
vn 0.0501 0.1871 0.9811
vn 0.1148 0.4283 0.8963
vn -0.2439 -0.9103 0.3345
vn -0.2580 -0.9630 0.0782
vn -0.7923 0.0868 -0.6039
vn -0.7924 0.0863 -0.6038
vn -0.8087 -0.0820 -0.5825
vn -0.8087 -0.0827 -0.5824
vn -0.6114 0.7647 -0.2035
vn -0.6113 0.7648 -0.2034
vn -0.5688 0.8210 -0.0495
vn -0.5688 0.8210 -0.0496
vn 0.6406 -0.6575 -0.3968
vn 0.6406 -0.6577 -0.3964
vn 0.6417 -0.5561 -0.5282
vn 0.6417 -0.5565 -0.5277
vn 0.9527 -0.3015 -0.0393
vn 0.9799 -0.1915 0.0556
vn 0.9553 -0.2912 -0.0507
vn 0.9766 -0.1990 0.0822
vn 0.1984 0.7405 0.6421
vn 0.1494 0.5575 0.8166
vn -0.8836 -0.2493 -0.3964
vn -0.8835 -0.2491 -0.3968
vn -0.8338 -0.1607 -0.5282
vn -0.8340 -0.1611 -0.5277
vn 0.2439 0.9103 -0.3344
vn 0.2580 0.9630 -0.0782
vn -0.0499 -0.1861 -0.9813
vn -0.1144 -0.4271 -0.8969
vn -0.1982 -0.7398 -0.6429
vn -0.1491 -0.5565 -0.8174
vn 0.8948 0.4464 -0.0000
vn 0.8948 0.4464 0.0000
vn 0.9798 -0.2001 0.0000
vn 0.9304 -0.3665 0.0000
vn -0.2590 -0.9659 -0.0000
vn -0.2588 -0.9659 0.0000
vn -0.2588 -0.9659 -0.0000
vn -0.8948 -0.4464 0.0000
vn -0.8948 -0.4464 -0.0000
vn 0.9116 -0.0006 -0.4111
vn 0.9073 -0.0353 -0.4189
vn 0.8353 0.0457 -0.5478
vn 0.8375 0.0945 -0.5382
vn -0.7889 0.4556 -0.4125
vn -0.7874 0.4802 -0.3866
vn -0.6786 0.5349 -0.5033
vn -0.6766 0.5010 -0.5397
vn 0.9731 0.2304 0.0000
vn 0.9751 0.2191 -0.0338
vn 0.9241 0.3793 -0.0460
vn 0.9178 0.3970 0.0000
vn -0.9731 -0.2305 0.0000
vn -0.9751 -0.2192 -0.0333
vn -0.9241 -0.3795 -0.0455
vn -0.9178 -0.3969 0.0000
vn 0.7893 -0.4615 -0.4051
vn 0.7876 -0.4854 -0.3796
vn 0.6791 -0.5421 -0.4949
vn 0.6775 -0.5092 -0.5308
vn -0.9121 -0.0088 -0.4099
vn -0.9081 0.0261 -0.4180
vn -0.8358 -0.0573 -0.5460
vn -0.8375 -0.1065 -0.5360
vn 0.8433 -0.3186 -0.4329
vn 0.7995 -0.4314 -0.4180
vn 0.6952 -0.4675 -0.5460
vn 0.7587 -0.3221 -0.5663
vn -0.9523 0.2049 -0.2261
vn -0.9655 0.1436 -0.2174
vn -0.9715 0.2304 -0.0549
vn -0.9676 0.2456 -0.0584
vn 0.9964 -0.0408 -0.0738
vn 0.9997 -0.0174 -0.0159
vn -0.7590 0.6350 -0.1440
vn -0.7349 0.6773 -0.0338
vn -0.6107 0.7905 -0.0460
vn -0.6480 0.7374 -0.1903
vn 0.7586 -0.6359 -0.1418
vn 0.7349 -0.6774 -0.0333
vn 0.6105 -0.7907 -0.0454
vn 0.6475 -0.7387 -0.1874
vn -0.9965 0.0403 -0.0726
vn -0.9997 0.0173 -0.0157
vn -0.9800 0.1990 -0.0033
vn -0.9789 0.2035 -0.0182
vn 0.8880 -0.1540 -0.4333
vn 0.8162 -0.1109 -0.5670
vn -0.9097 0.3537 -0.2175
vn -0.9285 0.2943 -0.2263
vn -0.9611 0.2699 -0.0584
vn -0.9570 0.2850 -0.0549
vn 0.9717 -0.1215 -0.2026
vn 0.9845 -0.0851 -0.1532
vn -0.7807 0.5532 -0.2906
vn -0.6760 0.6324 -0.3784
vn 0.7805 -0.5562 -0.2855
vn 0.6756 -0.6365 -0.3721
vn -0.9728 0.1193 -0.1986
vn -0.9851 0.0837 -0.1502
vn -0.9758 0.2152 -0.0393
vn -0.9729 0.2254 -0.0507
vn 0.9109 0.0001 -0.4125
vn 0.8364 0.0955 -0.5397
vn 0.9220 0.0222 -0.3865
vn 0.8552 0.1240 -0.5033
vn -0.7898 0.4553 -0.4111
vn -0.6780 0.5006 -0.5382
vn -0.8034 0.4231 -0.4189
vn -0.7006 0.4572 -0.5478
vn 0.7855 -0.4637 -0.4099
vn 0.6720 -0.5110 -0.5360
vn -0.9142 -0.0050 -0.4051
vn -0.8413 -0.1022 -0.5308
vn -0.9248 -0.0266 -0.3796
vn -0.8592 -0.1299 -0.4949
vn 0.9187 0.3949 0.0000
vn 0.9745 0.2242 0.0000
vn -0.9187 -0.3949 0.0000
vn -0.9745 -0.2242 0.0000
vn -0.7275 0.6861 0.0000
vn -0.5964 0.8027 0.0000
vn 0.7275 -0.6861 0.0000
vn 0.5964 -0.8027 0.0000
vn 0.9681 -0.1339 -0.2117
vn 0.9647 -0.1485 -0.2175
vn -0.9050 0.3684 -0.2126
vn -0.9023 0.3806 -0.2026
vn -0.9564 0.2873 -0.0524
vn -0.9554 0.2906 -0.0518
vn 0.9999 -0.0149 0.0000
vn -0.9999 0.0148 0.0000
vn -0.9798 0.2001 0.0000
vn 0.9049 -0.3711 -0.2085
vn 0.9021 -0.3831 -0.1986
vn -0.9689 0.1289 -0.2114
vn -0.9722 0.2283 -0.0521
vn 0.9272 -0.2987 -0.2261
vn 0.9079 -0.3584 -0.2174
vn -0.8896 0.1458 -0.4329
vn -0.8181 0.1004 -0.5663
vn 0.9748 0.1704 -0.1440
vn 0.9299 0.3146 -0.1903
vn -0.8833 0.4629 -0.0738
vn -0.8745 0.4848 -0.0159
vn -0.9495 0.3132 -0.0185
vn -0.9482 0.3176 -0.0033
vn 0.8832 -0.4633 -0.0726
vn 0.8745 -0.4848 -0.0157
vn -0.9749 -0.1714 -0.1418
vn -0.9301 -0.3160 -0.1874
vn 0.9513 -0.2094 -0.2263
vn -0.8460 0.3106 -0.4333
vn -0.7623 0.3120 -0.5670
vn 0.9527 0.0887 -0.2906
vn 0.9016 0.2097 -0.3784
vn -0.8952 0.4186 -0.1532
vn -0.9527 0.3011 -0.0401
vn 0.8950 -0.4201 -0.1502
vn -0.9540 -0.0915 -0.2854
vn -0.9033 -0.2134 -0.3720
vn 0.9680 -0.1335 -0.2126
vn -0.9054 0.3681 -0.2117
vn -0.9564 0.2872 -0.0522
vn 0.9035 -0.3728 -0.2114
vn -0.9692 0.1311 -0.2085
vn -0.9721 0.2288 -0.0514
vn 0.9998 -0.0214 0.0000
vn 0.9793 -0.2023 -0.0000
vn -0.9993 0.0379 0.0000
vn -0.8733 0.4871 0.0000
vn -0.9486 0.3166 0.0000
vn 0.8733 -0.4871 0.0000
vn 0.7623 -0.4685 0.4466
vn 0.7881 -0.4254 0.4449
vn -0.5310 -0.3219 0.7838
vn -0.5301 -0.2575 0.8079
vn -0.1970 -0.3893 0.8998
vn -0.2111 -0.4556 0.8648
vn 0.6941 -0.7199 0.0001
vn 0.7146 -0.6984 0.0411
vn -0.6477 -0.7619 0.0000
vn -0.6606 -0.7478 0.0658
vn -0.3434 -0.9361 0.0758
vn -0.3407 -0.9402 0.0000
vn 0.8974 0.0317 0.4400
vn 0.9159 0.0494 0.3983
vn -0.2970 0.5582 0.7747
vn -0.2986 0.6114 0.7328
vn 0.0615 0.5770 0.8144
vn 0.0486 0.5155 0.8555
vn -0.6351 -0.5152 0.5755
vn -0.5584 -0.3689 0.7430
vn -0.2308 -0.5168 0.8244
vn -0.2895 -0.7022 0.6504
vn -0.2487 0.9259 0.2843
vn -0.1980 0.9781 0.0649
vn 0.1708 0.9825 0.0748
vn 0.1489 0.9337 0.3256
vn -0.4181 0.2932 0.8598
vn -0.3234 0.5024 0.8019
vn 0.0291 0.4515 0.8918
vn -0.0439 0.2137 0.9759
vn 0.2498 -0.9242 0.2889
vn 0.1982 -0.9779 0.0658
vn -0.1707 -0.9824 0.0758
vn -0.1483 -0.9319 0.3309
vn 0.6377 0.5221 0.5664
vn 0.5641 0.3801 0.7330
vn 0.2352 0.5304 0.8144
vn 0.2919 0.7103 0.6405
vn 0.4236 -0.2777 0.8623
vn 0.3302 -0.4881 0.8079
vn -0.0240 -0.4357 0.8998
vn 0.0489 -0.1963 0.9793
vn -0.6784 -0.6755 0.2889
vn -0.3376 -0.8812 0.3309
vn -0.2912 0.7710 0.5664
vn 0.1024 0.7611 0.6405
vn -0.5057 -0.0287 0.8623
vn -0.1405 -0.1455 0.9793
vn 0.2992 -0.5988 0.7429
vn 0.2925 -0.7637 0.5755
vn -0.1004 -0.7529 0.6504
vn -0.0585 -0.5630 0.8244
vn 0.6605 0.7480 0.0650
vn 0.6783 0.6775 0.2843
vn 0.3379 0.8831 0.3256
vn 0.3433 0.9362 0.0748
vn 0.5313 0.2733 0.8019
vn 0.5087 0.0448 0.8598
vn 0.1449 0.1631 0.9759
vn 0.2006 0.4055 0.8918
vn 0.7612 -0.4693 0.4477
vn 0.7687 -0.4952 0.4049
vn -0.5299 -0.3227 0.7843
vn -0.2107 -0.4558 0.8648
vn 0.8950 0.0348 0.4446
vn 0.8961 -0.0165 0.4435
vn -0.2920 0.5580 0.7768
vn 0.0500 0.5152 0.8556
vn 0.9000 -0.4358 0.0000
vn 0.4901 -0.8717 0.0000
vn -0.4258 -0.9048 0.0000
vn -0.8831 -0.4691 0.0000
vn 0.9679 0.2479 0.0407
vn 0.9610 0.2764 0.0001
vn -0.1800 0.9837 0.0001
vn 0.1752 0.9845 0.0002
vn 0.2990 -0.5442 0.7839
vn -0.0450 -0.5001 0.8648
vn -0.8944 -0.0247 0.4466
vn -0.8952 0.0258 0.4449
vn -0.9742 0.2032 0.0979
vn -0.9717 0.2171 0.0934
vn 0.1800 -0.9837 0.0001
vn -0.1751 -0.9845 0.0002
vn -0.9611 -0.2763 0.0001
vn -0.9680 -0.2476 0.0412
vn -0.9890 0.1478 0.0001
vn -0.9872 0.1589 0.0101
vn 0.5364 0.3350 0.7746
vn 0.2156 0.4708 0.8555
vn -0.7613 0.4761 0.4402
vn -0.7685 0.5009 0.3981
vn -0.9450 0.3127 0.0962
vn -0.9452 0.3160 0.0822
vn -0.9512 -0.0994 0.2920
vn -0.9133 -0.0444 0.4050
vn -0.9798 0.1921 0.0563
vn -0.9762 0.1999 0.0837
vn -0.7525 0.6414 0.1498
vn -0.7143 0.6987 0.0406
vn -0.9406 0.3380 0.0307
vn -0.9344 0.3561 0.0100
vn -0.8404 0.3137 0.4419
vn -0.7843 0.4339 0.4435
vn -0.9582 0.2727 0.0870
vn -0.9495 0.2997 0.0934
vn 0.7533 -0.6399 0.1519
vn 0.9523 0.1027 0.2875
vn 0.8430 -0.3060 0.4423
vn -0.9723 -0.1776 0.1519
vn -0.9835 0.1780 0.0310
vn -0.7733 0.5650 0.2875
vn -0.9444 0.3241 0.0556
vn -0.8831 0.1565 0.4423
vn -0.9658 0.2443 0.0870
vn 0.7741 -0.5617 0.2920
vn 0.9723 0.1792 0.1498
vn 0.8847 -0.1485 0.4419
vn 0.2975 -0.5444 0.7843
vn -0.0454 -0.5001 0.8648
vn -0.8939 -0.0259 0.4475
vn -0.9743 0.2028 0.0981
vn 0.5319 0.3374 0.7767
vn 0.2144 0.4712 0.8556
vn -0.7578 0.4775 0.4446
vn -0.9446 0.3133 0.0978
vn -0.2479 -0.9688 -0.0000
vn -0.9929 0.1189 0.0000
vn 0.6477 0.7619 0.0001
vn 0.3406 0.9402 0.0002
vn -0.6942 0.7198 0.0002
vn -0.9304 0.3665 0.0001
vn -0.9544 0.2987 0.0000
vn -0.1265 0.5307 -0.8381
vn -0.1179 0.5957 -0.7945
vn 0.0847 0.5605 -0.8238
vn 0.0696 0.4948 -0.8662
vn -0.3774 -0.4103 -0.8302
vn -0.3676 -0.3401 -0.8655
vn -0.1747 -0.4087 -0.8958
vn -0.1905 -0.4773 -0.8578
vn -0.5010 -0.8655 0.0000
vn -0.5077 -0.8581 -0.0771
vn -0.3187 -0.9446 -0.0786
vn -0.3172 -0.9484 -0.0000
vn 0.3759 0.3959 -0.8378
vn 0.3655 0.3256 -0.8720
vn 0.1713 0.3941 -0.9029
vn 0.1874 0.4633 -0.8662
vn 0.5010 0.8654 -0.0000
vn 0.5078 0.8579 -0.0780
vn 0.3187 0.9445 -0.0795
vn 0.3172 0.9484 -0.0000
vn 0.1252 -0.5444 -0.8295
vn 0.1165 -0.6077 -0.7856
vn -0.0876 -0.5730 -0.8149
vn -0.0728 -0.5088 -0.8578
vn -0.0428 0.9456 -0.3225
vn -0.0108 0.9969 -0.0780
vn 0.1963 0.9773 -0.0795
vn 0.1770 0.9255 -0.3350
vn -0.2333 0.2352 -0.9435
vn -0.1538 0.4647 -0.8720
vn 0.0487 0.4270 -0.9029
vn -0.0211 0.1864 -0.9822
vn -0.4670 -0.6361 -0.6143
vn -0.4047 -0.4681 -0.7856
vn -0.2107 -0.5400 -0.8149
vn -0.2644 -0.7211 -0.6404
vn 0.2286 -0.2499 -0.9409
vn 0.1483 -0.4783 -0.8656
vn -0.0530 -0.4413 -0.8958
vn 0.0168 -0.2019 -0.9793
vn 0.4647 0.6295 -0.6227
vn 0.3999 0.4569 -0.7945
vn 0.2069 0.5278 -0.8238
vn 0.2623 0.7141 -0.6490
vn 0.0422 -0.9472 -0.3180
vn 0.0107 -0.9970 -0.0771
vn -0.1963 -0.9774 -0.0786
vn -0.1774 -0.9271 -0.3302
vn -0.0877 0.7775 -0.6227
vn 0.1299 0.7496 -0.6490
vn -0.3229 -0.1021 -0.9409
vn -0.1155 -0.1665 -0.9793
vn -0.5101 -0.7991 -0.3180
vn -0.3099 -0.8916 -0.3302
vn 0.3197 0.0870 -0.9435
vn 0.1115 0.1509 -0.9822
vn 0.5098 0.7975 -0.3225
vn 0.3095 0.8899 -0.3350
vn 0.0865 -0.7843 -0.6143
vn -0.1316 -0.7567 -0.6403
vn -0.1275 0.5309 -0.8378
vn 0.0694 0.4949 -0.8662
vn -0.3805 -0.4088 -0.8295
vn -0.1914 -0.4770 -0.8578
vn 0.3749 0.3963 -0.8381
vn 0.1871 0.4633 -0.8662
vn 0.1217 -0.5440 -0.8302
vn -0.0737 -0.5086 -0.8578
vn -0.3207 -0.9472 -0.0000
vn -0.5104 -0.8599 0.0000
vn 0.3207 0.9472 0.0000
vn 0.5104 0.8599 0.0000
vn -0.0012 1.0000 0.0000
vn 0.1995 0.9799 0.0000
vn 0.0012 -1.0000 0.0000
vn -0.1995 -0.9799 0.0000
vn -0.3984 0.5443 -0.7382
vn -0.3966 0.5984 -0.6962
vn -0.5836 0.5241 -0.6203
vn -0.5856 0.5654 -0.5808
vn -0.6186 -0.2852 -0.7321
vn -0.6145 -0.2212 -0.7573
vn -0.7685 -0.1735 -0.6159
vn -0.7671 -0.1178 -0.6307
vn -0.7285 -0.6851 0.0000
vn -0.7375 -0.6721 -0.0658
vn -0.8610 -0.5086 0.0000
vn -0.8693 -0.4914 -0.0531
vn 0.6186 0.2714 -0.7374
vn 0.6137 0.2075 -0.7618
vn 0.7687 0.1610 -0.6191
vn 0.7667 0.1057 -0.6333
vn 0.7285 0.6851 0.0000
vn 0.7376 0.6720 -0.0666
vn 0.8610 0.5086 -0.0000
vn 0.8694 0.4912 -0.0537
vn 0.3988 -0.5560 -0.7293
vn 0.3965 -0.6086 -0.6873
vn 0.5846 -0.5333 -0.6115
vn 0.5861 -0.5734 -0.5724
vn -0.3437 0.8977 -0.2757
vn -0.3028 0.9507 -0.0666
vn -0.5495 0.8052 -0.2229
vn -0.5073 0.8601 -0.0537
vn -0.5076 0.2871 -0.8123
vn -0.4277 0.4865 -0.7618
vn -0.6830 0.3083 -0.6622
vn -0.6112 0.4748 -0.6333
vn -0.7092 -0.4640 -0.5307
vn -0.6477 -0.3288 -0.6873
vn -0.8476 -0.3049 -0.4343
vn -0.7943 -0.2035 -0.5724
vn 0.5030 -0.2999 -0.8106
vn 0.4217 -0.4988 -0.7572
vn 0.6791 -0.3191 -0.6611
vn 0.6054 -0.4855 -0.6307
vn 0.7070 0.4587 -0.5384
vn 0.6427 0.3199 -0.6962
vn 0.8457 0.3008 -0.4409
vn 0.7899 0.1968 -0.5808
vn 0.3432 -0.8991 -0.2718
vn 0.3026 -0.9508 -0.0658
vn 0.5489 -0.8065 -0.2198
vn 0.5071 -0.8602 -0.0531
vn -0.3829 0.7507 -0.5384
vn -0.5820 0.6833 -0.4409
vn -0.5856 -0.0083 -0.8105
vn -0.7476 0.0632 -0.6611
vn -0.7467 -0.6071 -0.2718
vn -0.8786 -0.4239 -0.2197
vn 0.5832 -0.0052 -0.8123
vn 0.7457 -0.0745 -0.6621
vn 0.7465 0.6055 -0.2757
vn 0.8785 0.4225 -0.2229
vn 0.3822 -0.7565 -0.5307
vn 0.5816 -0.6879 -0.4343
vn -0.4000 0.5444 -0.7373
vn -0.5852 0.5238 -0.6190
vn -0.6234 -0.2820 -0.7293
vn -0.7729 -0.1695 -0.6115
vn 0.6172 0.2722 -0.7382
vn 0.7674 0.1621 -0.6203
vn 0.3932 -0.5563 -0.7321
vn 0.5788 -0.5345 -0.6159
vn -0.7361 -0.6769 0.0000
vn -0.8630 -0.5052 0.0000
vn 0.7361 0.6769 0.0000
vn 0.8630 0.5052 0.0000
vn -0.2884 0.9575 0.0000
vn -0.4914 0.8710 0.0000
vn 0.2884 -0.9575 0.0000
vn 0.4913 -0.8710 0.0000
vn -0.2589 -0.9659 -0.0000
vn 0.4947 -0.8690 -0.0000
vn -0.4947 0.8691 0.0000
vn -0.1285 -0.4796 0.8680
vn 0.2588 0.9659 0.0003
vn 0.2698 0.9629 0.0000
vn -0.0455 -0.1697 0.9844
vn -0.2581 -0.9630 0.0782
vn 0.1494 0.5576 0.8166
vn -0.2589 -0.9659 0.0003
vn 0.9659 -0.2588 0.0000
vn 0.9659 -0.2588 -0.0000
vn 0.9659 -0.2589 0.0000
vn -0.4180 -0.9084 -0.0000
vn -0.2642 -0.9645 -0.0000
vn -0.7319 0.6815 0.0000
vn -0.5981 0.8014 0.0000
vn 0.7319 -0.6814 -0.0000
vn 0.5981 -0.8014 -0.0000
vn -0.8844 0.4668 0.0000
vn 0.8765 -0.4814 0.0000
vn 0.8603 0.5098 0.0000
vn -0.5302 0.8479 0.0000
vn 0.2480 0.9688 0.0000
vn -0.0120 0.9999 0.0000
vn 0.1959 0.9806 0.0000
vn 0.0120 -0.9999 -0.0000
vn -0.1959 -0.9806 -0.0000
vn -0.2990 0.9542 0.0000
vn 0.2990 -0.9542 -0.0000
vn 0.8080 0.1248 0.5758
vn 0.8091 0.1238 0.5745
vn 0.8090 0.1237 0.5746
vn 0.8079 0.1247 0.5760
vn 0.9451 -0.3115 -0.0982
vn 0.9719 -0.2294 0.0524
vn 0.9719 -0.2295 0.0522
vn 0.9453 -0.3111 -0.0978
vn -0.1285 -0.4797 -0.8680
vn 0.6328 -0.5220 0.5719
vn 0.6383 -0.5204 0.5673
vn 0.6382 -0.5208 0.5670
vn 0.6325 -0.5225 0.5718
vn 0.9747 -0.2008 -0.0978
vn 0.9561 -0.2884 0.0521
vn 0.9563 -0.2879 0.0514
vn 0.9747 -0.2016 -0.0961
vn 0.1326 0.4950 -0.8587
vn 0.1286 0.4800 0.8678
vn -0.1323 -0.4939 0.8594
vn -0.6388 0.5117 0.5746
vn -0.6373 0.5121 0.5758
vn -0.6373 0.5120 0.5759
vn -0.6389 0.5116 0.5746
vn -0.8130 -0.1317 0.5672
vn -0.8090 -0.1356 0.5720
vn -0.8090 -0.1360 0.5718
vn -0.8133 -0.1320 0.5667
vn 0.5518 -0.8340 0.0000
vn 0.9486 -0.3166 -0.0000
vn 0.9890 -0.1479 -0.0000
vn 0.7905 -0.0975 0.6047
vn 0.8083 0.0704 0.5846
vn 0.8083 0.0706 0.5845
vn 0.7905 -0.0972 0.6046
vn 0.8818 0.2452 0.4029
vn 0.8818 0.2452 0.4028
vn 0.8297 0.1548 0.5363
vn 0.8297 0.1547 0.5364
vn 0.9586 -0.2713 -0.0869
vn 0.9500 -0.2978 -0.0934
vn 0.9712 -0.2317 0.0549
vn 0.9673 -0.2468 0.0584
vn 0.9757 -0.2156 0.0401
vn 0.9727 -0.2260 0.0518
vn 0.9454 -0.3150 -0.0836
vn 0.9446 -0.3234 -0.0563
vn -0.0455 -0.1697 -0.9845
vn -0.1105 -0.4123 -0.9043
vn -0.1963 -0.7325 -0.6518
vn -0.1457 -0.5438 -0.8265
vn -0.7333 0.3108 0.6047
vn -0.7332 0.3111 0.6046
vn -0.6647 0.4653 0.5845
vn -0.6648 0.4651 0.5846
vn -0.6410 0.6533 0.4029
vn -0.6412 0.5488 0.5364
vn -0.6412 0.5489 0.5363
vn 0.6107 -0.7661 0.2004
vn 0.6107 -0.7660 0.2006
vn 0.5686 -0.8211 0.0490
vn 0.5686 -0.8212 0.0489
vn 0.9495 -0.3132 0.0182
vn 0.9482 -0.3176 0.0033
vn 0.9873 -0.1588 -0.0100
vn 0.9836 -0.1776 -0.0307
vn 0.2444 0.9121 -0.3292
vn 0.2580 0.9630 -0.0772
vn -0.9119 -0.3581 0.2004
vn -0.9030 -0.4268 0.0489
vn -0.9030 -0.4268 0.0490
vn -0.9119 -0.3580 0.2006
vn 0.1963 0.7327 0.6517
vn 0.1458 0.5441 0.8263
vn 0.0456 0.1703 0.9843
vn 0.1106 0.4127 0.9041
vn -0.2443 -0.9120 0.3296
vn -0.2580 -0.9630 0.0773
vn 0.7294 -0.3215 0.6038
vn 0.7296 -0.3210 0.6039
vn 0.6593 -0.4753 0.5825
vn 0.6591 -0.4759 0.5823
vn 0.9118 0.3566 0.2034
vn 0.9118 0.3566 0.2035
vn 0.9031 0.4266 0.0496
vn 0.9661 -0.2429 -0.0869
vn 0.9608 -0.2711 0.0584
vn 0.9721 -0.2152 -0.0934
vn 0.9566 -0.2862 0.0549
vn 0.9789 -0.2035 0.0185
vn 0.9408 -0.3376 -0.0310
vn 0.9800 -0.1990 0.0033
vn 0.9344 -0.3560 -0.0101
vn 0.0501 0.1871 -0.9811
vn 0.1147 0.4282 -0.8964
vn -0.2439 -0.9103 -0.3345
vn -0.2580 -0.9630 -0.0782
vn -0.7924 0.0868 0.6039
vn -0.7924 0.0863 0.6038
vn -0.8087 -0.0820 0.5825
vn -0.8087 -0.0826 0.5823
vn -0.6114 0.7647 0.2035
vn -0.6113 0.7648 0.2034
vn -0.5688 0.8210 0.0496
vn 0.6406 -0.6575 0.3967
vn 0.6405 -0.6577 0.3964
vn 0.6417 -0.5561 0.5282
vn 0.6417 -0.5565 0.5277
vn 0.9527 -0.3015 0.0393
vn 0.9799 -0.1915 -0.0556
vn 0.9553 -0.2912 0.0507
vn 0.9766 -0.1990 -0.0822
vn 0.1984 0.7405 -0.6421
vn 0.1494 0.5575 -0.8166
vn -0.8836 -0.2493 0.3964
vn -0.8835 -0.2491 0.3968
vn -0.8338 -0.1608 0.5282
vn -0.8340 -0.1611 0.5277
vn 0.2439 0.9103 0.3344
vn 0.2580 0.9630 0.0782
vn -0.0499 -0.1861 0.9813
vn -0.1144 -0.4271 0.8969
vn -0.1982 -0.7398 0.6429
vn -0.1491 -0.5565 0.8173
vn 0.9798 -0.2001 -0.0000
vn 0.9304 -0.3664 -0.0000
vn -0.2590 -0.9659 0.0000
vn 0.9116 -0.0006 0.4111
vn 0.8375 0.0945 0.5382
vn 0.8353 0.0456 0.5478
vn 0.9073 -0.0353 0.4189
vn -0.7888 0.4556 0.4125
vn -0.6766 0.5010 0.5397
vn -0.6786 0.5349 0.5033
vn -0.7874 0.4802 0.3866
vn 0.9731 0.2304 -0.0000
vn 0.9178 0.3969 -0.0000
vn 0.9241 0.3793 0.0460
vn 0.9751 0.2191 0.0338
vn -0.9731 -0.2305 -0.0000
vn -0.9178 -0.3969 -0.0000
vn -0.9241 -0.3795 0.0454
vn -0.9751 -0.2192 0.0333
vn 0.7893 -0.4615 0.4051
vn 0.6775 -0.5092 0.5308
vn 0.6791 -0.5421 0.4949
vn 0.7876 -0.4854 0.3796
vn -0.9121 -0.0089 0.4099
vn -0.8375 -0.1065 0.5359
vn -0.8359 -0.0572 0.5460
vn -0.9081 0.0261 0.4180
vn 0.8433 -0.3186 0.4329
vn 0.7587 -0.3221 0.5663
vn 0.6953 -0.4675 0.5460
vn 0.7995 -0.4314 0.4180
vn -0.9523 0.2049 0.2262
vn -0.9676 0.2456 0.0584
vn -0.9715 0.2304 0.0549
vn -0.9655 0.1436 0.2174
vn 0.9964 -0.0407 0.0738
vn 0.9997 -0.0174 0.0159
vn -0.7590 0.6350 0.1440
vn -0.6480 0.7374 0.1903
vn -0.6107 0.7905 0.0460
vn -0.7350 0.6773 0.0337
vn 0.7586 -0.6359 0.1418
vn 0.6475 -0.7387 0.1874
vn 0.6105 -0.7907 0.0455
vn 0.7349 -0.6774 0.0333
vn -0.9965 0.0403 0.0726
vn -0.9789 0.2035 0.0182
vn -0.9800 0.1990 0.0033
vn -0.9997 0.0174 0.0157
vn 0.8162 -0.1110 0.5670
vn 0.8880 -0.1540 0.4333
vn -0.9097 0.3537 0.2175
vn -0.9570 0.2850 0.0549
vn -0.9611 0.2699 0.0584
vn -0.9285 0.2943 0.2263
vn 0.9717 -0.1215 0.2026
vn 0.9845 -0.0851 0.1532
vn -0.6760 0.6324 0.3784
vn -0.7808 0.5532 0.2906
vn 0.6756 -0.6365 0.3721
vn 0.7805 -0.5562 0.2855
vn -0.9728 0.1193 0.1986
vn -0.9729 0.2255 0.0507
vn -0.9758 0.2153 0.0392
vn -0.9851 0.0837 0.1503
vn 0.9109 0.0002 0.4125
vn 0.8364 0.0956 0.5397
vn 0.9220 0.0222 0.3866
vn 0.8552 0.1240 0.5033
vn -0.7898 0.4553 0.4111
vn -0.6780 0.5006 0.5382
vn -0.8034 0.4231 0.4189
vn -0.7006 0.4572 0.5478
vn 0.7854 -0.4637 0.4099
vn 0.6720 -0.5110 0.5359
vn -0.9142 -0.0050 0.4051
vn -0.8413 -0.1022 0.5308
vn -0.9248 -0.0265 0.3796
vn -0.8592 -0.1299 0.4949
vn -0.5964 0.8027 -0.0000
vn -0.7275 0.6861 -0.0000
vn 0.5964 -0.8027 -0.0000
vn 0.7275 -0.6861 -0.0000
vn 0.9681 -0.1339 0.2117
vn 0.9647 -0.1485 0.2176
vn -0.9051 0.3683 0.2126
vn -0.9023 0.3806 0.2026
vn -0.9564 0.2873 0.0524
vn -0.9554 0.2906 0.0518
vn 0.9999 -0.0148 -0.0000
vn -0.9999 0.0148 -0.0000
vn -0.9798 0.2001 -0.0000
vn 0.9049 -0.3711 0.2085
vn 0.9021 -0.3831 0.1986
vn -0.9689 0.1289 0.2115
vn -0.9722 0.2283 0.0521
vn 0.9272 -0.2987 0.2262
vn 0.9079 -0.3584 0.2174
vn -0.8896 0.1457 0.4329
vn -0.8181 0.1004 0.5663
vn 0.9748 0.1705 0.1440
vn 0.9299 0.3146 0.1903
vn -0.8833 0.4629 0.0738
vn -0.8745 0.4848 0.0159
vn -0.9495 0.3132 0.0185
vn -0.9482 0.3176 0.0033
vn 0.8832 -0.4633 0.0726
vn 0.8745 -0.4848 0.0157
vn -0.9749 -0.1714 0.1418
vn -0.9301 -0.3160 0.1874
vn 0.9513 -0.2094 0.2263
vn -0.8461 0.3106 0.4333
vn -0.7623 0.3120 0.5670
vn 0.9527 0.0887 0.2906
vn 0.9016 0.2097 0.3784
vn -0.8952 0.4186 0.1532
vn -0.9527 0.3011 0.0401
vn 0.8950 -0.4201 0.1503
vn -0.9540 -0.0915 0.2854
vn -0.9033 -0.2134 0.3721
vn 0.9680 -0.1335 0.2126
vn -0.9054 0.3681 0.2117
vn -0.9564 0.2872 0.0522
vn 0.9035 -0.3728 0.2115
vn -0.9692 0.1311 0.2085
vn -0.9721 0.2288 0.0514
vn -0.8733 0.4871 -0.0000
vn -0.9486 0.3166 -0.0000
vn 0.8733 -0.4871 -0.0000
vn 0.7623 -0.4685 -0.4466
vn 0.7881 -0.4254 -0.4449
vn -0.5310 -0.3219 -0.7838
vn -0.2111 -0.4557 -0.8648
vn -0.1970 -0.3893 -0.8998
vn -0.5300 -0.2575 -0.8080
vn 0.6941 -0.7198 -0.0001
vn 0.7146 -0.6984 -0.0411
vn -0.6477 -0.7619 -0.0000
vn -0.3406 -0.9402 -0.0000
vn -0.3434 -0.9361 -0.0758
vn -0.6606 -0.7478 -0.0658
vn 0.8974 0.0317 -0.4401
vn 0.9159 0.0494 -0.3982
vn -0.2970 0.5583 -0.7747
vn 0.0485 0.5155 -0.8555
vn 0.0614 0.5770 -0.8144
vn -0.2986 0.6114 -0.7329
vn -0.6352 -0.5151 -0.5755
vn -0.2895 -0.7022 -0.6504
vn -0.2308 -0.5168 -0.8244
vn -0.5586 -0.3689 -0.7429
vn -0.2486 0.9259 -0.2843
vn 0.1489 0.9337 -0.3256
vn 0.1707 0.9825 -0.0748
vn -0.1980 0.9781 -0.0649
vn -0.4181 0.2932 -0.8598
vn -0.0439 0.2137 -0.9759
vn 0.0291 0.4514 -0.8918
vn -0.3234 0.5024 -0.8019
vn 0.2498 -0.9242 -0.2889
vn -0.1483 -0.9319 -0.3309
vn -0.1707 -0.9824 -0.0758
vn 0.1982 -0.9779 -0.0658
vn 0.6376 0.5221 -0.5664
vn 0.2919 0.7103 -0.6406
vn 0.2352 0.5304 -0.8145
vn 0.5641 0.3801 -0.7330
vn 0.4236 -0.2776 -0.8623
vn 0.0490 -0.1962 -0.9793
vn -0.0240 -0.4357 -0.8998
vn 0.3301 -0.4881 -0.8079
vn -0.3375 -0.8812 -0.3309
vn -0.6784 -0.6755 -0.2889
vn 0.1023 0.7610 -0.6406
vn -0.2911 0.7710 -0.5665
vn -0.1405 -0.1454 -0.9793
vn -0.5056 -0.0287 -0.8623
vn 0.2993 -0.5989 -0.7428
vn -0.0585 -0.5631 -0.8243
vn -0.1004 -0.7529 -0.6504
vn 0.2925 -0.7637 -0.5755
vn 0.6605 0.7480 -0.0649
vn 0.3434 0.9362 -0.0748
vn 0.3379 0.8831 -0.3256
vn 0.6783 0.6776 -0.2843
vn 0.5313 0.2732 -0.8019
vn 0.2006 0.4054 -0.8919
vn 0.1449 0.1631 -0.9759
vn 0.5087 0.0448 -0.8598
vn 0.7611 -0.4693 -0.4477
vn 0.7687 -0.4951 -0.4048
vn -0.5299 -0.3227 -0.7842
vn -0.2108 -0.4558 -0.8648
vn 0.8950 0.0348 -0.4447
vn 0.8961 -0.0165 -0.4435
vn -0.2919 0.5580 -0.7768
vn 0.0500 0.5152 -0.8556
vn 0.9679 0.2479 -0.0407
vn 0.9611 0.2764 -0.0001
vn 0.1752 0.9845 -0.0002
vn -0.1800 0.9837 -0.0000
vn 0.2989 -0.5442 -0.7839
vn -0.0450 -0.5001 -0.8648
vn -0.8944 -0.0248 -0.4466
vn -0.8952 0.0258 -0.4450
vn -0.9742 0.2032 -0.0979
vn -0.9717 0.2171 -0.0934
vn 0.1800 -0.9837 -0.0001
vn -0.1751 -0.9845 -0.0002
vn -0.9611 -0.2763 -0.0001
vn -0.9680 -0.2475 -0.0412
vn -0.9890 0.1478 -0.0001
vn -0.9872 0.1589 -0.0101
vn 0.5364 0.3350 -0.7746
vn 0.2157 0.4708 -0.8555
vn -0.7613 0.4761 -0.4402
vn -0.7685 0.5009 -0.3982
vn -0.9450 0.3127 -0.0962
vn -0.9452 0.3160 -0.0822
vn -0.9513 -0.0994 -0.2920
vn -0.9133 -0.0444 -0.4049
vn -0.9797 0.1922 -0.0563
vn -0.9762 0.1999 -0.0837
vn -0.7524 0.6414 -0.1498
vn -0.7143 0.6987 -0.0406
vn -0.9406 0.3380 -0.0306
vn -0.9344 0.3561 -0.0100
vn -0.8404 0.3137 -0.4419
vn -0.7843 0.4339 -0.4434
vn -0.9582 0.2727 -0.0869
vn -0.9495 0.2997 -0.0934
vn 0.7533 -0.6399 -0.1519
vn 0.9522 0.1027 -0.2876
vn 0.8430 -0.3060 -0.4423
vn -0.9723 -0.1776 -0.1519
vn -0.9835 0.1780 -0.0310
vn -0.7733 0.5651 -0.2876
vn -0.9444 0.3241 -0.0556
vn -0.8831 0.1565 -0.4423
vn -0.9658 0.2443 -0.0869
vn 0.7741 -0.5617 -0.2920
vn 0.9723 0.1793 -0.1498
vn 0.8847 -0.1485 -0.4419
vn 0.2976 -0.5444 -0.7843
vn -0.0453 -0.5001 -0.8648
vn -0.8939 -0.0259 -0.4476
vn -0.9743 0.2028 -0.0981
vn 0.5318 0.3374 -0.7768
vn 0.2143 0.4712 -0.8556
vn -0.7578 0.4775 -0.4447
vn -0.9446 0.3134 -0.0978
vn 0.6477 0.7619 -0.0001
vn 0.3406 0.9402 -0.0002
vn -0.6942 0.7198 -0.0002
vn -0.9304 0.3665 -0.0001
vn -0.1265 0.5307 0.8381
vn 0.0695 0.4949 0.8662
vn 0.0847 0.5606 0.8238
vn -0.1179 0.5957 0.7945
vn -0.3774 -0.4103 0.8302
vn -0.1905 -0.4773 0.8578
vn -0.1747 -0.4087 0.8958
vn -0.3676 -0.3401 0.8655
vn -0.5010 -0.8655 -0.0000
vn -0.3172 -0.9484 0.0000
vn -0.3187 -0.9446 0.0786
vn -0.5077 -0.8581 0.0771
vn 0.3759 0.3960 0.8378
vn 0.1874 0.4633 0.8662
vn 0.1713 0.3941 0.9030
vn 0.3656 0.3256 0.8720
vn 0.3172 0.9484 0.0000
vn 0.3187 0.9445 0.0795
vn 0.5078 0.8579 0.0780
vn 0.1251 -0.5444 0.8294
vn -0.0727 -0.5089 0.8578
vn -0.0876 -0.5730 0.8149
vn 0.1164 -0.6077 0.7856
vn -0.0428 0.9456 0.3226
vn 0.1770 0.9254 0.3350
vn 0.1963 0.9773 0.0795
vn -0.0108 0.9969 0.0780
vn -0.2333 0.2351 0.9436
vn -0.0211 0.1863 0.9823
vn 0.0487 0.4270 0.9030
vn -0.1538 0.4647 0.8720
vn -0.4670 -0.6360 0.6143
vn -0.2643 -0.7212 0.6404
vn -0.2107 -0.5400 0.8149
vn -0.4047 -0.4681 0.7856
vn 0.2286 -0.2499 0.9409
vn 0.0168 -0.2019 0.9793
vn -0.0530 -0.4413 0.8958
vn 0.1483 -0.4783 0.8656
vn 0.4647 0.6295 0.6227
vn 0.2623 0.7141 0.6490
vn 0.2069 0.5278 0.8238
vn 0.4000 0.4569 0.7945
vn 0.0422 -0.9471 0.3180
vn -0.1775 -0.9271 0.3302
vn -0.1963 -0.9774 0.0786
vn 0.0107 -0.9970 0.0771
vn 0.1299 0.7496 0.6490
vn -0.0877 0.7775 0.6227
vn -0.1155 -0.1665 0.9793
vn -0.3229 -0.1021 0.9409
vn -0.3098 -0.8916 0.3302
vn -0.5101 -0.7991 0.3180
vn 0.1115 0.1508 0.9823
vn 0.3196 0.0870 0.9435
vn 0.3094 0.8900 0.3350
vn 0.5098 0.7975 0.3226
vn -0.1317 -0.7567 0.6404
vn 0.0864 -0.7843 0.6143
vn -0.1275 0.5309 0.8378
vn 0.0694 0.4949 0.8662
vn -0.3806 -0.4088 0.8295
vn -0.1915 -0.4770 0.8578
vn 0.3749 0.3963 0.8381
vn 0.1872 0.4633 0.8662
vn 0.1216 -0.5440 0.8302
vn -0.0737 -0.5086 0.8578
vn -0.0012 1.0000 -0.0000
vn -0.1995 -0.9799 -0.0000
vn 0.0011 -1.0000 -0.0000
vn -0.3984 0.5444 0.7382
vn -0.3965 0.5984 0.6962
vn -0.5836 0.5241 0.6203
vn -0.5856 0.5654 0.5809
vn -0.6187 -0.2852 0.7321
vn -0.6145 -0.2212 0.7573
vn -0.7685 -0.1735 0.6159
vn -0.7671 -0.1178 0.6307
vn -0.7285 -0.6851 -0.0000
vn -0.7375 -0.6721 0.0658
vn -0.8610 -0.5086 -0.0000
vn -0.8693 -0.4914 0.0531
vn 0.6186 0.2714 0.7374
vn 0.6137 0.2075 0.7617
vn 0.7687 0.1610 0.6191
vn 0.7667 0.1057 0.6333
vn 0.7285 0.6851 -0.0000
vn 0.7376 0.6720 0.0666
vn 0.8694 0.4912 0.0537
vn 0.3988 -0.5560 0.7293
vn 0.3965 -0.6086 0.6873
vn 0.5846 -0.5332 0.6115
vn 0.5861 -0.5734 0.5724
vn -0.3438 0.8977 0.2757
vn -0.3028 0.9507 0.0666
vn -0.5495 0.8052 0.2229
vn -0.5073 0.8601 0.0537
vn -0.5076 0.2871 0.8123
vn -0.4278 0.4866 0.7617
vn -0.6830 0.3083 0.6622
vn -0.6111 0.4749 0.6333
vn -0.7093 -0.4640 0.5307
vn -0.6477 -0.3288 0.6873
vn -0.8476 -0.3049 0.4343
vn -0.7943 -0.2035 0.5724
vn 0.5030 -0.3000 0.8105
vn 0.4217 -0.4988 0.7572
vn 0.6791 -0.3191 0.6611
vn 0.6054 -0.4855 0.6306
vn 0.7069 0.4587 0.5384
vn 0.6426 0.3200 0.6962
vn 0.8456 0.3008 0.4409
vn 0.7899 0.1968 0.5808
vn 0.3432 -0.8991 0.2718
vn 0.3026 -0.9508 0.0658
vn 0.5490 -0.8064 0.2198
vn 0.5071 -0.8602 0.0531
vn -0.3829 0.7507 0.5384
vn -0.5819 0.6833 0.4409
vn -0.5856 -0.0083 0.8105
vn -0.7476 0.0631 0.6611
vn -0.7467 -0.6071 0.2718
vn -0.8786 -0.4239 0.2198
vn 0.5831 -0.0052 0.8124
vn 0.7457 -0.0745 0.6621
vn 0.7465 0.6055 0.2757
vn 0.8785 0.4225 0.2229
vn 0.3823 -0.7565 0.5307
vn 0.5816 -0.6879 0.4343
vn -0.4000 0.5444 0.7373
vn -0.5852 0.5238 0.6190
vn -0.6234 -0.2821 0.7293
vn -0.7729 -0.1695 0.6115
vn 0.6172 0.2722 0.7382
vn 0.7675 0.1620 0.6203
vn 0.3932 -0.5563 0.7321
vn 0.5788 -0.5345 0.6159
vn -0.2884 0.9575 -0.0000
vn 0.2883 -0.9575 -0.0000
vn 0.4914 -0.8710 -0.0000
vn -0.1286 -0.4797 -0.8680
vn -0.0455 -0.1696 -0.9845
vn -0.1963 -0.7325 -0.6519
vn -0.2588 -0.9659 -0.0003
vn 0.9659 -0.2589 -0.0000
vn 0.4237 0.6992 0.5758
vn 0.4252 0.6993 0.5745
vn 0.4254 0.6993 0.5745
vn 0.4237 0.6991 0.5760
vn 0.8462 0.5238 -0.0982
vn 0.8005 0.5971 0.0524
vn 0.8005 0.5970 0.0522
vn 0.8460 0.5242 -0.0978
vn 0.2849 -0.4068 -0.8680
vn 0.2848 -0.4068 -0.8680
vn 0.8067 0.1492 0.5719
vn 0.8090 0.1544 0.5672
vn 0.8092 0.1541 0.5670
vn 0.8068 0.1486 0.5719
vn 0.7804 0.6176 -0.0978
vn 0.8355 0.5470 0.0522
vn 0.8352 0.5475 0.0514
vn 0.7810 0.6171 -0.0961
vn -0.2939 0.4198 -0.8587
vn -0.2940 0.4198 -0.8587
vn -0.8192 -0.5736 -0.0000
vn -0.8192 -0.5736 0.0000
vn -0.2850 0.4070 0.8678
vn 0.2932 -0.4188 0.8594
vn 0.2933 -0.4188 0.8594
vn -0.8026 -0.1604 0.5746
vn -0.8020 -0.1590 0.5758
vn -0.8019 -0.1591 0.5759
vn -0.8026 -0.1606 0.5745
vn -0.4217 -0.7074 0.5672
vn -0.4161 -0.7069 0.5720
vn -0.4158 -0.7072 0.5719
vn -0.4216 -0.7078 0.5667
vn 0.9935 -0.1134 -0.0000
vn 0.9935 -0.1135 -0.0000
vn 0.7490 0.6626 -0.0000
vn 0.8522 0.5231 -0.0000
vn 0.8515 0.5244 -0.0000
vn 0.7540 0.6568 -0.0000
vn -0.5736 0.8192 0.0000
vn -0.8191 -0.5736 0.0000
vn -0.8192 -0.5735 0.0000
vn -0.5736 0.8191 -0.0000
vn -0.5736 0.8192 -0.0000
vn -0.9935 0.1134 -0.0000
vn -0.9935 0.1135 -0.0000
vn -0.9935 0.1134 0.0000
vn 0.5828 0.5429 0.6047
vn 0.4657 0.6644 0.5845
vn 0.4655 0.6646 0.5845
vn 0.5827 0.5431 0.6046
vn 0.3789 0.8331 0.4030
vn 0.3789 0.8331 0.4029
vn 0.4147 0.7351 0.5363
vn 0.4148 0.7350 0.5364
vn 0.8240 0.5599 -0.0870
vn 0.8388 0.5364 -0.0934
vn 0.8018 0.5951 0.0549
vn 0.8108 0.5823 0.0584
vn 0.7923 0.6088 0.0401
vn 0.7984 0.5999 0.0518
vn 0.8490 0.5217 -0.0836
vn 0.8549 0.5156 -0.0563
vn 0.1008 -0.1439 -0.9845
vn 0.2449 -0.3497 -0.9043
vn 0.1007 -0.1439 -0.9845
vn 0.4350 -0.6212 -0.6519
vn 0.3229 -0.4612 -0.8265
vn 0.4350 -0.6212 -0.6518
vn -0.7095 -0.3619 0.6047
vn -0.7096 -0.3618 0.6046
vn -0.7837 -0.2102 0.5845
vn -0.7836 -0.2103 0.5845
vn -0.9124 -0.0712 0.4030
vn -0.8325 -0.1383 0.5364
vn -0.8326 -0.1383 0.5363
vn -0.9125 -0.0711 0.4029
vn 0.9794 -0.0246 0.2004
vn 0.9794 -0.0246 0.2006
vn 0.9945 -0.0922 0.0490
vn 0.9945 -0.0923 0.0489
vn 0.8503 0.5260 0.0182
vn 0.8528 0.5222 0.0033
vn 0.7562 0.6542 -0.0100
vn 0.7683 0.6393 -0.0306
vn -0.5416 0.7735 -0.3292
vn -0.5719 0.8167 -0.0772
vn -0.3118 -0.9288 0.2004
vn -0.2535 -0.9661 0.0489
vn -0.2535 -0.9661 0.0490
vn -0.3119 -0.9287 0.2006
vn -0.8191 -0.5736 -0.0000
vn -0.4351 0.6213 0.6517
vn -0.3231 0.4614 0.8263
vn -0.1012 0.1445 0.9843
vn -0.2451 0.3500 0.9041
vn 0.5415 -0.7734 0.3296
vn 0.5719 -0.8167 0.0773
vn 0.7151 0.3521 0.6038
vn 0.7149 0.3526 0.6039
vn 0.7879 0.1995 0.5825
vn 0.7882 0.1989 0.5824
vn 0.3129 0.9277 0.2034
vn 0.2537 0.9660 0.0496
vn 0.8071 0.5840 -0.0870
vn 0.8253 0.5617 0.0584
vn 0.7897 0.6063 -0.0934
vn 0.8341 0.5488 0.0549
vn 0.7851 0.6190 0.0185
vn 0.8633 0.5037 -0.0310
vn 0.7824 0.6228 0.0033
vn 0.8733 0.4870 -0.0101
vn -0.1111 0.1587 -0.9811
vn -0.2543 0.3632 -0.8963
vn 0.5405 -0.7720 -0.3345
vn 0.5718 -0.8166 -0.0782
vn -0.5758 -0.5512 0.6039
vn -0.5755 -0.5516 0.6038
vn -0.4570 -0.6722 0.5825
vn -0.4565 -0.6726 0.5824
vn -0.9788 0.0232 0.2035
vn -0.9788 0.0233 0.2034
vn -0.9945 0.0920 0.0496
vn 0.9154 0.0681 0.3968
vn 0.9156 0.0679 0.3964
vn 0.8385 0.1341 0.5282
vn 0.8388 0.1338 0.5277
vn 0.8433 0.5360 0.0393
vn 0.7766 0.6276 -0.0556
vn 0.8372 0.5446 0.0507
vn 0.7801 0.6202 -0.0822
vn -0.4397 0.6280 -0.6421
vn -0.3311 0.4728 -0.8166
vn -0.3770 -0.8371 0.3964
vn -0.3771 -0.8369 0.3968
vn -0.4128 -0.7420 0.5282
vn -0.4126 -0.7425 0.5277
vn -0.5405 0.7720 0.3344
vn -0.5406 0.7720 0.3344
vn -0.5718 0.8166 0.0782
vn 0.1105 -0.1578 0.9813
vn 0.2536 -0.3622 0.8969
vn 0.4393 -0.6274 0.6429
vn 0.3304 -0.4719 0.8174
vn 0.2332 0.9724 0.0000
vn 0.2332 0.9724 -0.0000
vn 0.7831 0.6219 -0.0000
vn 0.8788 0.4772 -0.0000
vn 0.5736 -0.8192 0.0000
vn 0.5736 -0.8191 -0.0000
vn 0.5736 -0.8192 -0.0000
vn -0.2332 -0.9724 0.0000
vn 0.5864 0.6979 0.4111
vn 0.4660 0.7023 0.5382
vn 0.5019 0.6693 0.5478
vn 0.6102 0.6724 0.4189
vn -0.8561 -0.3114 0.4125
vn -0.8187 -0.1963 0.5396
vn -0.8460 -0.1760 0.5033
vn -0.8740 -0.2945 0.3866
vn 0.4490 0.8936 -0.0000
vn 0.2859 0.9583 -0.0000
vn 0.3035 0.9517 0.0460
vn 0.4590 0.8878 0.0338
vn -0.4489 -0.8936 -0.0000
vn -0.2859 -0.9583 -0.0000
vn -0.3033 -0.9518 0.0454
vn -0.4588 -0.8879 0.0333
vn 0.8608 0.3080 0.4051
vn 0.8256 0.1917 0.5308
vn 0.8518 0.1718 0.4949
vn 0.8781 0.2913 0.3796
vn -0.5795 -0.7044 0.4099
vn -0.4567 -0.7100 0.5360
vn -0.4934 -0.6771 0.5460
vn -0.6037 -0.6788 0.4180
vn 0.7861 0.4412 0.4329
vn 0.7344 0.3741 0.5663
vn 0.8050 0.2321 0.5460
vn 0.8444 0.3352 0.4180
vn -0.7691 -0.5978 0.2261
vn -0.8101 -0.5834 0.0584
vn -0.8010 -0.5961 0.0549
vn -0.7306 -0.6473 0.2174
vn 0.6717 0.7371 0.0738
vn 0.6559 0.7547 0.0159
vn -0.9743 -0.1732 0.1440
vn -0.9815 -0.0224 0.1903
vn -0.9981 0.0403 0.0460
vn -0.9912 -0.1277 0.0338
vn 0.9748 0.1724 0.1418
vn 0.9821 0.0212 0.1874
vn 0.9981 -0.0406 0.0454
vn 0.9913 0.1275 0.0333
vn -0.6715 -0.7375 0.0726
vn -0.7851 -0.6191 0.0182
vn -0.7824 -0.6228 0.0033
vn -0.6559 -0.7547 0.0157
vn 0.6096 0.5539 0.5670
vn 0.6888 0.5813 0.4333
vn -0.8557 -0.4695 0.2175
vn -0.8334 -0.5499 0.0549
vn -0.8245 -0.5628 0.0584
vn -0.8223 -0.5221 0.2263
vn 0.7177 0.6663 0.2026
vn 0.6980 0.6995 0.1532
vn -0.9189 -0.1114 0.3784
vn -0.9256 -0.2425 0.2906
vn 0.9219 0.1084 0.3721
vn 0.9278 0.2403 0.2855
vn -0.7167 -0.6685 0.1986
vn -0.7981 -0.6004 0.0507
vn -0.7921 -0.6091 0.0393
vn -0.6973 -0.7009 0.1502
vn 0.5854 0.6979 0.4125
vn 0.4644 0.7022 0.5397
vn 0.5757 0.7205 0.3865
vn 0.4547 0.7348 0.5033
vn -0.8564 -0.3123 0.4111
vn -0.8193 -0.1976 0.5382
vn -0.8406 -0.3435 0.4189
vn -0.8006 -0.2428 0.5478
vn 0.8601 0.3036 0.4099
vn 0.8234 0.1863 0.5360
vn -0.5838 -0.7036 0.4051
vn -0.4625 -0.7102 0.5308
vn -0.5741 -0.7255 0.3796
vn -0.4528 -0.7417 0.4949
vn 0.4528 0.8916 -0.0000
vn 0.2873 0.9578 -0.0000
vn -0.4528 -0.8916 0.0000
vn -0.2873 -0.9578 0.0000
vn -0.9983 0.0591 -0.0000
vn -0.9932 -0.1163 -0.0000
vn 0.9983 -0.0591 -0.0000
vn 0.9932 0.1163 -0.0000
vn 0.7249 0.6556 0.2117
vn 0.7339 0.6435 0.2175
vn -0.8639 -0.4565 0.2126
vn -0.8715 -0.4465 0.2026
vn -0.8348 -0.5480 0.0524
vn -0.8368 -0.5451 0.0518
vn 0.6541 0.7564 -0.0000
vn -0.6541 -0.7564 -0.0000
vn -0.7831 -0.6219 -0.0000
vn 0.8659 0.4547 0.2085
vn 0.8733 0.4448 0.1986
vn -0.7215 -0.6593 0.2114
vn -0.7998 -0.5980 0.0522
vn 0.8248 0.5183 0.2261
vn 0.8581 0.4652 0.2174
vn -0.6835 -0.5878 0.4329
vn -0.6027 -0.5622 0.5663
vn 0.4960 0.8563 0.1440
vn 0.3567 0.9146 0.1903
vn -0.9224 -0.3791 0.0738
vn -0.9335 -0.3583 0.0159
vn -0.8502 -0.5261 0.0185
vn -0.8528 -0.5222 0.0033
vn 0.9226 0.3788 0.0726
vn 0.9335 0.3582 0.0157
vn -0.4954 -0.8570 0.1418
vn -0.3558 -0.9156 0.1874
vn 0.7719 0.5941 0.2263
vn -0.7818 -0.4484 0.4333
vn -0.7290 -0.3834 0.5670
vn 0.5445 0.7868 0.2906
vn 0.4189 0.8254 0.3784
vn -0.8961 -0.4167 0.1532
vn -0.8431 -0.5363 0.0401
vn 0.8971 0.4155 0.1502
vn -0.5431 -0.7896 0.2855
vn -0.4172 -0.8292 0.3720
vn 0.7245 0.6557 0.2126
vn -0.8640 -0.4569 0.2117
vn -0.8348 -0.5481 0.0522
vn 0.8663 0.4525 0.2114
vn -0.7234 -0.6582 0.2085
vn -0.8001 -0.5976 0.0514
vn 0.6574 0.7536 -0.0000
vn 0.7840 0.6207 -0.0000
vn -0.6574 -0.7535 0.0000
vn -0.7841 -0.6207 0.0000
vn -0.9345 -0.3559 -0.0000
vn -0.8522 -0.5232 -0.0000
vn 0.9345 0.3559 -0.0000
vn 0.8489 0.2828 -0.4466
vn 0.8325 0.3303 -0.4449
vn -0.0948 -0.6137 -0.7838
vn 0.2133 -0.4546 -0.8648
vn 0.1715 -0.4012 -0.8998
vn -0.1435 -0.5715 -0.8079
vn 0.9976 0.0690 -0.0001
vn 0.9943 0.0985 -0.0411
vn 0.1673 -0.9859 -0.0000
vn 0.5013 -0.8653 0.0000
vn 0.4964 -0.8648 -0.0758
vn 0.1482 -0.9868 -0.0658
vn 0.5526 0.7078 -0.4400
vn 0.5509 0.7334 -0.3983
vn -0.6186 0.1313 -0.7747
vn -0.3637 0.3686 -0.8555
vn -0.4025 0.4180 -0.8144
vn -0.6603 0.1643 -0.7328
vn -0.0136 -0.8177 -0.5755
vn 0.3519 -0.6732 -0.6504
vn 0.2475 -0.5090 -0.8244
vn -0.0763 -0.6649 -0.7430
vn -0.8691 0.4047 -0.2843
vn -0.6196 0.7142 -0.3256
vn -0.6429 0.7623 -0.0748
vn -0.8765 0.4770 -0.0649
vn -0.4934 -0.1318 -0.8598
vn -0.1919 0.1037 -0.9759
vn -0.3271 0.3125 -0.8918
vn -0.5928 0.0752 -0.8019
vn 0.8685 -0.4027 -0.2889
vn 0.6186 -0.7126 -0.3309
vn 0.6428 -0.7622 -0.0758
vn 0.8766 -0.4768 -0.0658
vn 0.0100 0.8241 -0.5664
vn -0.3565 0.6802 -0.6405
vn -0.2551 0.5212 -0.8144
vn 0.0715 0.6765 -0.7330
vn 0.4850 0.1460 -0.8623
vn 0.1818 -0.0887 -0.9793
vn 0.3183 -0.2984 -0.8998
vn 0.5862 -0.0608 -0.8079
vn 0.4581 -0.8250 -0.3309
vn 0.0814 -0.9539 -0.2889
vn -0.5172 0.5676 -0.6405
vn -0.7778 0.2725 -0.5664
vn 0.0211 -0.2012 -0.9793
vn -0.3030 -0.4058 -0.8623
vn 0.6511 -0.1557 -0.7429
vn 0.3937 -0.4067 -0.8244
vn 0.5122 -0.5609 -0.6504
vn 0.7731 -0.2668 -0.5755
vn -0.1485 0.9868 -0.0650
vn -0.4965 0.8648 -0.0748
vn -0.4592 0.8265 -0.3256
vn -0.0830 0.9551 -0.2843
vn 0.1322 0.5827 -0.8019
vn -0.1817 0.4143 -0.8918
vn -0.0318 0.2158 -0.9759
vn 0.2926 0.4185 -0.8598
vn 0.8488 0.2815 -0.4476
vn 0.8734 0.2705 -0.4049
vn -0.0934 -0.6134 -0.7843
vn 0.2137 -0.4544 -0.8648
vn 0.5487 0.7080 -0.4446
vn 0.5887 0.6759 -0.4435
vn -0.6151 0.1350 -0.7768
vn -0.3626 0.3695 -0.8556
vn 0.9955 0.0948 -0.0000
vn 0.8751 0.4840 -0.0000
vn 0.1432 -0.9897 0.0000
vn 0.4958 -0.8685 0.0000
vn 0.4323 0.9008 -0.0407
vn 0.4060 0.9139 -0.0001
vn -0.6417 0.7670 -0.0000
vn -0.8692 0.4944 -0.0000
vn 0.6090 -0.1208 -0.7839
vn 0.3542 -0.3559 -0.8648
vn -0.5559 -0.7010 -0.4466
vn -0.5952 -0.6692 -0.4449
vn -0.7819 -0.6157 -0.0979
vn -0.7909 -0.6048 -0.0934
vn 0.8692 -0.4944 -0.0001
vn 0.6417 -0.7670 -0.0000
vn -0.4060 -0.9139 -0.0000
vn -0.4326 -0.9006 -0.0412
vn -0.7490 -0.6626 -0.0000
vn -0.7563 -0.6541 -0.0101
vn 0.0881 0.6262 -0.7746
vn -0.2220 0.4678 -0.8555
vn -0.8541 -0.2772 -0.4402
vn -0.8777 -0.2667 -0.3982
vn -0.8470 -0.5229 -0.0962
vn -0.8496 -0.5210 -0.0822
vn -0.5353 -0.7926 -0.2920
vn -0.5530 -0.7281 -0.4049
vn -0.7770 -0.6270 -0.0563
vn -0.7806 -0.6193 -0.0836
vn -0.9750 -0.1641 -0.1498
vn -0.9943 -0.0981 -0.0406
vn -0.8636 -0.5033 -0.0307
vn -0.8734 -0.4869 -0.0100
vn -0.7805 -0.4422 -0.4419
vn -0.8365 -0.3219 -0.4435
vn -0.8248 -0.5587 -0.0870
vn -0.8399 -0.5347 -0.0934
vn 0.9744 0.1657 -0.1519
vn 0.5334 0.7955 -0.2875
vn 0.7763 0.4491 -0.4423
vn -0.4890 -0.8590 -0.1519
vn -0.7686 -0.6390 -0.0310
vn -0.9299 -0.2292 -0.2876
vn -0.8553 -0.5151 -0.0556
vn -0.6875 -0.5759 -0.4423
vn -0.8080 -0.5828 -0.0870
vn 0.9279 0.2320 -0.2920
vn 0.4877 0.8600 -0.1498
vn 0.6824 0.5822 -0.4419
vn 0.6083 -0.1220 -0.7843
vn 0.3539 -0.3562 -0.8648
vn -0.5548 -0.7014 -0.4475
vn -0.7816 -0.6160 -0.0981
vn 0.0835 0.6243 -0.7767
vn -0.2232 0.4671 -0.8556
vn -0.8529 -0.2736 -0.4446
vn -0.8472 -0.5222 -0.0978
vn 0.8811 -0.4730 -0.0000
vn 0.6465 -0.7629 -0.0000
vn -0.4294 -0.9031 0.0000
vn -0.7540 -0.6568 0.0000
vn -0.1673 0.9859 -0.0000
vn -0.5012 0.8653 -0.0000
vn -0.9976 -0.0690 -0.0001
vn -0.8788 -0.4772 -0.0000
vn -0.8514 -0.5244 0.0000
vn -0.8751 -0.4840 0.0000
vn -0.4879 0.2442 0.8381
vn -0.3343 0.3714 0.8662
vn -0.3749 0.4252 0.8238
vn -0.5321 0.2925 0.7945
vn 0.0717 -0.5528 0.8302
vn 0.2432 -0.4528 0.8578
vn 0.2007 -0.3965 0.8958
vn 0.0242 -0.5002 0.8655
vn 0.3409 -0.9401 -0.0000
vn 0.5226 -0.8526 -0.0000
vn 0.5188 -0.8513 0.0786
vn 0.3310 -0.9405 0.0771
vn -0.0617 0.5424 0.8378
vn -0.2344 0.4413 0.8662
vn -0.1918 0.3846 0.9029
vn -0.0145 0.4893 0.8720
vn -0.3409 0.9401 -0.0000
vn -0.5226 0.8526 -0.0000
vn -0.5187 0.8512 0.0795
vn -0.3308 0.9405 0.0780
vn 0.4975 -0.2540 0.8295
vn 0.3430 -0.3828 0.8578
vn 0.3826 -0.4354 0.8149
vn 0.5404 -0.3014 0.7856
vn -0.7519 0.5750 0.3225
vn -0.5952 0.7304 0.3350
vn -0.6225 0.7786 0.0795
vn -0.7706 0.6325 0.0780
vn -0.3302 -0.0275 0.9435
vn -0.1564 0.1036 0.9822
vn -0.2958 0.3118 0.9029
vn -0.4548 0.1809 0.8720
vn 0.1870 -0.7666 0.6143
vn 0.3825 -0.6661 0.6404
vn 0.2782 -0.5085 0.8149
vn 0.0985 -0.6109 0.7856
vn 0.3384 0.0145 0.9409
vn 0.1654 -0.1169 0.9793
vn 0.3039 -0.3243 0.8958
vn 0.4617 -0.1939 0.8656
vn -0.1836 0.7606 0.6227
vn -0.3784 0.6600 0.6490
vn -0.2713 0.4977 0.8238
vn -0.0929 0.6001 0.7945
vn 0.7527 -0.5765 0.3180
vn 0.5961 -0.7319 0.3302
vn 0.6225 -0.7787 0.0786
vn 0.7706 -0.6327 0.0771
vn -0.4907 0.5813 0.6490
vn -0.6520 0.4326 0.6227
vn 0.0533 -0.1954 0.9793
vn -0.1293 -0.3130 0.9409
vn 0.4838 -0.8105 0.3302
vn 0.2843 -0.9045 0.3180
vn -0.0439 0.1824 0.9822
vn 0.1388 0.3008 0.9435
vn -0.4828 0.8091 0.3350
vn -0.2832 0.9032 0.3225
vn 0.4951 -0.5872 0.6403
vn 0.6564 -0.4379 0.6143
vn -0.4886 0.2436 0.8378
vn -0.3345 0.3712 0.8662
vn 0.0686 -0.5543 0.8295
vn 0.2424 -0.4532 0.8578
vn -0.0626 0.5419 0.8381
vn -0.2347 0.4412 0.8662
vn 0.4949 -0.2565 0.8302
vn 0.3423 -0.3834 0.8578
vn 0.3342 -0.9425 0.0000
vn 0.5207 -0.8538 0.0000
vn -0.3342 0.9425 -0.0000
vn -0.5206 0.8538 -0.0000
vn -0.6224 0.7827 -0.0000
vn -0.7668 0.6419 -0.0000
vn 0.6224 -0.7827 -0.0000
vn 0.7668 -0.6419 -0.0000
vn -0.6731 0.0447 0.7382
vn -0.7133 0.0808 0.6962
vn -0.7766 -0.1102 0.6203
vn -0.8095 -0.0852 0.5808
vn -0.1792 -0.6572 0.7321
vn -0.2256 -0.6129 0.7573
vn -0.3611 -0.7002 0.6159
vn -0.4029 -0.6633 0.6307
vn 0.0565 -0.9984 -0.0000
vn 0.0408 -0.9970 0.0658
vn -0.1638 -0.9865 -0.0000
vn -0.1823 -0.9818 0.0531
vn 0.1897 0.6483 0.7374
vn 0.2355 0.6035 0.7618
vn 0.3707 0.6923 0.6191
vn 0.4119 0.6552 0.6333
vn -0.0565 0.9984 -0.0000
vn -0.0406 0.9970 0.0666
vn 0.1638 0.9865 -0.0000
vn 0.1825 0.9817 0.0537
vn 0.6823 -0.0519 0.7293
vn 0.7211 -0.0874 0.6873
vn 0.7842 0.1050 0.6115
vn 0.8160 0.0804 0.5724
vn -0.9086 0.3137 0.2757
vn -0.9229 0.3792 0.0666
vn -0.9700 0.0966 0.2229
vn -0.9849 0.1643 0.0538
vn -0.5463 -0.2043 0.8123
vn -0.6476 -0.0150 0.7618
vn -0.6752 -0.3250 0.6622
vn -0.7566 -0.1630 0.6333
vn -0.1004 -0.8416 0.5307
vn -0.1645 -0.7075 0.6873
vn -0.3112 -0.8453 0.4343
vn -0.3547 -0.7393 0.5724
vn 0.5531 0.1926 0.8106
vn 0.6531 0.0024 0.7572
vn 0.6810 0.3151 0.6611
vn 0.7611 0.1517 0.6307
vn 0.1031 0.8364 0.5384
vn 0.1680 0.6979 0.6962
vn 0.3132 0.8411 0.4409
vn 0.3569 0.7316 0.5808
vn 0.9093 -0.3151 0.2718
vn 0.9229 -0.3794 0.0658
vn 0.9706 -0.0978 0.2198
vn 0.9849 -0.1645 0.0531
vn -0.8212 0.1892 0.5384
vn -0.8975 -0.0066 0.4409
vn -0.3701 -0.4539 0.8105
vn -0.5290 -0.5321 0.6611
vn -0.0149 -0.9622 0.2718
vn -0.2400 -0.9456 0.2198
vn 0.3788 0.4434 0.8123
vn 0.5364 0.5233 0.6621
vn 0.0160 0.9611 0.2757
vn 0.2410 0.9446 0.2229
vn 0.8252 -0.1935 0.5307
vn 0.9008 0.0033 0.4343
vn -0.6741 0.0435 0.7373
vn -0.7774 -0.1116 0.6190
vn -0.1846 -0.6588 0.7293
vn -0.3669 -0.7010 0.6115
vn 0.1882 0.6478 0.7382
vn 0.3691 0.6921 0.6203
vn 0.6789 -0.0564 0.7321
vn 0.7815 0.0998 0.6159
vn 0.0491 -0.9988 0.0000
vn -0.1664 -0.9861 0.0000
vn -0.0491 0.9988 -0.0000
vn 0.1664 0.9861 -0.0000
vn -0.9188 0.3946 -0.0000
vn -0.9830 0.1834 -0.0000
vn 0.9189 -0.3946 -0.0000
vn 0.9830 -0.1834 -0.0000
vn 0.9835 -0.1809 -0.0000
vn -0.9835 0.1809 0.0000
vn 0.5735 -0.8192 0.0000
vn -0.4958 0.8685 -0.0000
vn -0.5735 0.8192 0.0000
vn 0.2448 -0.3497 -0.9043
vn 0.1008 -0.1439 -0.9844
vn 0.4349 -0.6212 -0.6519
vn 0.5718 -0.8167 -0.0782
vn -0.3311 0.4729 -0.8166
vn 0.5736 -0.8191 0.0000
vn 0.8192 0.5736 0.0000
vn 0.8192 0.5736 -0.0000
vn 0.8191 0.5736 0.0000
vn 0.8191 0.5736 -0.0000
vn 0.5735 -0.8192 -0.0000
vn -0.9983 0.0576 0.0000
vn -0.9927 -0.1206 0.0000
vn 0.9983 -0.0576 -0.0000
vn 0.9927 0.1206 -0.0000
vn -0.9329 -0.3601 0.0000
vn 0.9330 0.3600 -0.0000
vn 0.4295 0.9031 -0.0000
vn -0.6465 0.7629 0.0000
vn -0.8810 0.4731 0.0000
vn -0.1431 0.9897 -0.0000
vn -0.9955 -0.0947 0.0000
vn -0.6243 0.7812 0.0000
vn -0.7714 0.6364 0.0000
vn 0.6243 -0.7812 -0.0000
vn 0.7714 -0.6364 -0.0000
vn -0.9217 0.3878 0.0000
vn 0.9217 -0.3878 -0.0000
vn -0.5736 0.8191 0.0000
vn -0.8191 -0.5737 0.0000
vn 0.4237 0.6992 -0.5759
vn 0.4238 0.6990 -0.5760
vn 0.4253 0.6993 -0.5746
vn 0.4252 0.6993 -0.5745
vn 0.8462 0.5238 0.0982
vn 0.8460 0.5242 0.0978
vn 0.8005 0.5970 -0.0522
vn 0.8005 0.5971 -0.0524
vn 0.2848 -0.4068 0.8680
vn 0.8066 0.1492 -0.5719
vn 0.8068 0.1486 -0.5718
vn 0.8092 0.1541 -0.5670
vn 0.8089 0.1544 -0.5673
vn 0.7804 0.6176 0.0978
vn 0.7810 0.6171 0.0961
vn 0.8352 0.5475 -0.0514
vn 0.8355 0.5470 -0.0521
vn -0.2939 0.4198 0.8587
vn -0.2940 0.4198 0.8587
vn -0.2850 0.4071 -0.8678
vn 0.2933 -0.4188 -0.8594
vn 0.2932 -0.4188 -0.8594
vn -0.8026 -0.1604 -0.5746
vn -0.8026 -0.1606 -0.5746
vn -0.8019 -0.1591 -0.5759
vn -0.8019 -0.1590 -0.5759
vn -0.4217 -0.7074 -0.5672
vn -0.4216 -0.7078 -0.5667
vn -0.4158 -0.7072 -0.5718
vn -0.4161 -0.7068 -0.5720
vn 0.9935 -0.1134 0.0000
vn 0.9935 -0.1135 0.0000
vn 0.7490 0.6626 0.0000
vn 0.8523 0.5231 0.0000
vn 0.5828 0.5429 -0.6047
vn 0.5826 0.5431 -0.6047
vn 0.4655 0.6646 -0.5845
vn 0.4656 0.6644 -0.5846
vn 0.3789 0.8331 -0.4029
vn 0.4148 0.7350 -0.5364
vn 0.4148 0.7351 -0.5363
vn 0.3789 0.8331 -0.4028
vn 0.8240 0.5599 0.0869
vn 0.8108 0.5823 -0.0584
vn 0.8018 0.5951 -0.0549
vn 0.8388 0.5364 0.0934
vn 0.7923 0.6088 -0.0401
vn 0.8549 0.5157 0.0563
vn 0.8490 0.5217 0.0837
vn 0.7984 0.5999 -0.0518
vn 0.1008 -0.1439 0.9845
vn 0.2449 -0.3497 0.9043
vn 0.2448 -0.3496 0.9043
vn 0.4350 -0.6212 0.6519
vn 0.4350 -0.6212 0.6518
vn 0.3229 -0.4611 0.8265
vn 0.3229 -0.4612 0.8265
vn -0.7095 -0.3620 -0.6046
vn -0.7836 -0.2103 -0.5845
vn -0.7837 -0.2101 -0.5845
vn -0.7096 -0.3617 -0.6047
vn -0.9125 -0.0711 -0.4029
vn -0.9125 -0.0712 -0.4029
vn -0.8326 -0.1384 -0.5363
vn -0.8325 -0.1384 -0.5364
vn 0.9794 -0.0246 -0.2004
vn 0.9945 -0.0923 -0.0489
vn 0.9945 -0.0922 -0.0490
vn 0.9794 -0.0246 -0.2006
vn 0.8503 0.5260 -0.0182
vn 0.7683 0.6393 0.0307
vn 0.7562 0.6542 0.0100
vn 0.8528 0.5222 -0.0033
vn -0.5416 0.7735 0.3292
vn -0.5719 0.8167 0.0772
vn -0.3118 -0.9288 -0.2004
vn -0.3119 -0.9287 -0.2006
vn -0.2535 -0.9661 -0.0490
vn -0.2535 -0.9661 -0.0489
vn -0.4351 0.6214 -0.6516
vn -0.4351 0.6213 -0.6516
vn -0.3231 0.4614 -0.8263
vn -0.1011 0.1444 -0.9843
vn -0.2450 0.3500 -0.9041
vn 0.5415 -0.7734 -0.3296
vn 0.5719 -0.8167 -0.0773
vn 0.7151 0.3521 -0.6039
vn 0.7149 0.3525 -0.6039
vn 0.7880 0.1995 -0.5825
vn 0.7882 0.1990 -0.5824
vn 0.3129 0.9277 -0.2034
vn 0.3130 0.9277 -0.2035
vn 0.2537 0.9660 -0.0496
vn 0.8071 0.5840 0.0869
vn 0.8253 0.5617 -0.0584
vn 0.7897 0.6063 0.0934
vn 0.8341 0.5488 -0.0549
vn 0.7851 0.6190 -0.0185
vn 0.8633 0.5037 0.0310
vn 0.7824 0.6228 -0.0033
vn 0.8733 0.4870 0.0101
vn -0.1111 0.1587 0.9811
vn -0.2543 0.3632 0.8963
vn -0.2543 0.3632 0.8964
vn 0.5405 -0.7720 0.3345
vn 0.5718 -0.8166 0.0782
vn -0.5757 -0.5512 -0.6039
vn -0.5755 -0.5515 -0.6039
vn -0.4570 -0.6722 -0.5825
vn -0.4565 -0.6726 -0.5824
vn -0.9788 0.0232 -0.2035
vn -0.9788 0.0233 -0.2034
vn -0.9945 0.0920 -0.0496
vn 0.9154 0.0681 -0.3968
vn 0.9156 0.0679 -0.3964
vn 0.8385 0.1340 -0.5282
vn 0.8388 0.1338 -0.5277
vn 0.8433 0.5360 -0.0393
vn 0.7766 0.6276 0.0556
vn 0.8371 0.5446 -0.0507
vn 0.7801 0.6202 0.0822
vn -0.4397 0.6279 0.6421
vn -0.4397 0.6280 0.6421
vn -0.3311 0.4729 0.8166
vn -0.3769 -0.8371 -0.3964
vn -0.3771 -0.8369 -0.3968
vn -0.4127 -0.7421 -0.5282
vn -0.4126 -0.7425 -0.5277
vn -0.5406 0.7720 -0.3344
vn -0.5718 0.8166 -0.0782
vn 0.1105 -0.1578 -0.9813
vn 0.2536 -0.3622 -0.8969
vn 0.4394 -0.6275 -0.6429
vn 0.4393 -0.6275 -0.6429
vn 0.3305 -0.4720 -0.8173
vn 0.7831 0.6219 0.0000
vn 0.8788 0.4772 0.0000
vn -0.2332 -0.9724 -0.0000
vn 0.5865 0.6979 -0.4111
vn 0.6102 0.6724 -0.4189
vn 0.5020 0.6692 -0.5478
vn 0.4660 0.7023 -0.5382
vn -0.8561 -0.3114 -0.4125
vn -0.8740 -0.2945 -0.3866
vn -0.8460 -0.1760 -0.5033
vn -0.8186 -0.1962 -0.5398
vn 0.4490 0.8936 0.0000
vn 0.4590 0.8878 -0.0338
vn 0.3035 0.9517 -0.0460
vn 0.2859 0.9583 0.0000
vn -0.4489 -0.8936 0.0000
vn -0.4588 -0.8879 -0.0333
vn -0.3033 -0.9518 -0.0454
vn -0.2859 -0.9583 0.0000
vn 0.8609 0.3080 -0.4051
vn 0.8781 0.2913 -0.3796
vn 0.8518 0.1718 -0.4949
vn 0.8255 0.1917 -0.5308
vn -0.5795 -0.7044 -0.4099
vn -0.6038 -0.6788 -0.4179
vn -0.4934 -0.6771 -0.5460
vn -0.4567 -0.7100 -0.5360
vn 0.7861 0.4412 -0.4329
vn 0.8444 0.3352 -0.4180
vn 0.8050 0.2321 -0.5460
vn 0.7344 0.3741 -0.5663
vn -0.7691 -0.5978 -0.2261
vn -0.7306 -0.6473 -0.2173
vn -0.8010 -0.5962 -0.0549
vn -0.8101 -0.5834 -0.0584
vn 0.6717 0.7371 -0.0738
vn 0.6559 0.7547 -0.0159
vn -0.9743 -0.1732 -0.1440
vn -0.9912 -0.1277 -0.0338
vn -0.9981 0.0403 -0.0460
vn -0.9815 -0.0224 -0.1903
vn 0.9748 0.1724 -0.1418
vn 0.9913 0.1275 -0.0333
vn 0.9981 -0.0406 -0.0454
vn 0.9821 0.0212 -0.1874
vn -0.6715 -0.7375 -0.0726
vn -0.6559 -0.7547 -0.0157
vn -0.7824 -0.6228 -0.0033
vn -0.7851 -0.6191 -0.0182
vn 0.6888 0.5812 -0.4333
vn 0.6096 0.5539 -0.5670
vn -0.8557 -0.4695 -0.2175
vn -0.8223 -0.5222 -0.2262
vn -0.8245 -0.5628 -0.0585
vn -0.8334 -0.5499 -0.0549
vn 0.7177 0.6662 -0.2026
vn 0.6980 0.6995 -0.1532
vn -0.9256 -0.2425 -0.2905
vn -0.9189 -0.1114 -0.3784
vn 0.9278 0.2404 -0.2854
vn 0.9219 0.1084 -0.3721
vn -0.7167 -0.6685 -0.1986
vn -0.6973 -0.7009 -0.1503
vn -0.7921 -0.6091 -0.0393
vn -0.7981 -0.6004 -0.0507
vn 0.5854 0.6979 -0.4126
vn 0.4644 0.7021 -0.5398
vn 0.5756 0.7206 -0.3866
vn 0.4547 0.7348 -0.5033
vn -0.8564 -0.3123 -0.4111
vn -0.8193 -0.1976 -0.5383
vn -0.8405 -0.3435 -0.4189
vn -0.8006 -0.2428 -0.5478
vn 0.8601 0.3036 -0.4099
vn 0.8235 0.1863 -0.5359
vn -0.5838 -0.7036 -0.4051
vn -0.4625 -0.7102 -0.5308
vn -0.5741 -0.7255 -0.3796
vn -0.4528 -0.7417 -0.4949
vn -0.9932 -0.1163 0.0000
vn -0.9983 0.0591 0.0000
vn 0.9932 0.1163 0.0000
vn 0.9983 -0.0591 0.0000
vn 0.7249 0.6556 -0.2117
vn 0.7338 0.6435 -0.2176
vn -0.8639 -0.4566 -0.2126
vn -0.8715 -0.4466 -0.2026
vn -0.8348 -0.5480 -0.0524
vn -0.8368 -0.5451 -0.0518
vn 0.6541 0.7564 0.0000
vn -0.6541 -0.7564 0.0000
vn -0.7831 -0.6219 0.0000
vn 0.8659 0.4547 -0.2084
vn 0.8733 0.4448 -0.1986
vn -0.7215 -0.6593 -0.2114
vn -0.7998 -0.5980 -0.0522
vn 0.8248 0.5183 -0.2262
vn 0.8581 0.4652 -0.2174
vn -0.6835 -0.5878 -0.4329
vn -0.6028 -0.5621 -0.5663
vn 0.4960 0.8563 -0.1440
vn 0.3568 0.9146 -0.1903
vn -0.9224 -0.3791 -0.0738
vn -0.9335 -0.3583 -0.0159
vn -0.8502 -0.5261 -0.0185
vn -0.8528 -0.5222 -0.0033
vn 0.9226 0.3788 -0.0726
vn 0.9335 0.3582 -0.0157
vn -0.4954 -0.8570 -0.1418
vn -0.3558 -0.9156 -0.1874
vn 0.7719 0.5941 -0.2263
vn -0.7818 -0.4484 -0.4333
vn -0.7290 -0.3834 -0.5670
vn 0.5445 0.7869 -0.2905
vn 0.4190 0.8254 -0.3783
vn -0.8961 -0.4167 -0.1532
vn -0.8431 -0.5363 -0.0401
vn 0.8971 0.4155 -0.1503
vn -0.5432 -0.7896 -0.2854
vn -0.4172 -0.8292 -0.3721
vn 0.7245 0.6556 -0.2126
vn -0.8640 -0.4569 -0.2117
vn -0.8348 -0.5481 -0.0522
vn 0.8663 0.4525 -0.2115
vn -0.7234 -0.6582 -0.2085
vn -0.8001 -0.5976 -0.0514
vn -0.9345 -0.3559 0.0000
vn -0.8522 -0.5231 0.0000
vn 0.9345 0.3559 0.0000
vn 0.8489 0.2828 0.4466
vn 0.8324 0.3302 0.4449
vn -0.0947 -0.6137 0.7839
vn -0.1435 -0.5716 0.8079
vn 0.1715 -0.4012 0.8998
vn 0.2133 -0.4546 0.8648
vn 0.9976 0.0690 0.0001
vn 0.9943 0.0985 0.0411
vn 0.1673 -0.9859 0.0000
vn 0.1482 -0.9868 0.0658
vn 0.4964 -0.8648 0.0758
vn 0.5013 -0.8653 -0.0000
vn 0.5525 0.7078 0.4402
vn 0.5509 0.7334 0.3982
vn -0.6185 0.1314 0.7747
vn -0.6603 0.1642 0.7329
vn -0.4025 0.4180 0.8144
vn -0.3638 0.3686 0.8555
vn -0.0137 -0.8178 0.5754
vn -0.0764 -0.6650 0.7429
vn 0.2476 -0.5091 0.8243
vn 0.3519 -0.6732 0.6504
vn -0.8691 0.4047 0.2843
vn -0.8765 0.4770 0.0649
vn -0.6429 0.7623 0.0748
vn -0.6196 0.7142 0.3256
vn -0.4933 -0.1318 0.8598
vn -0.5927 0.0753 0.8019
vn -0.3271 0.3125 0.8918
vn -0.1919 0.1037 0.9759
vn 0.8686 -0.4027 0.2889
vn 0.8765 -0.4768 0.0658
vn 0.6428 -0.7622 0.0758
vn 0.6186 -0.7126 0.3309
vn 0.0099 0.8240 0.5665
vn 0.0715 0.6765 0.7329
vn -0.2551 0.5211 0.8145
vn -0.3564 0.6801 0.6406
vn 0.4849 0.1460 0.8623
vn 0.5861 -0.0609 0.8079
vn 0.3183 -0.2984 0.8998
vn 0.1818 -0.0886 0.9793
vn 0.0814 -0.9539 0.2889
vn 0.4581 -0.8250 0.3309
vn -0.7777 0.2725 0.5665
vn -0.5172 0.5676 0.6406
vn -0.3030 -0.4058 0.8623
vn 0.0211 -0.2012 0.9793
vn 0.6512 -0.1557 0.7428
vn 0.7731 -0.2668 0.5754
vn 0.5123 -0.5609 0.6504
vn 0.3938 -0.4068 0.8243
vn -0.1485 0.9868 0.0649
vn -0.0830 0.9551 0.2843
vn -0.4593 0.8265 0.3256
vn -0.4965 0.8648 0.0748
vn 0.1322 0.5826 0.8019
vn 0.2926 0.4185 0.8598
vn -0.0318 0.2158 0.9759
vn -0.1817 0.4142 0.8919
vn 0.8487 0.2814 0.4478
vn 0.8734 0.2706 0.4048
vn -0.0933 -0.6133 0.7843
vn 0.2136 -0.4545 0.8648
vn 0.5487 0.7080 0.4447
vn 0.5887 0.6759 0.4435
vn -0.6151 0.1350 0.7768
vn -0.3626 0.3695 0.8556
vn 0.4323 0.9008 0.0407
vn 0.4060 0.9139 0.0001
vn -0.8692 0.4944 0.0000
vn -0.6417 0.7670 0.0000
vn 0.6091 -0.1208 0.7839
vn 0.3542 -0.3560 0.8648
vn -0.5559 -0.7011 0.4467
vn -0.5952 -0.6692 0.4449
vn -0.7819 -0.6157 0.0979
vn -0.7909 -0.6048 0.0934
vn 0.8692 -0.4944 0.0001
vn 0.6417 -0.7670 0.0000
vn -0.4060 -0.9139 0.0000
vn -0.4326 -0.9006 0.0412
vn -0.7490 -0.6626 0.0000
vn -0.7563 -0.6541 0.0101
vn 0.0881 0.6263 0.7746
vn -0.2220 0.4679 0.8554
vn -0.8540 -0.2771 0.4403
vn -0.8777 -0.2668 0.3981
vn -0.8470 -0.5229 0.0962
vn -0.8496 -0.5210 0.0822
vn -0.5354 -0.7925 0.2919
vn -0.5531 -0.7281 0.4049
vn -0.7770 -0.6270 0.0563
vn -0.7806 -0.6194 0.0837
vn -0.9750 -0.1641 0.1498
vn -0.9943 -0.0981 0.0406
vn -0.8636 -0.5033 0.0307
vn -0.8734 -0.4869 0.0100
vn -0.7805 -0.4421 0.4420
vn -0.8365 -0.3218 0.4435
vn -0.8248 -0.5587 0.0869
vn -0.8399 -0.5347 0.0934
vn 0.9744 0.1657 0.1519
vn 0.5334 0.7955 0.2876
vn 0.7763 0.4491 0.4423
vn -0.4890 -0.8589 0.1519
vn -0.7686 -0.6390 0.0310
vn -0.9299 -0.2291 0.2876
vn -0.8553 -0.5151 0.0556
vn -0.6875 -0.5758 0.4424
vn -0.8080 -0.5828 0.0869
vn 0.9279 0.2320 0.2919
vn 0.4877 0.8601 0.1498
vn 0.6825 0.5822 0.4419
vn 0.6082 -0.1221 0.7843
vn 0.3540 -0.3561 0.8648
vn -0.5547 -0.7014 0.4477
vn -0.7816 -0.6160 0.0981
vn 0.0834 0.6242 0.7768
vn -0.2231 0.4671 0.8556
vn -0.8529 -0.2737 0.4446
vn -0.8472 -0.5222 0.0978
vn -0.1673 0.9859 0.0000
vn -0.5013 0.8653 0.0000
vn -0.9976 -0.0690 0.0001
vn -0.8788 -0.4772 0.0000
vn -0.4879 0.2442 -0.8381
vn -0.5321 0.2926 -0.7945
vn -0.3750 0.4252 -0.8238
vn -0.3344 0.3714 -0.8662
vn 0.0717 -0.5528 -0.8302
vn 0.0244 -0.5002 -0.8655
vn 0.2008 -0.3966 -0.8958
vn 0.2431 -0.4528 -0.8579
vn 0.3409 -0.9401 0.0000
vn 0.3309 -0.9405 -0.0771
vn 0.5188 -0.8513 -0.0786
vn 0.5226 -0.8526 0.0000
vn -0.0618 0.5425 -0.8378
vn -0.0144 0.4894 -0.8720
vn -0.1918 0.3846 -0.9029
vn -0.2344 0.4414 -0.8662
vn -0.3409 0.9401 0.0000
vn -0.3308 0.9405 -0.0780
vn -0.5187 0.8512 -0.0795
vn -0.5226 0.8526 0.0000
vn 0.4975 -0.2541 -0.8294
vn 0.5403 -0.3015 -0.7856
vn 0.3827 -0.4354 -0.8148
vn 0.3431 -0.3828 -0.8578
vn -0.7518 0.5750 -0.3226
vn -0.7706 0.6325 -0.0780
vn -0.6225 0.7786 -0.0795
vn -0.5952 0.7305 -0.3349
vn -0.3301 -0.0276 -0.9436
vn -0.4549 0.1809 -0.8720
vn -0.2958 0.3118 -0.9030
vn -0.1563 0.1036 -0.9823
vn 0.1870 -0.7666 -0.6143
vn 0.0985 -0.6109 -0.7856
vn 0.2783 -0.5085 -0.8148
vn 0.3826 -0.6660 -0.6403
vn 0.3385 0.0144 -0.9409
vn 0.4617 -0.1939 -0.8656
vn 0.3040 -0.3243 -0.8958
vn 0.1655 -0.1170 -0.9793
vn -0.1835 0.7606 -0.6227
vn -0.0929 0.6001 -0.7945
vn -0.2713 0.4978 -0.8238
vn -0.3785 0.6600 -0.6490
vn 0.7527 -0.5765 -0.3181
vn 0.7706 -0.6326 -0.0771
vn 0.6225 -0.7787 -0.0786
vn 0.5961 -0.7319 -0.3302
vn -0.6520 0.4326 -0.6227
vn -0.4907 0.5814 -0.6490
vn -0.1294 -0.3131 -0.9409
vn 0.0533 -0.1955 -0.9793
vn 0.2842 -0.9045 -0.3180
vn 0.4839 -0.8104 -0.3302
vn 0.1388 0.3008 -0.9435
vn -0.0439 0.1823 -0.9823
vn -0.2832 0.9032 -0.3226
vn -0.4829 0.8091 -0.3349
vn 0.6564 -0.4380 -0.6143
vn 0.4950 -0.5873 -0.6403
vn -0.4887 0.2436 -0.8378
vn -0.3346 0.3712 -0.8661
vn 0.0686 -0.5543 -0.8295
vn 0.2423 -0.4533 -0.8578
vn -0.0626 0.5420 -0.8381
vn -0.2346 0.4412 -0.8662
vn 0.4949 -0.2565 -0.8302
vn 0.3423 -0.3833 -0.8578
vn -0.7668 0.6419 0.0000
vn -0.6224 0.7827 0.0000
vn 0.7668 -0.6419 0.0000
vn 0.6224 -0.7827 0.0000
vn -0.6731 0.0447 -0.7382
vn -0.7133 0.0809 -0.6962
vn -0.7766 -0.1103 -0.6202
vn -0.8095 -0.0852 -0.5809
vn -0.1792 -0.6572 -0.7321
vn -0.2256 -0.6129 -0.7573
vn -0.3611 -0.7002 -0.6159
vn -0.4029 -0.6633 -0.6306
vn 0.0565 -0.9984 0.0000
vn 0.0408 -0.9970 -0.0658
vn -0.1638 -0.9865 0.0000
vn -0.1823 -0.9818 -0.0531
vn 0.1896 0.6483 -0.7374
vn 0.2356 0.6036 -0.7617
vn 0.3707 0.6923 -0.6191
vn 0.4119 0.6553 -0.6332
vn -0.0565 0.9984 0.0000
vn -0.0406 0.9970 -0.0665
vn 0.1638 0.9865 0.0000
vn 0.1825 0.9817 -0.0537
vn 0.6823 -0.0519 -0.7293
vn 0.7211 -0.0874 -0.6873
vn 0.7843 0.1051 -0.6115
vn 0.8161 0.0804 -0.5724
vn -0.9086 0.3137 -0.2756
vn -0.9229 0.3792 -0.0666
vn -0.9700 0.0966 -0.2229
vn -0.9850 0.1643 -0.0538
vn -0.5462 -0.2044 -0.8124
vn -0.6478 -0.0150 -0.7617
vn -0.6752 -0.3251 -0.6621
vn -0.7566 -0.1629 -0.6332
vn -0.1005 -0.8416 -0.5306
vn -0.1645 -0.7076 -0.6872
vn -0.3112 -0.8453 -0.4343
vn -0.3547 -0.7393 -0.5723
vn 0.5532 0.1925 -0.8105
vn 0.6530 0.0024 -0.7573
vn 0.6809 0.3150 -0.6611
vn 0.7611 0.1517 -0.6306
vn 0.1030 0.8364 -0.5384
vn 0.1679 0.6979 -0.6962
vn 0.3132 0.8411 -0.4409
vn 0.3570 0.7316 -0.5808
vn 0.9093 -0.3150 -0.2718
vn 0.9229 -0.3793 -0.0658
vn 0.9706 -0.0979 -0.2198
vn 0.9849 -0.1645 -0.0531
vn -0.8212 0.1893 -0.5384
vn -0.8975 -0.0066 -0.4409
vn -0.3701 -0.4540 -0.8105
vn -0.5289 -0.5321 -0.6611
vn -0.0150 -0.9622 -0.2718
vn -0.2400 -0.9456 -0.2198
vn 0.3788 0.4434 -0.8123
vn 0.5364 0.5233 -0.6621
vn 0.0160 0.9611 -0.2757
vn 0.2410 0.9446 -0.2229
vn 0.8253 -0.1934 -0.5306
vn 0.9007 0.0033 -0.4343
vn -0.6741 0.0436 -0.7374
vn -0.7774 -0.1116 -0.6191
vn -0.1846 -0.6588 -0.7293
vn -0.3670 -0.7010 -0.6115
vn 0.1883 0.6477 -0.7382
vn 0.3693 0.6920 -0.6202
vn 0.6789 -0.0565 -0.7321
vn 0.7815 0.0999 -0.6158
vn -0.9188 0.3946 0.0000
vn -0.9830 0.1834 0.0000
vn 0.9189 -0.3946 0.0000
vn 0.9830 -0.1834 0.0000
vn 0.2849 -0.4068 0.8680
vn 0.1008 -0.1439 0.9844
vn 0.2448 -0.3497 0.9043
vn 0.1007 -0.1439 0.9845
vn 0.3229 -0.4612 0.8264
vn -0.5718 0.8167 0.0772
vn 0.5718 -0.8167 0.0782
vn -0.4397 0.6279 0.6422
vn -0.3311 0.4728 0.8166
vn -0.8191 -0.5737 -0.0000
vn 0.9554 0.2777 -0.1000
vn 0.9603 0.2791 -0.0000
vn 0.9970 0.0776 -0.0000
vn 0.9920 0.0773 -0.0998
vn 0.7764 0.6222 -0.1000
vn 0.7804 0.6253 -0.0000
vn 0.8874 0.4611 -0.0000
vn 0.8829 0.4588 -0.0999
vn 0.4792 0.8720 -0.1000
vn 0.4816 0.8764 -0.0000
vn 0.6434 0.7656 -0.0000
vn 0.6401 0.7617 -0.0999
vn 0.1091 0.9890 -0.1000
vn 0.1096 0.9940 0.0000
vn 0.3014 0.9535 0.0000
vn 0.2999 0.9487 -0.0999
vn -0.2777 0.9554 -0.1000
vn -0.2791 0.9603 -0.0000
vn -0.0864 0.9963 -0.0000
vn -0.0860 0.9913 -0.0999
vn -0.6222 0.7764 -0.1000
vn -0.6253 0.7804 -0.0000
vn -0.4611 0.8874 -0.0000
vn -0.4588 0.8829 -0.0999
vn -0.8720 0.4792 -0.1000
vn -0.8764 0.4816 -0.0000
vn -0.7656 0.6434 -0.0000
vn -0.7617 0.6401 -0.0999
vn -0.9890 0.1091 -0.1000
vn -0.9940 0.1096 0.0000
vn -0.9535 0.3014 0.0000
vn -0.9487 0.2999 -0.0999
vn -0.9554 -0.2777 -0.1000
vn -0.9603 -0.2791 -0.0000
vn -0.9963 -0.0864 -0.0000
vn -0.9913 -0.0860 -0.0999
vn -0.7764 -0.6222 -0.1000
vn -0.7804 -0.6253 -0.0000
vn -0.8874 -0.4611 -0.0000
vn -0.8829 -0.4588 -0.0999
vn -0.4792 -0.8720 -0.1000
vn -0.4817 -0.8764 0.0000
vn -0.6433 -0.7656 -0.0000
vn -0.6401 -0.7618 -0.0999
vn -0.1091 -0.9890 -0.1000
vn -0.1096 -0.9940 -0.0000
vn -0.3017 -0.9534 -0.0000
vn -0.3002 -0.9486 -0.0999
vn 0.2776 -0.9555 -0.1000
vn 0.2790 -0.9603 -0.0000
vn 0.0881 -0.9961 -0.0000
vn 0.0877 -0.9911 -0.0999
vn 0.6228 -0.7760 -0.1002
vn 0.6259 -0.7799 0.0000
vn 0.4517 -0.8922 0.0000
vn 0.4495 -0.8877 -0.0999
vn 0.8727 -0.4779 -0.1000
vn 0.8771 -0.4803 -0.0000
vn 0.7732 -0.6341 -0.0000
vn 0.7693 -0.6310 -0.0999
vn 0.9891 -0.1083 -0.0998
vn 0.9941 -0.1089 -0.0000
vn 0.9561 -0.2930 0.0000
vn 0.9513 -0.2916 -0.0998
vn 0.8861 0.4604 0.0524
vn 0.9589 0.2787 0.0526
vn 0.6425 0.7645 0.0524
vn 0.7793 0.6245 0.0526
vn 0.3010 0.9522 0.0524
vn 0.4810 0.8752 0.0526
vn -0.0863 0.9949 0.0524
vn 0.1095 0.9926 0.0526
vn -0.4604 0.8861 0.0524
vn -0.2787 0.9589 0.0526
vn -0.4605 0.8861 0.0524
vn -0.7645 0.6425 0.0524
vn -0.6245 0.7793 0.0526
vn -0.9522 0.3010 0.0524
vn -0.8752 0.4810 0.0526
vn -0.9949 -0.0863 0.0524
vn -0.9926 0.1095 0.0526
vn -0.8861 -0.4604 0.0524
vn -0.9589 -0.2787 0.0526
vn -0.6424 -0.7645 0.0524
vn -0.7793 -0.6245 0.0526
vn -0.3013 -0.9521 0.0524
vn -0.4810 -0.8752 0.0526
vn 0.0880 -0.9947 0.0524
vn -0.1094 -0.9926 0.0526
vn -0.1095 -0.9926 0.0526
vn 0.4511 -0.8909 0.0524
vn 0.2787 -0.9590 0.0525
vn 0.2786 -0.9590 0.0525
vn 0.7722 -0.6332 0.0524
vn 0.6251 -0.7788 0.0528
vn 0.7722 -0.6333 0.0524
vn 0.9548 -0.2926 0.0524
vn 0.8759 -0.4796 0.0525
vn 0.9956 0.0775 0.0524
vn 0.9927 -0.1087 0.0524
vn 0.9956 0.0776 0.0524
vn 0.8143 0.4231 0.3974
vn 0.8816 0.2562 0.3964
vn 0.9573 0.2782 0.0784
vn 0.8846 0.4597 0.0782
vn 0.9151 0.0713 0.3969
vn 0.9126 -0.1000 0.3965
vn 0.9910 -0.1085 0.0782
vn 0.9939 0.0774 0.0782
vn 0.8776 -0.2690 0.3968
vn 0.8053 -0.4409 0.3964
vn 0.8744 -0.4788 0.0783
vn 0.9532 -0.2921 0.0782
vn 0.7094 -0.5818 0.3978
vn 0.5746 -0.7160 0.3964
vn 0.6240 -0.7775 0.0786
vn 0.7708 -0.6322 0.0783
vn 0.4145 -0.8185 0.3978
vn 0.2562 -0.8816 0.3964
vn 0.2782 -0.9573 0.0783
vn 0.4504 -0.8894 0.0783
vn 0.0808 -0.9141 0.3973
vn -0.1006 -0.9125 0.3964
vn -0.1093 -0.9909 0.0784
vn 0.0878 -0.9931 0.0782
vn -0.2768 -0.8749 0.3974
vn -0.4422 -0.8046 0.3964
vn -0.4802 -0.8737 0.0784
vn -0.3008 -0.9505 0.0782
vn -0.5903 -0.7026 0.3974
vn -0.7164 -0.5741 0.3964
vn -0.7780 -0.6234 0.0784
vn -0.6414 -0.7632 0.0782
vn -0.8143 -0.4231 0.3974
vn -0.8816 -0.2562 0.3964
vn -0.9573 -0.2782 0.0784
vn -0.8846 -0.4597 0.0782
vn -0.9142 -0.0793 0.3974
vn -0.9125 0.1006 0.3964
vn -0.9909 0.1093 0.0784
vn -0.9932 -0.0861 0.0782
vn -0.8750 0.2766 0.3974
vn -0.8046 0.4422 0.3964
vn -0.8737 0.4802 0.0784
vn -0.9506 0.3005 0.0782
vn -0.7025 0.5904 0.3974
vn -0.5741 0.7164 0.3964
vn -0.6234 0.7780 0.0784
vn -0.7632 0.6414 0.0782
vn -0.4231 0.8143 0.3974
vn -0.2562 0.8816 0.3964
vn -0.2782 0.9573 0.0784
vn -0.4597 0.8846 0.0782
vn -0.0793 0.9142 0.3974
vn 0.1006 0.9125 0.3964
vn 0.1093 0.9909 0.0784
vn -0.0861 0.9932 0.0782
vn 0.2766 0.8750 0.3974
vn 0.4422 0.8046 0.3964
vn 0.4802 0.8737 0.0784
vn 0.3005 0.9506 0.0782
vn 0.5904 0.7025 0.3974
vn 0.7164 0.5741 0.3964
vn 0.7780 0.6234 0.0784
vn 0.6414 0.7632 0.0782
vn 0.4918 0.2556 0.8323
vn 0.5356 0.1557 0.8300
vn 0.2169 0.1127 0.9697
vn 0.2340 0.0680 0.9699
vn 0.5538 0.0430 0.8315
vn 0.5530 -0.0606 0.8309
vn 0.2437 0.0188 0.9697
vn 0.2431 -0.0266 0.9696
vn 0.5313 -0.1627 0.8314
vn 0.4890 -0.2678 0.8301
vn 0.2337 -0.0715 0.9697
vn 0.2139 -0.1171 0.9698
vn 0.4279 -0.3508 0.8330
vn 0.3500 -0.4361 0.8290
vn 0.1891 -0.1549 0.9697
vn 0.1520 -0.1894 0.9701
vn 0.2498 -0.4936 0.8330
vn 0.1556 -0.5354 0.8301
vn 0.1103 -0.2181 0.9697
vn 0.0680 -0.2341 0.9698
vn 0.0489 -0.5523 0.8322
vn -0.0611 -0.5545 0.8300
vn 0.0215 -0.2435 0.9697
vn -0.0267 -0.2422 0.9699
vn -0.1672 -0.5284 0.8324
vn -0.2686 -0.4888 0.8300
vn -0.0738 -0.2330 0.9697
vn -0.1174 -0.2136 0.9699
vn -0.3566 -0.4243 0.8323
vn -0.4353 -0.3488 0.8300
vn -0.1572 -0.1871 0.9697
vn -0.1902 -0.1524 0.9699
vn -0.4918 -0.2556 0.8323
vn -0.5356 -0.1557 0.8300
vn -0.2169 -0.1127 0.9697
vn -0.2340 -0.0680 0.9699
vn -0.5522 -0.0479 0.8323
vn -0.5544 0.0611 0.8300
vn -0.2435 -0.0211 0.9697
vn -0.2422 0.0267 0.9699
vn -0.5285 0.1671 0.8323
vn -0.4888 0.2686 0.8300
vn -0.2330 0.0737 0.9697
vn -0.2136 0.1174 0.9699
vn -0.4243 0.3566 0.8323
vn -0.3488 0.4353 0.8300
vn -0.1871 0.1573 0.9697
vn -0.1524 0.1902 0.9699
vn -0.2556 0.4918 0.8323
vn -0.1557 0.5356 0.8300
vn -0.1127 0.2169 0.9697
vn -0.0680 0.2340 0.9699
vn -0.0479 0.5522 0.8323
vn 0.0611 0.5544 0.8300
vn -0.0211 0.2435 0.9697
vn 0.0267 0.2422 0.9699
vn 0.1671 0.5285 0.8323
vn 0.2686 0.4888 0.8300
vn 0.0737 0.2330 0.9697
vn 0.1174 0.2136 0.9699
vn 0.3566 0.4243 0.8323
vn 0.4353 0.3488 0.8300
vn 0.1573 0.1871 0.9697
vn 0.1902 0.1524 0.9699
vn -0.8764 0.4816 0.0000
vn -0.3017 -0.9534 0.0000
vn -0.1096 -0.9940 0.0000
vn 0.4517 -0.8922 -0.0000
vn 0.7732 -0.6341 0.0000
vn 0.8771 -0.4803 0.0000
vn 0.9941 -0.1089 0.0000
vn 0.0968 -0.0296 0.9949
vn 0.4458 -0.1365 0.8847
vn 0.4641 -0.0508 0.8843
vn 0.1009 -0.0111 0.9948
vn 0.1009 0.0078 0.9949
vn 0.4647 0.0361 0.8848
vn 0.4496 0.1307 0.8836
vn 0.0982 0.0285 0.9948
vn 0.0893 0.0464 0.9949
vn 0.4125 0.2143 0.8854
vn 0.3654 0.2928 0.8836
vn 0.0798 0.0640 0.9948
vn 0.0647 0.0770 0.9949
vn 0.2991 0.3559 0.8854
vn 0.2255 0.4104 0.8836
vn 0.0493 0.0896 0.9948
vn 0.0303 0.0959 0.9949
vn 0.1401 0.4432 0.8854
vn 0.0513 0.4654 0.8836
vn 0.0112 0.1017 0.9948
vn -0.0087 0.1003 0.9949
vn -0.0402 0.4631 0.8854
vn -0.1307 0.4496 0.8836
vn -0.0285 0.0982 0.9948
vn -0.0464 0.0893 0.9949
vn -0.2143 0.4125 0.8854
vn -0.2928 0.3654 0.8836
vn -0.0640 0.0798 0.9948
vn -0.0770 0.0647 0.9949
vn -0.3559 0.2991 0.8854
vn -0.4104 0.2255 0.8836
vn -0.0896 0.0493 0.9948
vn -0.0959 0.0303 0.9949
vn -0.4432 0.1401 0.8854
vn -0.4654 0.0513 0.8836
vn -0.1017 0.0112 0.9948
vn -0.1003 -0.0087 0.9949
vn -0.4631 -0.0402 0.8854
vn -0.4496 -0.1307 0.8836
vn -0.0982 -0.0285 0.9948
vn -0.0893 -0.0464 0.9949
vn -0.4125 -0.2143 0.8854
vn -0.3654 -0.2928 0.8836
vn -0.0798 -0.0640 0.9948
vn -0.0647 -0.0770 0.9949
vn -0.2991 -0.3559 0.8854
vn -0.2255 -0.4103 0.8836
vn -0.0493 -0.0896 0.9948
vn -0.0304 -0.0959 0.9949
vn -0.1402 -0.4432 0.8854
vn -0.0513 -0.4655 0.8836
vn -0.0112 -0.1017 0.9948
vn 0.0089 -0.1003 0.9949
vn 0.0410 -0.4632 0.8853
vn 0.1306 -0.4494 0.8837
vn 0.0285 -0.0981 0.9948
vn 0.0452 -0.0894 0.9950
vn 0.2094 -0.4139 0.8859
vn 0.2939 -0.3662 0.8829
vn 0.0645 -0.0803 0.9947
vn 0.0775 -0.0635 0.9950
vn 0.3587 -0.2941 0.8859
vn 0.4105 -0.2248 0.8837
vn 0.0896 -0.0491 0.9948
vn 0.8260 -0.2532 0.5037
vn 0.8590 -0.0941 0.5033
vn 0.9452 -0.2897 0.1504
vn 0.9828 -0.1076 0.1503
vn 0.8612 0.0671 0.5038
vn 0.8299 0.2412 0.5030
vn 0.9856 0.0768 0.1504
vn 0.9493 0.2759 0.1507
vn 0.7662 0.3981 0.5045
vn 0.6745 0.5405 0.5030
vn 0.8772 0.4558 0.1505
vn 0.7715 0.6182 0.1507
vn 0.5555 0.6610 0.5045
vn 0.4163 0.7574 0.5030
vn 0.6360 0.7568 0.1505
vn 0.4762 0.8664 0.1507
vn 0.2603 0.8233 0.5045
vn 0.0947 0.8591 0.5030
vn 0.2980 0.9426 0.1505
vn 0.1084 0.9826 0.1507
vn -0.0746 0.8602 0.5045
vn -0.2412 0.8299 0.5030
vn -0.0854 0.9849 0.1505
vn -0.2759 0.9493 0.1507
vn -0.3981 0.7662 0.5045
vn -0.5405 0.6745 0.5030
vn -0.4558 0.8773 0.1505
vn -0.6182 0.7715 0.1507
vn -0.6610 0.5555 0.5045
vn -0.7574 0.4163 0.5030
vn -0.7568 0.6360 0.1505
vn -0.8664 0.4762 0.1506
vn -0.8233 0.2603 0.5045
vn -0.8591 0.0947 0.5030
vn -0.9426 0.2980 0.1505
vn -0.9826 0.1084 0.1506
vn -0.8602 -0.0746 0.5045
vn -0.8299 -0.2412 0.5030
vn -0.9849 -0.0854 0.1505
vn -0.9493 -0.2759 0.1507
vn -0.7662 -0.3981 0.5045
vn -0.6745 -0.5405 0.5030
vn -0.8773 -0.4558 0.1505
vn -0.7715 -0.6182 0.1506
vn -0.5555 -0.6610 0.5044
vn -0.4163 -0.7574 0.5030
vn -0.6360 -0.7569 0.1505
vn -0.4762 -0.8664 0.1506
vn -0.2605 -0.8232 0.5045
vn -0.0947 -0.8591 0.5030
vn -0.2982 -0.9426 0.1505
vn -0.1084 -0.9826 0.1507
vn 0.0761 -0.8601 0.5044
vn 0.2412 -0.8299 0.5030
vn 0.0871 -0.9848 0.1505
vn 0.2759 -0.9493 0.1506
vn 0.3899 -0.7700 0.5050
vn 0.5411 -0.6742 0.5027
vn 0.4466 -0.8820 0.1506
vn 0.6187 -0.7709 0.1510
vn 0.6674 -0.5474 0.5050
vn 0.7581 -0.4151 0.5030
vn 0.7644 -0.6269 0.1506
vn 0.8671 -0.4748 0.1506
vn 0.8796 0.0686 -0.4708
vn 0.8476 0.2464 -0.4700
vn 0.7825 0.4066 -0.4715
vn 0.6888 0.5520 -0.4700
vn 0.5674 0.6751 -0.4715
vn 0.4251 0.7735 -0.4700
vn 0.2658 0.8409 -0.4715
vn 0.0968 0.8773 -0.4700
vn -0.0762 0.8786 -0.4715
vn -0.2464 0.8476 -0.4700
vn -0.4066 0.7825 -0.4715
vn -0.5520 0.6888 -0.4700
vn -0.6751 0.5674 -0.4715
vn -0.7735 0.4251 -0.4700
vn -0.8409 0.2658 -0.4715
vn -0.8773 0.0968 -0.4700
vn -0.8786 -0.0762 -0.4715
vn -0.8476 -0.2464 -0.4700
vn -0.7825 -0.4066 -0.4715
vn -0.6888 -0.5520 -0.4700
vn -0.5673 -0.6752 -0.4715
vn -0.4251 -0.7735 -0.4700
vn -0.2660 -0.8408 -0.4715
vn -0.0967 -0.8773 -0.4700
vn 0.0777 -0.8785 -0.4714
vn 0.2463 -0.8476 -0.4701
vn 0.3983 -0.7865 -0.4720
vn 0.5526 -0.6885 -0.4697
vn 0.6816 -0.5591 -0.4720
vn 0.7742 -0.4239 -0.4701
vn 0.8435 -0.2586 -0.4707
vn 0.8773 -0.0961 -0.4703
vn 0.4772 0.0371 -0.8780
vn 0.4618 0.1342 -0.8767
vn 0.1019 0.0079 -0.9948
vn 0.0992 0.0288 -0.9947
vn 0.4237 0.2201 -0.8787
vn 0.3753 0.3008 -0.8767
vn 0.0902 0.0469 -0.9948
vn 0.0806 0.0646 -0.9947
vn 0.3072 0.3655 -0.8787
vn 0.2316 0.4215 -0.8767
vn 0.0654 0.0778 -0.9948
vn 0.0497 0.0905 -0.9947
vn 0.1439 0.4552 -0.8787
vn 0.0527 0.4781 -0.8767
vn 0.0306 0.0969 -0.9948
vn 0.0113 0.1027 -0.9947
vn -0.0412 0.4757 -0.8787
vn -0.1342 0.4618 -0.8767
vn -0.0088 0.1013 -0.9948
vn -0.0288 0.0992 -0.9947
vn -0.2201 0.4237 -0.8787
vn -0.3008 0.3753 -0.8767
vn -0.0469 0.0902 -0.9948
vn -0.0646 0.0806 -0.9947
vn -0.3655 0.3072 -0.8787
vn -0.4215 0.2316 -0.8767
vn -0.0778 0.0654 -0.9948
vn -0.0905 0.0497 -0.9947
vn -0.4552 0.1439 -0.8787
vn -0.4781 0.0527 -0.8767
vn -0.0969 0.0306 -0.9948
vn -0.1027 0.0113 -0.9947
vn -0.4757 -0.0412 -0.8787
vn -0.4618 -0.1342 -0.8767
vn -0.1013 -0.0088 -0.9948
vn -0.0992 -0.0288 -0.9947
vn -0.4237 -0.2201 -0.8787
vn -0.3753 -0.3008 -0.8767
vn -0.0902 -0.0469 -0.9948
vn -0.0806 -0.0646 -0.9947
vn -0.3072 -0.3655 -0.8787
vn -0.2316 -0.4215 -0.8768
vn -0.0654 -0.0778 -0.9948
vn -0.0497 -0.0905 -0.9947
vn -0.1440 -0.4552 -0.8787
vn -0.0527 -0.4781 -0.8767
vn -0.0307 -0.0969 -0.9948
vn -0.0113 -0.1027 -0.9946
vn 0.0421 -0.4758 -0.8786
vn 0.1341 -0.4616 -0.8769
vn 0.0090 -0.1013 -0.9948
vn 0.0288 -0.0991 -0.9947
vn 0.2151 -0.4251 -0.8792
vn 0.3019 -0.3762 -0.8760
vn 0.0457 -0.0903 -0.9949
vn 0.0651 -0.0811 -0.9946
vn 0.3685 -0.3020 -0.8792
vn 0.4216 -0.2309 -0.8769
vn 0.0783 -0.0641 -0.9949
vn 0.0905 -0.0496 -0.9947
vn 0.4579 -0.1402 -0.8779
vn 0.4767 -0.0522 -0.8775
vn 0.0978 -0.0299 -0.9948
vn 0.1019 -0.0112 -0.9947
vn 0.9963 0.0864 -0.0000
vn 0.9913 0.0860 -0.0999
vn 0.8874 0.4611 0.0000
vn 0.4816 0.8764 0.0000
vn -0.8764 0.4817 0.0000
vn -0.7656 0.6433 -0.0000
vn -0.7618 0.6401 -0.0999
vn -0.9534 0.3017 0.0000
vn -0.9486 0.3002 -0.0999
vn -0.9555 -0.2776 -0.1000
vn -0.9603 -0.2790 -0.0000
vn -0.9961 -0.0881 -0.0000
vn -0.9911 -0.0877 -0.0999
vn -0.7760 -0.6228 -0.1002
vn -0.7799 -0.6259 -0.0000
vn -0.8922 -0.4517 -0.0000
vn -0.8877 -0.4495 -0.0999
vn -0.4785 -0.8724 -0.0997
vn -0.4809 -0.8768 0.0000
vn -0.6271 -0.7789 -0.0000
vn -0.6240 -0.7750 -0.0999
vn -0.3114 -0.9503 0.0000
vn -0.3098 -0.9455 -0.0998
vn 0.2777 -0.9554 -0.1000
vn 0.2791 -0.9603 -0.0000
vn 0.0864 -0.9963 -0.0000
vn 0.0860 -0.9913 -0.0999
vn 0.6222 -0.7764 -0.1000
vn 0.6253 -0.7804 -0.0000
vn 0.4611 -0.8874 -0.0000
vn 0.4588 -0.8829 -0.0999
vn 0.8720 -0.4792 -0.1000
vn 0.8764 -0.4816 -0.0000
vn 0.7656 -0.6434 -0.0000
vn 0.7617 -0.6401 -0.0999
vn 0.9890 -0.1091 -0.1000
vn 0.9940 -0.1096 -0.0000
vn 0.9535 -0.3014 -0.0000
vn 0.9487 -0.2999 -0.0999
vn 0.8861 0.4605 0.0524
vn -0.7645 0.6424 0.0524
vn -0.9521 0.3013 0.0524
vn -0.9947 -0.0880 0.0524
vn -0.9926 0.1094 0.0526
vn -0.8909 -0.4511 0.0524
vn -0.9590 -0.2787 0.0525
vn -0.9590 -0.2786 0.0525
vn -0.6262 -0.7779 0.0524
vn -0.7788 -0.6251 0.0528
vn -0.6263 -0.7778 0.0524
vn -0.3110 -0.9490 0.0524
vn -0.4803 -0.8756 0.0523
vn 0.0863 -0.9949 0.0524
vn 0.4604 -0.8861 0.0524
vn 0.2787 -0.9589 0.0526
vn 0.4605 -0.8861 0.0524
vn 0.7645 -0.6425 0.0524
vn 0.6245 -0.7793 0.0526
vn 0.9522 -0.3010 0.0524
vn 0.8752 -0.4810 0.0526
vn 0.9949 0.0863 0.0524
vn 0.9926 -0.1095 0.0526
vn 0.9142 0.0793 0.3974
vn 0.9125 -0.1006 0.3964
vn 0.9909 -0.1093 0.0784
vn 0.9932 0.0861 0.0782
vn 0.8750 -0.2766 0.3974
vn 0.8046 -0.4422 0.3964
vn 0.8737 -0.4802 0.0784
vn 0.9506 -0.3005 0.0782
vn 0.7025 -0.5904 0.3974
vn 0.5741 -0.7164 0.3964
vn 0.6234 -0.7780 0.0784
vn 0.7632 -0.6414 0.0782
vn 0.4231 -0.8143 0.3974
vn 0.2782 -0.9573 0.0784
vn 0.4597 -0.8846 0.0782
vn 0.0793 -0.9142 0.3974
vn 0.0861 -0.9932 0.0782
vn -0.2858 -0.8723 0.3968
vn -0.4415 -0.8049 0.3965
vn -0.4795 -0.8741 0.0781
vn -0.3104 -0.9474 0.0782
vn -0.5756 -0.7147 0.3972
vn -0.7160 -0.5746 0.3964
vn -0.7775 -0.6240 0.0786
vn -0.6252 -0.7765 0.0782
vn -0.8185 -0.4145 0.3978
vn -0.9573 -0.2782 0.0783
vn -0.8894 -0.4504 0.0783
vn -0.9141 -0.0808 0.3973
vn -0.9931 -0.0878 0.0782
vn -0.8749 0.2768 0.3974
vn -0.9505 0.3008 0.0782
vn -0.7026 0.5903 0.3974
vn 0.4919 0.2556 0.8323
vn 0.5357 0.1557 0.8299
vn 0.2170 0.1128 0.9696
vn 0.2342 0.0681 0.9698
vn 0.5523 0.0479 0.8323
vn 0.5545 -0.0611 0.8299
vn 0.2437 0.0211 0.9696
vn 0.2424 -0.0267 0.9698
vn 0.5286 -0.1671 0.8323
vn 0.4889 -0.2687 0.8299
vn 0.2332 -0.0737 0.9696
vn 0.2137 -0.1174 0.9698
vn 0.4244 -0.3566 0.8323
vn 0.3488 -0.4353 0.8299
vn 0.1872 -0.1574 0.9696
vn 0.1525 -0.1903 0.9698
vn 0.2556 -0.4919 0.8323
vn 0.1557 -0.5357 0.8299
vn 0.1128 -0.2170 0.9696
vn 0.0681 -0.2342 0.9698
vn 0.0479 -0.5523 0.8323
vn -0.0611 -0.5545 0.8299
vn 0.0211 -0.2437 0.9696
vn -0.0267 -0.2424 0.9698
vn -0.1732 -0.5281 0.8313
vn -0.2675 -0.4876 0.8311
vn -0.0763 -0.2324 0.9696
vn -0.1178 -0.2147 0.9696
vn -0.3477 -0.4321 0.8321
vn -0.4362 -0.3501 0.8290
vn -0.1532 -0.1907 0.9696
vn -0.1895 -0.1521 0.9700
vn -0.4937 -0.2499 0.8330
vn -0.5355 -0.1556 0.8301
vn -0.2183 -0.1104 0.9696
vn -0.2343 -0.0681 0.9698
vn -0.5523 -0.0489 0.8322
vn -0.5545 0.0611 0.8299
vn -0.2436 -0.0216 0.9696
vn -0.2424 0.0267 0.9698
vn -0.5285 0.1672 0.8323
vn -0.4889 0.2687 0.8299
vn -0.2332 0.0738 0.9696
vn -0.2137 0.1174 0.9698
vn -0.4244 0.3566 0.8323
vn -0.3488 0.4353 0.8299
vn -0.1873 0.1574 0.9696
vn -0.1525 0.1903 0.9698
vn -0.2556 0.4919 0.8323
vn -0.1557 0.5357 0.8299
vn -0.1128 0.2170 0.9696
vn -0.0681 0.2342 0.9698
vn -0.0479 0.5523 0.8323
vn 0.0611 0.5545 0.8299
vn -0.0211 0.2437 0.9696
vn 0.0267 0.2424 0.9698
vn 0.1671 0.5286 0.8323
vn 0.2687 0.4889 0.8299
vn 0.0737 0.2332 0.9696
vn 0.1174 0.2137 0.9698
vn 0.3566 0.4244 0.8323
vn 0.4353 0.3488 0.8299
vn 0.1574 0.1872 0.9696
vn 0.1903 0.1525 0.9698
vn 0.9603 0.2791 0.0000
vn 0.0959 -0.0303 0.9949
vn 0.4432 -0.1401 0.8854
vn 0.4654 -0.0513 0.8836
vn 0.1016 -0.0112 0.9948
vn 0.1002 0.0087 0.9949
vn 0.4631 0.0402 0.8854
vn 0.0981 0.0285 0.9948
vn 0.0892 0.0464 0.9949
vn 0.0797 0.0639 0.9948
vn 0.0492 0.0896 0.9948
vn 0.0112 0.1016 0.9948
vn -0.0087 0.1002 0.9949
vn -0.0285 0.0981 0.9948
vn -0.0464 0.0892 0.9949
vn -0.0639 0.0797 0.9948
vn -0.4103 0.2255 0.8836
vn -0.0896 0.0492 0.9948
vn -0.4432 0.1402 0.8854
vn -0.4655 0.0513 0.8836
vn -0.1016 0.0112 0.9948
vn -0.1002 -0.0089 0.9949
vn -0.4632 -0.0410 0.8853
vn -0.4494 -0.1306 0.8837
vn -0.0980 -0.0285 0.9948
vn -0.0893 -0.0452 0.9950
vn -0.4139 -0.2094 0.8859
vn -0.3662 -0.2939 0.8829
vn -0.0803 -0.0644 0.9947
vn -0.0630 -0.0785 0.9949
vn -0.2915 -0.3624 0.8852
vn -0.2244 -0.4091 0.8845
vn -0.0487 -0.0888 0.9949
vn -0.0316 -0.0961 0.9949
vn -0.1453 -0.4431 0.8846
vn -0.0513 -0.4654 0.8836
vn -0.0112 -0.1016 0.9948
vn 0.0087 -0.1002 0.9949
vn 0.0402 -0.4631 0.8854
vn 0.1307 -0.4496 0.8836
vn 0.0464 -0.0892 0.9949
vn 0.2143 -0.4125 0.8854
vn 0.2928 -0.3654 0.8836
vn 0.0639 -0.0797 0.9948
vn 0.0770 -0.0647 0.9949
vn 0.3559 -0.2991 0.8854
vn 0.4104 -0.2255 0.8836
vn 0.0896 -0.0492 0.9948
vn 0.8233 -0.2603 0.5044
vn 0.8591 -0.0947 0.5029
vn 0.9426 -0.2980 0.1505
vn 0.9826 -0.1084 0.1506
vn 0.8602 0.0746 0.5044
vn 0.8300 0.2412 0.5029
vn 0.9849 0.0854 0.1505
vn 0.9493 0.2759 0.1506
vn 0.7662 0.3981 0.5044
vn 0.6745 0.5405 0.5029
vn 0.8773 0.4558 0.1505
vn 0.7715 0.6182 0.1506
vn 0.5555 0.6611 0.5044
vn 0.4163 0.7575 0.5029
vn 0.4762 0.8664 0.1506
vn 0.2603 0.8233 0.5044
vn 0.0947 0.8591 0.5029
vn 0.1084 0.9826 0.1506
vn -0.0746 0.8603 0.5044
vn -0.2412 0.8300 0.5029
vn -0.2759 0.9493 0.1506
vn -0.3981 0.7662 0.5044
vn -0.5405 0.6745 0.5029
vn -0.6182 0.7715 0.1506
vn -0.6611 0.5555 0.5044
vn -0.7575 0.4163 0.5029
vn -0.7569 0.6360 0.1505
vn -0.8232 0.2605 0.5044
vn -0.8591 0.0947 0.5029
vn -0.9426 0.2982 0.1505
vn -0.9826 0.1084 0.1507
vn -0.8602 -0.0761 0.5043
vn -0.8300 -0.2412 0.5030
vn -0.9848 -0.0871 0.1505
vn -0.9493 -0.2759 0.1506
vn -0.7700 -0.3900 0.5049
vn -0.6742 -0.5411 0.5027
vn -0.8820 -0.4466 0.1505
vn -0.7709 -0.6187 0.1510
vn -0.5416 -0.6726 0.5042
vn -0.4156 -0.7577 0.5032
vn -0.6200 -0.7700 0.1504
vn -0.4755 -0.8668 0.1502
vn -0.2690 -0.8210 0.5036
vn -0.0947 -0.8591 0.5029
vn -0.3078 -0.9395 0.1504
vn -0.1084 -0.9826 0.1506
vn 0.0746 -0.8603 0.5044
vn 0.2412 -0.8300 0.5029
vn 0.0854 -0.9849 0.1505
vn 0.3981 -0.7662 0.5044
vn 0.5405 -0.6745 0.5029
vn 0.4558 -0.8773 0.1505
vn 0.6182 -0.7715 0.1506
vn 0.6611 -0.5555 0.5044
vn 0.7575 -0.4163 0.5029
vn 0.7568 -0.6360 0.1505
vn 0.8664 -0.4762 0.1506
vn 0.8786 0.0762 -0.4715
vn 0.8476 0.2463 -0.4700
vn 0.6888 0.5519 -0.4700
vn 0.2658 0.8408 -0.4715
vn -0.5519 0.6888 -0.4700
vn -0.6751 0.5673 -0.4715
vn -0.8408 0.2660 -0.4715
vn -0.8773 0.0967 -0.4700
vn -0.8785 -0.0777 -0.4714
vn -0.8476 -0.2463 -0.4701
vn -0.7865 -0.3983 -0.4721
vn -0.6885 -0.5526 -0.4697
vn -0.5532 -0.6869 -0.4713
vn -0.4244 -0.7737 -0.4704
vn -0.2747 -0.8384 -0.4707
vn -0.0968 -0.8773 -0.4700
vn 0.0762 -0.8786 -0.4715
vn 0.2463 -0.8476 -0.4700
vn 0.4066 -0.7825 -0.4715
vn 0.5519 -0.6888 -0.4700
vn 0.6751 -0.5674 -0.4715
vn 0.7735 -0.4251 -0.4700
vn 0.8408 -0.2658 -0.4715
vn 0.8773 -0.0968 -0.4700
vn 0.4757 0.0413 -0.8786
vn 0.4619 0.1343 -0.8767
vn 0.1013 0.0088 -0.9948
vn 0.0993 0.0289 -0.9946
vn 0.4237 0.2202 -0.8786
vn 0.3754 0.3008 -0.8767
vn 0.0903 0.0469 -0.9948
vn 0.0807 0.0646 -0.9946
vn 0.3072 0.3656 -0.8786
vn 0.2317 0.4215 -0.8767
vn 0.0654 0.0779 -0.9948
vn 0.0498 0.0906 -0.9946
vn 0.1439 0.4553 -0.8786
vn 0.0307 0.0970 -0.9948
vn 0.0113 0.1027 -0.9946
vn -0.0413 0.4757 -0.8786
vn -0.1343 0.4619 -0.8767
vn -0.0289 0.0993 -0.9946
vn -0.2202 0.4237 -0.8786
vn -0.3008 0.3754 -0.8767
vn -0.0469 0.0903 -0.9948
vn -0.0646 0.0807 -0.9946
vn -0.3656 0.3072 -0.8786
vn -0.4215 0.2317 -0.8767
vn -0.0779 0.0654 -0.9948
vn -0.0906 0.0498 -0.9946
vn -0.4552 0.1441 -0.8786
vn -0.0970 0.0307 -0.9948
vn -0.1028 0.0113 -0.9946
vn -0.4758 -0.0421 -0.8785
vn -0.4617 -0.1342 -0.8768
vn -0.1014 -0.0090 -0.9948
vn -0.0991 -0.0288 -0.9947
vn -0.4251 -0.2151 -0.8792
vn -0.3762 -0.3020 -0.8759
vn -0.0904 -0.0457 -0.9949
vn -0.0812 -0.0652 -0.9946
vn -0.2994 -0.3723 -0.8785
vn -0.2305 -0.4202 -0.8776
vn -0.0638 -0.0794 -0.9948
vn -0.0493 -0.0898 -0.9947
vn -0.1493 -0.4551 -0.8778
vn -0.0319 -0.0972 -0.9947
vn 0.0413 -0.4757 -0.8786
vn 0.1343 -0.4619 -0.8767
vn 0.0088 -0.1013 -0.9948
vn 0.0289 -0.0993 -0.9946
vn 0.2202 -0.4237 -0.8786
vn 0.3008 -0.3754 -0.8767
vn 0.0469 -0.0903 -0.9948
vn 0.0646 -0.0807 -0.9946
vn 0.3656 -0.3072 -0.8786
vn 0.4215 -0.2317 -0.8767
vn 0.0779 -0.0654 -0.9948
vn 0.0906 -0.0498 -0.9946
vn 0.4553 -0.1439 -0.8786
vn 0.4781 -0.0527 -0.8767
vn 0.0970 -0.0307 -0.9948
vn 0.1027 -0.0113 -0.9946
vn 0.9550 0.2792 -0.1000
vn 0.9598 0.2806 0.0000
vn 0.9961 0.0882 0.0000
vn 0.9911 0.0877 -0.0999
vn 0.7755 0.6234 -0.1000
vn 0.7794 0.6265 -0.0000
vn 0.8867 0.4624 -0.0000
vn 0.8823 0.4601 -0.0999
vn 0.4779 0.8727 -0.1000
vn 0.4803 0.8771 -0.0000
vn 0.6422 0.7665 -0.0000
vn 0.6390 0.7627 -0.0999
vn 0.1076 0.9892 -0.1000
vn 0.1081 0.9941 -0.0000
vn 0.3000 0.9539 0.0000
vn 0.2985 0.9492 -0.0999
vn -0.2791 0.9550 -0.1000
vn -0.2806 0.9598 -0.0000
vn -0.0879 0.9961 -0.0000
vn -0.0875 0.9911 -0.0999
vn -0.6234 0.7755 -0.1000
vn -0.6265 0.7794 -0.0000
vn -0.4624 0.8867 -0.0000
vn -0.4601 0.8822 -0.0999
vn -0.8727 0.4779 -0.1000
vn -0.8771 0.4803 0.0000
vn -0.7665 0.6422 -0.0000
vn -0.7627 0.6390 -0.0999
vn -0.9892 0.1076 -0.1000
vn -0.9941 0.1081 0.0000
vn -0.9539 0.3000 0.0000
vn -0.9492 0.2985 -0.0999
vn -0.9550 -0.2791 -0.1000
vn -0.9598 -0.2806 -0.0000
vn -0.9961 -0.0879 0.0000
vn -0.9911 -0.0875 -0.0999
vn -0.7755 -0.6234 -0.1000
vn -0.7794 -0.6265 -0.0000
vn -0.8867 -0.4624 -0.0000
vn -0.8822 -0.4601 -0.0999
vn -0.4779 -0.8727 -0.1000
vn -0.4803 -0.8771 -0.0000
vn -0.6422 -0.7665 -0.0000
vn -0.6390 -0.7627 -0.0999
vn -0.1076 -0.9892 -0.1000
vn -0.1081 -0.9941 -0.0000
vn -0.3000 -0.9539 0.0000
vn -0.2985 -0.9492 -0.0999
vn 0.2784 -0.9553 -0.0997
vn 0.2798 -0.9601 -0.0000
vn 0.0984 -0.9952 -0.0000
vn 0.0978 -0.9902 -0.0998
vn 0.4436 -0.8962 0.0000
vn 0.4415 -0.8917 -0.0999
vn 0.9892 -0.1076 -0.1000
vn 0.9941 -0.1081 0.0000
vn 0.9534 -0.3016 0.0000
vn 0.9487 -0.3001 -0.0999
vn 0.8855 0.4617 0.0524
vn 0.9585 0.2802 0.0526
vn 0.6413 0.7655 0.0524
vn 0.7783 0.6256 0.0526
vn 0.2996 0.9526 0.0524
vn 0.4797 0.8759 0.0526
vn -0.0878 0.9948 0.0524
vn 0.1080 0.9928 0.0526
vn -0.4618 0.8854 0.0524
vn -0.2802 0.9585 0.0526
vn -0.7655 0.6413 0.0524
vn -0.6256 0.7783 0.0526
vn -0.9526 0.2996 0.0524
vn -0.8759 0.4797 0.0526
vn -0.9948 -0.0878 0.0524
vn -0.9928 0.1080 0.0526
vn -0.8854 -0.4618 0.0524
vn -0.9585 -0.2802 0.0526
vn -0.6413 -0.7655 0.0524
vn -0.7783 -0.6256 0.0526
vn -0.2996 -0.9526 0.0524
vn -0.4797 -0.8759 0.0526
vn 0.0982 -0.9938 0.0524
vn -0.1080 -0.9928 0.0526
vn 0.4430 -0.8950 0.0524
vn 0.2794 -0.9588 0.0523
vn 0.4431 -0.8950 0.0524
vn 0.9521 -0.3012 0.0524
vn 0.9947 0.0881 0.0524
vn 0.9928 -0.1080 0.0526
vn 0.8137 0.4243 0.3974
vn 0.8812 0.2576 0.3964
vn 0.9569 0.2797 0.0784
vn 0.8840 0.4610 0.0782
vn 0.9141 0.0809 0.3974
vn 0.9127 -0.0993 0.3964
vn 0.9911 -0.1078 0.0784
vn 0.9931 0.0879 0.0782
vn 0.8749 -0.2768 0.3973
vn 0.9505 -0.3007 0.0782
vn 0.4073 -0.8224 0.3972
vn 0.2568 -0.8814 0.3965
vn 0.2789 -0.9571 0.0781
vn 0.4424 -0.8934 0.0782
vn 0.0902 -0.9135 0.3968
vn -0.0993 -0.9127 0.3964
vn -0.1078 -0.9911 0.0784
vn 0.0980 -0.9921 0.0782
vn -0.2753 -0.8754 0.3974
vn -0.4410 -0.8052 0.3964
vn -0.4789 -0.8744 0.0784
vn -0.2991 -0.9510 0.0782
vn -0.5893 -0.7034 0.3974
vn -0.7155 -0.5752 0.3964
vn -0.7770 -0.6246 0.0784
vn -0.6402 -0.7642 0.0782
vn -0.8137 -0.4243 0.3974
vn -0.8812 -0.2576 0.3964
vn -0.9569 -0.2797 0.0784
vn -0.8839 -0.4610 0.0782
vn -0.9141 -0.0807 0.3974
vn -0.9127 0.0993 0.3964
vn -0.9911 0.1078 0.0784
vn -0.9931 -0.0876 0.0782
vn -0.8754 0.2753 0.3974
vn -0.8052 0.4410 0.3964
vn -0.8744 0.4789 0.0784
vn -0.9510 0.2991 0.0782
vn -0.7034 0.5893 0.3974
vn -0.5752 0.7155 0.3964
vn -0.6246 0.7770 0.0784
vn -0.7642 0.6402 0.0782
vn -0.4243 0.8137 0.3974
vn -0.2576 0.8812 0.3964
vn -0.2797 0.9569 0.0784
vn -0.4610 0.8839 0.0782
vn -0.0807 0.9141 0.3974
vn 0.0993 0.9127 0.3964
vn 0.1078 0.9911 0.0784
vn -0.0876 0.9931 0.0782
vn 0.2753 0.8754 0.3974
vn 0.4410 0.8052 0.3964
vn 0.4788 0.8744 0.0784
vn 0.2991 0.9510 0.0782
vn 0.5893 0.7034 0.3974
vn 0.7155 0.5752 0.3964
vn 0.7770 0.6246 0.0784
vn 0.6402 0.7642 0.0782
vn 0.4915 0.2563 0.8323
vn 0.5354 0.1565 0.8300
vn 0.2167 0.1130 0.9697
vn 0.2339 0.0684 0.9699
vn 0.5521 0.0489 0.8324
vn 0.5545 -0.0603 0.8300
vn 0.2435 0.0216 0.9697
vn 0.2422 -0.0264 0.9699
vn 0.5286 -0.1672 0.8322
vn 0.2330 -0.0737 0.9697
vn 0.2459 -0.4971 0.8321
vn 0.1556 -0.5339 0.8311
vn 0.1082 -0.2192 0.9697
vn 0.0684 -0.2349 0.9696
vn 0.0548 -0.5530 0.8314
vn -0.0603 -0.5545 0.8300
vn 0.0242 -0.2432 0.9697
vn -0.0264 -0.2423 0.9699
vn -0.1663 -0.5287 0.8323
vn -0.2679 -0.4892 0.8300
vn -0.0733 -0.2332 0.9697
vn -0.1171 -0.2137 0.9699
vn -0.3560 -0.4249 0.8323
vn -0.4347 -0.3494 0.8300
vn -0.1570 -0.1874 0.9697
vn -0.1899 -0.1527 0.9699
vn -0.4914 -0.2563 0.8323
vn -0.5354 -0.1565 0.8300
vn -0.2167 -0.1130 0.9697
vn -0.2339 -0.0684 0.9699
vn -0.5521 -0.0487 0.8323
vn -0.5545 0.0603 0.8300
vn -0.2435 -0.0215 0.9697
vn -0.2423 0.0264 0.9699
vn -0.5287 0.1663 0.8323
vn -0.4892 0.2679 0.8300
vn -0.2332 0.0733 0.9697
vn -0.2137 0.1171 0.9699
vn -0.4249 0.3560 0.8323
vn -0.3494 0.4347 0.8300
vn -0.1874 0.1570 0.9697
vn -0.1527 0.1899 0.9699
vn -0.2563 0.4914 0.8323
vn -0.1565 0.5354 0.8300
vn -0.1130 0.2167 0.9697
vn -0.0684 0.2339 0.9699
vn -0.0487 0.5521 0.8323
vn 0.0603 0.5545 0.8300
vn -0.0215 0.2435 0.9697
vn 0.0264 0.2423 0.9699
vn 0.1663 0.5287 0.8323
vn 0.2679 0.4892 0.8300
vn 0.0733 0.2332 0.9697
vn 0.1171 0.2137 0.9699
vn 0.3559 0.4249 0.8323
vn 0.4347 0.3494 0.8300
vn 0.1570 0.1874 0.9697
vn 0.1899 0.1527 0.9699
vn 0.9598 0.2806 -0.0000
vn 0.1081 0.9941 0.0000
vn -0.4803 -0.8771 0.0000
vn -0.1081 -0.9941 0.0000
vn 0.4436 -0.8962 -0.0000
vn 0.6259 -0.7799 -0.0000
vn 0.9534 -0.3016 -0.0000
vn 0.9961 0.0882 -0.0000
vn 0.0960 -0.0304 0.9949
vn 0.4433 -0.1403 0.8853
vn 0.4655 -0.0506 0.8836
vn 0.1017 -0.0111 0.9948
vn 0.1002 0.0089 0.9949
vn 0.4630 0.0410 0.8854
vn 0.4494 0.1314 0.8836
vn 0.0982 0.0287 0.9948
vn 0.0892 0.0465 0.9949
vn 0.4122 0.2149 0.8854
vn 0.3650 0.2934 0.8836
vn 0.0797 0.0641 0.9948
vn 0.0646 0.0771 0.9949
vn 0.2985 0.3563 0.8854
vn 0.2249 0.4107 0.8836
vn 0.0491 0.0897 0.9948
vn 0.0302 0.0960 0.9949
vn 0.1394 0.4434 0.8854
vn 0.0506 0.4655 0.8836
vn 0.0111 0.1017 0.9948
vn -0.0089 0.1002 0.9949
vn -0.0409 0.4630 0.8854
vn -0.1314 0.4494 0.8836
vn -0.0287 0.0982 0.9948
vn -0.0465 0.0892 0.9949
vn -0.2150 0.4122 0.8854
vn -0.2933 0.3650 0.8836
vn -0.0641 0.0797 0.9948
vn -0.0771 0.0646 0.9949
vn -0.3563 0.2985 0.8854
vn -0.4107 0.2249 0.8836
vn -0.0897 0.0491 0.9948
vn -0.0960 0.0302 0.9949
vn -0.4434 0.1394 0.8854
vn -0.4655 0.0506 0.8836
vn -0.1017 0.0111 0.9948
vn -0.4630 -0.0409 0.8854
vn -0.4494 -0.1314 0.8836
vn -0.0982 -0.0287 0.9948
vn -0.0892 -0.0465 0.9949
vn -0.4122 -0.2150 0.8854
vn -0.3650 -0.2933 0.8836
vn -0.0797 -0.0641 0.9948
vn -0.0646 -0.0771 0.9949
vn -0.2985 -0.3563 0.8854
vn -0.2249 -0.4107 0.8836
vn -0.0491 -0.0897 0.9948
vn -0.0302 -0.0960 0.9949
vn -0.1394 -0.4434 0.8854
vn -0.0506 -0.4655 0.8836
vn -0.0111 -0.1017 0.9948
vn 0.0100 -0.1008 0.9949
vn 0.0460 -0.4640 0.8846
vn 0.1305 -0.4480 0.8845
vn 0.0284 -0.0973 0.9948
vn 0.0446 -0.0903 0.9949
vn 0.2062 -0.4169 0.8852
vn 0.8233 -0.2604 0.5044
vn 0.8592 -0.0935 0.5030
vn 0.9426 -0.2982 0.1505
vn 0.9828 -0.1069 0.1507
vn 0.8601 0.0761 0.5045
vn 0.8296 0.2425 0.5030
vn 0.9848 0.0872 0.1505
vn 0.9489 0.2774 0.1506
vn 0.7656 0.3992 0.5044
vn 0.6736 0.5415 0.5030
vn 0.8766 0.4571 0.1505
vn 0.7705 0.6194 0.1507
vn 0.5545 0.6619 0.5045
vn 0.4151 0.7581 0.5030
vn 0.6349 0.7578 0.1505
vn 0.4748 0.8671 0.1507
vn 0.2590 0.8237 0.5045
vn 0.0934 0.8592 0.5030
vn 0.2966 0.9431 0.1505
vn 0.1069 0.9828 0.1507
vn -0.0759 0.8601 0.5045
vn -0.2425 0.8296 0.5030
vn -0.0869 0.9848 0.1505
vn -0.2774 0.9489 0.1507
vn -0.3993 0.7656 0.5045
vn -0.5415 0.6736 0.5030
vn -0.4571 0.8766 0.1505
vn -0.6194 0.7705 0.1507
vn -0.6618 0.5545 0.5045
vn -0.7581 0.4151 0.5030
vn -0.7578 0.6349 0.1505
vn -0.8671 0.4748 0.1507
vn -0.8237 0.2590 0.5045
vn -0.8592 0.0934 0.5030
vn -0.9431 0.2966 0.1505
vn -0.9828 0.1069 0.1506
vn -0.8601 -0.0759 0.5045
vn -0.8296 -0.2425 0.5030
vn -0.9848 -0.0869 0.1505
vn -0.9489 -0.2774 0.1507
vn -0.7656 -0.3993 0.5045
vn -0.6736 -0.5415 0.5030
vn -0.8766 -0.4571 0.1505
vn -0.7705 -0.6194 0.1506
vn -0.5545 -0.6618 0.5045
vn -0.4151 -0.7581 0.5030
vn -0.6349 -0.7578 0.1505
vn -0.4748 -0.8671 0.1506
vn -0.2590 -0.8237 0.5045
vn -0.0934 -0.8592 0.5030
vn -0.2966 -0.9431 0.1505
vn -0.1069 -0.9828 0.1507
vn 0.0849 -0.8597 0.5036
vn 0.2417 -0.8296 0.5033
vn 0.0972 -0.9838 0.1504
vn 0.2766 -0.9492 0.1502
vn 0.3832 -0.7739 0.5043
vn 0.4387 -0.8860 0.1504
vn 0.8784 0.0778 -0.4715
vn 0.8472 0.2476 -0.4700
vn 0.7819 0.4078 -0.4715
vn 0.6879 0.5530 -0.4700
vn 0.5663 0.6760 -0.4715
vn 0.4240 0.7742 -0.4700
vn 0.2646 0.8412 -0.4715
vn 0.0954 0.8775 -0.4700
vn -0.0775 0.8785 -0.4715
vn -0.2476 0.8472 -0.4700
vn -0.4078 0.7819 -0.4715
vn -0.5530 0.6880 -0.4700
vn -0.6760 0.5664 -0.4715
vn -0.7742 0.4240 -0.4700
vn -0.8412 0.2646 -0.4715
vn -0.8775 0.0954 -0.4700
vn -0.8785 -0.0775 -0.4715
vn -0.8472 -0.2476 -0.4700
vn -0.7819 -0.4078 -0.4715
vn -0.6880 -0.5530 -0.4700
vn -0.5664 -0.6760 -0.4715
vn -0.4240 -0.7742 -0.4700
vn -0.2646 -0.8412 -0.4715
vn -0.0954 -0.8775 -0.4700
vn 0.0867 -0.8780 -0.4707
vn 0.2469 -0.8472 -0.4704
vn 0.3914 -0.7904 -0.4713
vn 0.8408 -0.2660 -0.4714
vn 0.8775 -0.0954 -0.4700
vn 0.4756 0.0421 -0.8787
vn 0.4616 0.1349 -0.8768
vn 0.1012 0.0090 -0.9948
vn 0.0991 0.0290 -0.9947
vn 0.4233 0.2208 -0.8787
vn 0.3749 0.3013 -0.8767
vn 0.0901 0.0470 -0.9948
vn 0.0805 0.0647 -0.9947
vn 0.3066 0.3660 -0.8787
vn 0.2310 0.4218 -0.8767
vn 0.0653 0.0779 -0.9948
vn 0.0496 0.0906 -0.9947
vn 0.1432 0.4555 -0.8787
vn 0.0520 0.4781 -0.8767
vn 0.0305 0.0970 -0.9948
vn 0.0112 0.1027 -0.9947
vn -0.0420 0.4756 -0.8787
vn -0.1349 0.4616 -0.8767
vn -0.0089 0.1012 -0.9948
vn -0.0290 0.0991 -0.9947
vn -0.2208 0.4233 -0.8787
vn -0.3013 0.3749 -0.8767
vn -0.0470 0.0901 -0.9948
vn -0.0647 0.0805 -0.9947
vn -0.3660 0.3066 -0.8787
vn -0.4218 0.2310 -0.8767
vn -0.0779 0.0653 -0.9948
vn -0.0906 0.0496 -0.9947
vn -0.4555 0.1432 -0.8787
vn -0.4781 0.0520 -0.8767
vn -0.0970 0.0305 -0.9948
vn -0.1027 0.0112 -0.9947
vn -0.4756 -0.0420 -0.8787
vn -0.4616 -0.1349 -0.8767
vn -0.1012 -0.0089 -0.9948
vn -0.0991 -0.0290 -0.9947
vn -0.4233 -0.2208 -0.8787
vn -0.3749 -0.3013 -0.8767
vn -0.0901 -0.0470 -0.9948
vn -0.0805 -0.0647 -0.9947
vn -0.3066 -0.3660 -0.8787
vn -0.2310 -0.4218 -0.8767
vn -0.0653 -0.0779 -0.9948
vn -0.0496 -0.0906 -0.9947
vn -0.1432 -0.4555 -0.8787
vn -0.0520 -0.4781 -0.8767
vn -0.0305 -0.0970 -0.9948
vn -0.0112 -0.1027 -0.9947
vn 0.0472 -0.4766 -0.8779
vn 0.1341 -0.4601 -0.8777
vn 0.0101 -0.1018 -0.9948
vn 0.0286 -0.0983 -0.9947
vn 0.2117 -0.4282 -0.8785
vn 0.0450 -0.0912 -0.9948
vn 0.4554 -0.1441 -0.8786
vn 0.4782 -0.0520 -0.8767
vn 0.1027 -0.0112 -0.9946
vn 0.8870 0.4617 0.0000
vn 0.6428 0.7660 0.0000
vn 0.3007 0.9537 0.0000
vn -0.4617 0.8870 0.0000
vn -0.7660 0.6428 0.0000
vn -0.9537 0.3007 0.0000
vn -0.8870 -0.4617 0.0000
vn -0.6428 -0.7660 0.0000
vn -0.3007 -0.9537 0.0000
vn 0.4617 -0.8870 0.0000
vn 0.7660 -0.6428 0.0000
vn 0.9537 -0.3007 0.0000
vn 0.6211 0.3233 -0.7139
vn 0.6976 0.0610 -0.7139
vn 0.4501 0.5364 -0.7139
vn 0.2106 0.6678 -0.7139
vn -0.0610 0.6975 -0.7139
vn -0.3233 0.6211 -0.7139
vn -0.5364 0.4501 -0.7139
vn -0.6678 0.2106 -0.7139
vn -0.6976 -0.0610 -0.7139
vn -0.6211 -0.3233 -0.7139
vn -0.4501 -0.5364 -0.7139
vn -0.2106 -0.6678 -0.7139
vn 0.0610 -0.6975 -0.7139
vn 0.3233 -0.6211 -0.7139
vn 0.5364 -0.4501 -0.7139
vn 0.6678 -0.2106 -0.7139
vn 0.6975 0.0610 -0.7139
vn -0.0610 0.6976 -0.7139
vn -0.6975 -0.0610 -0.7139
vn 0.0610 -0.6976 -0.7139
vn -0.6042 -0.7968 0.0000
vn -0.8196 -0.5729 0.0000
vn -0.0175 -0.9998 0.0000
vn -0.3409 -0.9401 0.0000
vn 0.5738 -0.8190 -0.0000
vn 0.3191 -0.9477 -0.0000
vn 0.3191 -0.9477 0.0000
vn 0.9446 -0.3282 -0.0000
vn 0.7888 -0.6147 -0.0000
vn 0.9571 0.2897 -0.0000
vn 0.9998 -0.0202 -0.0000
vn 0.6040 0.7970 -0.0000
vn 0.6040 0.7970 0.0000
vn 0.8207 0.5713 0.0000
vn 0.8207 0.5713 -0.0000
vn 0.0202 0.9998 -0.0000
vn 0.3282 0.9446 -0.0000
vn -0.5713 0.8207 0.0000
vn -0.2897 0.9571 -0.0000
vn -0.9446 0.3282 -0.0000
vn -0.7970 0.6040 -0.0000
vn -0.7970 0.6040 0.0000
vn -0.9571 -0.2897 -0.0000
vn -0.9571 -0.2897 0.0000
vn -0.9998 0.0205 -0.0000
vn -0.3933 0.9194 -0.0000
vn -0.0902 0.9959 -0.0000
vn -0.8586 0.5126 -0.0000
vn -0.6581 0.7529 -0.0000
vn -0.9959 -0.0899 -0.0000
vn -0.9750 0.2222 -0.0000
vn -0.7547 -0.6561 -0.0000
vn -0.9147 -0.4041 -0.0000
vn -0.2277 -0.9737 -0.0000
vn -0.5274 -0.8496 -0.0000
vn 0.3882 -0.9216 -0.0000
vn 0.0841 -0.9965 -0.0000
vn 0.8556 -0.5176 -0.0000
vn 0.6554 -0.7553 -0.0000
vn 0.9962 0.0872 -0.0000
vn 0.9706 -0.2408 -0.0000
vn 0.7527 0.6583 -0.0000
vn 0.9140 0.4057 -0.0000
vn 0.2223 0.9750 0.0000
vn 0.2223 0.9750 -0.0000
vn 0.5143 0.8576 0.0000
vn 0.5143 0.8576 -0.0000
vn 0.9925 -0.1219 -0.0000
vn 0.9925 -0.1219 0.0000
vn 0.8993 -0.4373 -0.0000
vn 0.8745 0.4850 -0.0000
vn 0.9759 0.2183 -0.0000
vn 0.4251 0.9051 -0.0000
vn 0.6938 0.7202 -0.0000
vn -0.1881 0.9822 -0.0000
vn 0.1246 0.9922 -0.0000
vn -0.7294 0.6840 -0.0000
vn -0.4824 0.8760 -0.0000
vn -0.9922 0.1246 -0.0000
vn -0.9922 0.1246 0.0000
vn -0.9051 0.4251 -0.0000
vn -0.8760 -0.4824 0.0000
vn -0.9822 -0.1881 0.0000
vn -0.4252 -0.9051 0.0000
vn -0.6840 -0.7295 0.0000
vn 0.1881 -0.9821 0.0000
vn -0.1249 -0.9922 0.0000
vn 0.7293 -0.6842 0.0000
vn 0.7293 -0.6842 -0.0000
vn 0.4841 -0.8750 0.0000
vn 0.9683 0.2499 0.0000
vn 0.9139 0.4059 0.0000
vn 0.8346 0.5508 0.0000
vn 0.7326 0.6807 0.0000
vn 0.6106 0.7920 0.0000
vn 0.4719 0.8817 0.0000
vn 0.3204 0.9473 0.0000
vn 0.1601 0.9871 0.0000
vn -0.0046 1.0000 0.0000
vn -0.1691 0.9856 0.0000
vn -0.3290 0.9443 0.0000
vn -0.4800 0.8773 0.0000
vn -0.6178 0.7863 0.0000
vn -0.7388 0.6739 0.0000
vn -0.8397 0.5431 0.0000
vn -0.9176 0.3975 0.0000
vn -0.9705 0.2410 0.0000
vn -0.9970 0.0780 0.0000
vn -0.9683 -0.2499 0.0000
vn -0.9139 -0.4059 0.0000
vn -0.8346 -0.5508 0.0000
vn -0.7326 -0.6807 0.0000
vn -0.6106 -0.7920 0.0000
vn -0.4719 -0.8817 0.0000
vn -0.3204 -0.9473 0.0000
vn -0.1601 -0.9871 0.0000
vn 0.0046 -1.0000 0.0000
vn 0.1691 -0.9856 0.0000
vn 0.3290 -0.9443 0.0000
vn 0.4800 -0.8773 0.0000
vn 0.6178 -0.7863 0.0000
vn 0.7388 -0.6739 0.0000
vn 0.8397 -0.5431 0.0000
vn 0.9176 -0.3975 0.0000
vn 0.9705 -0.2410 0.0000
vn 0.9970 -0.0780 0.0000
vn 0.0000 -0.0000 1.0000
# 4910 vertex normals

vt 0.2854 0.0000 -0.1205
vt 0.2583 0.0000 -0.1806
vt 0.2329 0.0000 -0.2393
vt 0.3125 0.0000 -0.0605
vt 0.2075 0.0000 -0.2981
vt 0.7500 0.0000 1.0000
vt 0.1843 0.0000 -0.3546
vt 0.1610 0.0000 -0.4112
vt 0.1403 0.0000 -0.4648
vt 0.1195 0.0000 -0.5183
vt 0.0536 0.0000 -0.7084
vt 0.1015 0.0000 -0.5681
vt 0.0835 0.0000 -0.6179
vt 0.0686 0.0000 -0.6632
vt 0.0419 0.0000 -0.7486
vt 0.0302 0.0000 -0.7887
vt 0.0219 0.0000 -0.8230
vt 0.0136 0.0000 -0.8574
vt 0.0020 0.0000 -0.9565
vt 0.0089 0.0000 -0.8855
vt 0.0042 0.0000 -0.9136
vt 0.0031 0.0000 -0.9351
vt 0.0045 0.0000 -0.9710
vt 0.0070 0.0000 -0.9855
vt 0.0131 0.0000 -0.9928
vt 0.0192 0.0000 -1.0001
vt 0.0644 0.0000 -0.9855
vt 0.0288 0.0000 -1.0001
vt 0.0384 0.0000 -1.0001
vt 0.0514 0.0000 -0.9928
vt 0.4515 0.0000 -0.4112
vt 0.0806 0.0000 -0.9710
vt 0.0967 0.0000 -0.9565
vt 0.1158 0.0000 -0.9351
vt 0.1349 0.0000 -0.9136
vt 0.2266 0.0000 -0.7887
vt 0.1567 0.0000 -0.8855
vt 0.1784 0.0000 -0.8574
vt 0.2025 0.0000 -0.8230
vt 0.2527 0.0000 -0.7486
vt 0.2788 0.0000 -0.7084
vt 0.3065 0.0000 -0.6632
vt 0.3343 0.0000 -0.6179
vt 0.3632 0.0000 -0.5681
vt 0.3921 0.0000 -0.5183
vt 0.4218 0.0000 -0.4648
vt 0.4816 0.0000 -0.3546
vt 0.5116 0.0000 -0.2981
vt 0.5416 0.0000 -0.2393
vt 0.5716 0.0000 -0.1806
vt 0.6875 0.0000 0.0605
vt 0.6010 0.0000 -0.1206
vt 0.6305 0.0000 -0.0605
vt 0.6590 0.0000 -0.0000
vt 0.7146 0.0000 0.1205
vt 0.7417 0.0000 0.1806
vt 0.7671 0.0000 0.2393
vt 0.7925 0.0000 0.2980
vt 0.8805 0.0000 0.5183
vt 0.8157 0.0000 0.3546
vt 0.8389 0.0000 0.4112
vt 0.8597 0.0000 0.4647
vt 0.9808 0.0000 1.0000
vt 0.8985 0.0000 0.5681
vt 0.9165 0.0000 0.6178
vt 0.9314 0.0000 0.6631
vt 0.9464 0.0000 0.7084
vt 0.9863 0.0000 0.8573
vt 0.9581 0.0000 0.7485
vt 0.9698 0.0000 0.7886
vt 0.9781 0.0000 0.8230
vt 0.9911 0.0000 0.8855
vt 0.9958 0.0000 0.9136
vt 0.9969 0.0000 0.9350
vt 0.9980 0.0000 0.9565
vt 0.9955 0.0000 0.9709
vt 0.9930 0.0000 0.9854
vt 0.9869 0.0000 0.9927
vt 0.8269 0.0000 1.0000
vt 0.9712 0.0000 1.0000
vt 0.9615 0.0000 1.0000
vt 0.9519 0.0000 1.0000
vt 0.9423 0.0000 1.0000
vt 0.9038 0.0000 1.0000
vt 0.9327 0.0000 1.0000
vt 0.9231 0.0000 1.0000
vt 0.9135 0.0000 1.0000
vt 0.8942 0.0000 1.0000
vt 0.8846 0.0000 1.0000
vt 0.8750 0.0000 1.0000
vt 0.8654 0.0000 1.0000
vt 0.8558 0.0000 1.0000
vt 0.8462 0.0000 1.0000
vt 0.8365 0.0000 1.0000
vt 0.8173 0.0000 1.0000
vt 0.8077 0.0000 1.0000
vt 0.7981 0.0000 1.0000
vt 0.7885 0.0000 1.0000
vt 0.7788 0.0000 1.0000
vt 0.7692 0.0000 1.0000
vt 0.7596 0.0000 1.0000
vt 0.3410 0.0000 0.0000
vt 0.5598 0.0000 0.5303
vt 0.3695 0.0000 0.0605
vt 0.7692 0.9200 1.0000
vt 0.7596 0.9200 1.0000
vt 0.7596 0.0800 1.0000
vt 0.7692 0.0800 1.0000
vt 0.7885 0.9200 1.0000
vt 0.7788 0.9200 1.0000
vt 0.7788 0.0800 1.0000
vt 0.7885 0.0800 1.0000
vt 0.8077 0.9200 1.0000
vt 0.7981 0.9200 1.0000
vt 0.7981 0.0800 1.0000
vt 0.8077 0.0800 1.0000
vt 0.8269 0.9200 1.0000
vt 0.8173 0.9200 1.0000
vt 0.8173 0.0800 1.0000
vt 0.8269 0.0800 1.0000
vt 0.8462 0.9200 1.0000
vt 0.8365 0.9200 1.0000
vt 0.8365 0.0800 1.0000
vt 0.8462 0.0800 1.0000
vt 0.8654 0.9200 1.0000
vt 0.8558 0.9200 1.0000
vt 0.8558 0.0800 1.0000
vt 0.8654 0.0800 1.0000
vt 0.8846 0.9200 1.0000
vt 0.8750 0.9200 1.0000
vt 0.8750 0.0800 1.0000
vt 0.8846 0.0800 1.0000
vt 0.9038 0.9200 1.0000
vt 0.8942 0.9200 1.0000
vt 0.8942 0.0800 1.0000
vt 0.9038 0.0800 1.0000
vt 0.9231 0.9200 1.0000
vt 0.9135 0.9200 1.0000
vt 0.9135 0.0800 1.0000
vt 0.9231 0.0800 1.0000
vt 0.9423 0.9200 1.0000
vt 0.9327 0.9200 1.0000
vt 0.9327 0.0800 1.0000
vt 0.9423 0.0800 1.0000
vt 0.9615 0.9200 1.0000
vt 0.9519 0.9200 1.0000
vt 0.9519 0.0800 1.0000
vt 0.9615 0.0800 1.0000
vt 0.9808 0.9200 1.0000
vt 0.9712 0.9200 1.0000
vt 0.9712 0.0800 1.0000
vt 0.9808 0.0800 1.0000
vt 0.0000 0.9200 1.0000
vt -0.0096 0.9200 1.0000
vt -0.0096 0.0800 1.0000
vt 0.0000 0.0800 1.0000
vt 0.0192 0.9200 1.0000
vt 0.0096 0.9200 1.0000
vt 0.0096 0.0800 1.0000
vt 0.0192 0.0800 1.0000
vt 0.0385 0.9200 1.0000
vt 0.0288 0.9200 1.0000
vt 0.0288 0.0800 1.0000
vt 0.0385 0.0800 1.0000
vt 0.0577 0.9200 1.0000
vt 0.0481 0.9200 1.0000
vt 0.0481 0.0800 1.0000
vt 0.0577 0.0800 1.0000
vt 0.0769 0.9200 1.0000
vt 0.0673 0.9200 1.0000
vt 0.0673 0.0800 1.0000
vt 0.0769 0.0800 1.0000
vt 0.0962 0.9200 1.0000
vt 0.0865 0.9200 1.0000
vt 0.0865 0.0800 1.0000
vt 0.0962 0.0800 1.0000
vt 0.1154 0.9200 1.0000
vt 0.1058 0.9200 1.0000
vt 0.1058 0.0800 1.0000
vt 0.1154 0.0800 1.0000
vt 0.1346 0.9200 1.0000
vt 0.1250 0.9200 1.0000
vt 0.1250 0.0800 1.0000
vt 0.1346 0.0800 1.0000
vt 0.1538 0.9200 1.0000
vt 0.1442 0.9200 1.0000
vt 0.1442 0.0800 1.0000
vt 0.1538 0.0800 1.0000
vt 0.1731 0.9200 1.0000
vt 0.1635 0.9200 1.0000
vt 0.1635 0.0800 1.0000
vt 0.1731 0.0800 1.0000
vt 0.1923 0.9200 1.0000
vt 0.1827 0.9200 1.0000
vt 0.1827 0.0800 1.0000
vt 0.1923 0.0800 1.0000
vt 0.2115 0.9200 1.0000
vt 0.2019 0.9200 1.0000
vt 0.2019 0.0800 1.0000
vt 0.2115 0.0800 1.0000
vt 0.2308 0.9200 1.0000
vt 0.2212 0.9200 1.0000
vt 0.2212 0.0800 1.0000
vt 0.2308 0.0800 1.0000
vt 0.2500 0.9200 1.0000
vt 0.2404 0.9200 1.0000
vt 0.2404 0.0800 1.0000
vt 0.2500 0.0800 1.0000
vt 0.2692 0.9200 1.0000
vt 0.2596 0.9200 1.0000
vt 0.2596 0.0800 1.0000
vt 0.2692 0.0800 1.0000
vt 0.2885 0.9200 1.0000
vt 0.2788 0.9200 1.0000
vt 0.2788 0.0800 1.0000
vt 0.2885 0.0800 1.0000
vt 0.3077 0.9200 1.0000
vt 0.2981 0.9200 1.0000
vt 0.2981 0.0800 1.0000
vt 0.3077 0.0800 1.0000
vt 0.3269 0.9200 1.0000
vt 0.3173 0.9200 1.0000
vt 0.3173 0.0800 1.0000
vt 0.3269 0.0800 1.0000
vt 0.3462 0.9200 1.0000
vt 0.3365 0.9200 1.0000
vt 0.3365 0.0800 1.0000
vt 0.3462 0.0800 1.0000
vt 0.3654 0.9200 1.0000
vt 0.3558 0.9200 1.0000
vt 0.3558 0.0800 1.0000
vt 0.3654 0.0800 1.0000
vt 0.3846 0.9200 1.0000
vt 0.3750 0.9200 1.0000
vt 0.3750 0.0800 1.0000
vt 0.3846 0.0800 1.0000
vt 0.4038 0.9200 1.0000
vt 0.3942 0.9200 1.0000
vt 0.3942 0.0800 1.0000
vt 0.4038 0.0800 1.0000
vt 0.4231 0.9200 1.0000
vt 0.4135 0.9200 1.0000
vt 0.4135 0.0800 1.0000
vt 0.4231 0.0800 1.0000
vt 0.4423 0.9200 1.0000
vt 0.4327 0.9200 1.0000
vt 0.4327 0.0800 1.0000
vt 0.4423 0.0800 1.0000
vt 0.4615 0.9200 1.0000
vt 0.4519 0.9200 1.0000
vt 0.4519 0.0800 1.0000
vt 0.4615 0.0800 1.0000
vt 0.4808 0.9200 1.0000
vt 0.4712 0.9200 1.0000
vt 0.4712 0.0800 1.0000
vt 0.4808 0.0800 1.0000
vt 0.5000 0.9200 1.0000
vt 0.4904 0.9200 1.0000
vt 0.4904 0.0800 1.0000
vt 0.5000 0.0800 1.0000
vt 0.5192 0.9200 1.0000
vt 0.5096 0.9200 1.0000
vt 0.5096 0.0800 1.0000
vt 0.5192 0.0800 1.0000
vt 0.5385 0.9200 1.0000
vt 0.5288 0.9200 1.0000
vt 0.5288 0.0800 1.0000
vt 0.5385 0.0800 1.0000
vt 0.5577 0.9200 1.0000
vt 0.5481 0.9200 1.0000
vt 0.5481 0.0800 1.0000
vt 0.5577 0.0800 1.0000
vt 0.5769 0.9200 1.0000
vt 0.5673 0.9200 1.0000
vt 0.5673 0.0800 1.0000
vt 0.5769 0.0800 1.0000
vt 0.5962 0.9200 1.0000
vt 0.5865 0.9200 1.0000
vt 0.5865 0.0800 1.0000
vt 0.5962 0.0800 1.0000
vt 0.6154 0.9200 1.0000
vt 0.6058 0.9200 1.0000
vt 0.6058 0.0800 1.0000
vt 0.6154 0.0800 1.0000
vt 0.6346 0.9200 1.0000
vt 0.6250 0.9200 1.0000
vt 0.6250 0.0800 1.0000
vt 0.6346 0.0800 1.0000
vt 0.6538 0.9200 1.0000
vt 0.6442 0.9200 1.0000
vt 0.6442 0.0800 1.0000
vt 0.6538 0.0800 1.0000
vt 0.6731 0.9200 1.0000
vt 0.6635 0.9200 1.0000
vt 0.6635 0.0800 1.0000
vt 0.6731 0.0800 1.0000
vt 0.6923 0.9200 1.0000
vt 0.6827 0.9200 1.0000
vt 0.6827 0.0800 1.0000
vt 0.6923 0.0800 1.0000
vt 0.7115 0.9200 1.0000
vt 0.7019 0.9200 1.0000
vt 0.7019 0.0800 1.0000
vt 0.7115 0.0800 1.0000
vt 0.7308 0.9200 1.0000
vt 0.7212 0.9200 1.0000
vt 0.7212 0.0800 1.0000
vt 0.7308 0.0800 1.0000
vt 0.7500 0.9200 1.0000
vt 0.7404 0.9200 1.0000
vt 0.7404 0.0800 1.0000
vt 0.7500 0.0800 1.0000
vt 0.7596 1.0000 1.0000
vt 0.7692 1.0000 1.0000
vt 0.7788 1.0000 1.0000
vt 0.7885 1.0000 1.0000
vt 0.7500 1.0000 1.0000
vt 0.3125 1.0000 -0.0605
vt 0.7981 1.0000 1.0000
vt 0.8077 1.0000 1.0000
vt 0.8173 1.0000 1.0000
vt 0.8269 1.0000 1.0000
vt 0.8654 1.0000 1.0000
vt 0.8365 1.0000 1.0000
vt 0.8462 1.0000 1.0000
vt 0.8558 1.0000 1.0000
vt 0.8750 1.0000 1.0000
vt 0.8846 1.0000 1.0000
vt 0.8942 1.0000 1.0000
vt 0.9038 1.0000 1.0000
vt 0.9423 1.0000 1.0000
vt 0.9135 1.0000 1.0000
vt 0.9231 1.0000 1.0000
vt 0.9327 1.0000 1.0000
vt 0.9519 1.0000 1.0000
vt 0.9615 1.0000 1.0000
vt 0.9712 1.0000 1.0000
vt 0.9808 1.0000 1.0000
vt 0.9980 1.0000 0.9565
vt 0.9869 1.0000 0.9927
vt 0.9930 1.0000 0.9854
vt 0.9955 1.0000 0.9709
vt 0.7925 1.0000 0.2980
vt 0.9969 1.0000 0.9350
vt 0.9958 1.0000 0.9136
vt 0.9911 1.0000 0.8855
vt 0.9863 1.0000 0.8573
vt 0.9464 1.0000 0.7084
vt 0.9781 1.0000 0.8230
vt 0.9698 1.0000 0.7886
vt 0.9581 1.0000 0.7485
vt 0.9314 1.0000 0.6631
vt 0.9165 1.0000 0.6178
vt 0.8985 1.0000 0.5681
vt 0.8805 1.0000 0.5183
vt 0.8597 1.0000 0.4647
vt 0.8389 1.0000 0.4112
vt 0.8157 1.0000 0.3546
vt 0.7671 1.0000 0.2393
vt 0.7417 1.0000 0.1806
vt 0.7146 1.0000 0.1205
vt 0.6875 1.0000 0.0605
vt 0.5716 1.0000 -0.1806
vt 0.6590 1.0000 0.0000
vt 0.6305 1.0000 -0.0605
vt 0.6010 1.0000 -0.1205
vt 0.5416 1.0000 -0.2393
vt 0.5116 1.0000 -0.2980
vt 0.4816 1.0000 -0.3546
vt 0.4515 1.0000 -0.4112
vt 0.3343 1.0000 -0.6178
vt 0.4218 1.0000 -0.4647
vt 0.3921 1.0000 -0.5183
vt 0.3632 1.0000 -0.5681
vt 0.0192 1.0000 -1.0000
vt 0.3066 1.0000 -0.6631
vt 0.2788 1.0000 -0.7084
vt 0.2527 1.0000 -0.7485
vt 0.2267 1.0000 -0.7886
vt 0.1349 1.0000 -0.9136
vt 0.2025 1.0000 -0.8230
vt 0.1784 1.0000 -0.8573
vt 0.1567 1.0000 -0.8855
vt 0.1158 1.0000 -0.9350
vt 0.0967 1.0000 -0.9565
vt 0.0806 1.0000 -0.9709
vt 0.0644 1.0000 -0.9854
vt 0.0514 1.0000 -0.9927
vt 0.0385 1.0000 -1.0000
vt 0.0288 1.0000 -1.0000
vt 0.1195 1.0000 -0.5183
vt 0.0131 1.0000 -0.9927
vt 0.0070 1.0000 -0.9854
vt 0.0045 1.0000 -0.9709
vt 0.0020 1.0000 -0.9565
vt 0.0137 1.0000 -0.8573
vt 0.0031 1.0000 -0.9350
vt 0.0042 1.0000 -0.9136
vt 0.0089 1.0000 -0.8855
vt 0.0219 1.0000 -0.8230
vt 0.0302 1.0000 -0.7886
vt 0.0419 1.0000 -0.7485
vt 0.0536 1.0000 -0.7084
vt 0.0686 1.0000 -0.6631
vt 0.0835 1.0000 -0.6178
vt 0.1015 1.0000 -0.5681
vt 0.1403 1.0000 -0.4647
vt 0.1611 1.0000 -0.4112
vt 0.1843 1.0000 -0.3546
vt 0.2075 1.0000 -0.2980
vt 0.2329 1.0000 -0.2393
vt 0.2583 1.0000 -0.1806
vt 0.2854 1.0000 -0.1205
vt 0.5217 1.0000 0.4698
vt 0.7404 1.0000 1.0000
vt 0.7308 1.0000 1.0000
vt 0.0000 1.0000 1.0000
vt -0.0096 1.0000 1.0000
vt -0.0192 0.0000 1.0000
vt -0.0096 0.0000 1.0000
vt -0.0192 0.0800 1.0000
vt 0.0192 1.0000 1.0000
vt 0.0096 1.0000 1.0000
vt 0.0000 0.0000 1.0000
vt 0.0096 0.0000 1.0000
vt 0.0385 1.0000 1.0000
vt 0.0288 1.0000 1.0000
vt 0.0192 0.0000 1.0000
vt 0.0288 0.0000 1.0000
vt 0.0577 1.0000 1.0000
vt 0.0481 1.0000 1.0000
vt 0.0385 0.0000 1.0000
vt 0.0481 0.0000 1.0000
vt 0.0769 1.0000 1.0000
vt 0.0673 1.0000 1.0000
vt 0.0577 0.0000 1.0000
vt 0.0673 0.0000 1.0000
vt 0.0962 1.0000 1.0000
vt 0.0865 1.0000 1.0000
vt 0.0769 0.0000 1.0000
vt 0.0865 0.0000 1.0000
vt 0.1154 1.0000 1.0000
vt 0.1058 1.0000 1.0000
vt 0.0962 0.0000 1.0000
vt 0.1058 0.0000 1.0000
vt 0.1346 1.0000 1.0000
vt 0.1250 1.0000 1.0000
vt 0.1154 0.0000 1.0000
vt 0.1250 0.0000 1.0000
vt 0.1538 1.0000 1.0000
vt 0.1442 1.0000 1.0000
vt 0.1346 0.0000 1.0000
vt 0.1442 0.0000 1.0000
vt 0.1731 1.0000 1.0000
vt 0.1635 1.0000 1.0000
vt 0.1538 0.0000 1.0000
vt 0.1635 0.0000 1.0000
vt 0.1923 1.0000 1.0000
vt 0.1827 1.0000 1.0000
vt 0.1731 0.0000 1.0000
vt 0.1827 0.0000 1.0000
vt 0.2115 1.0000 1.0000
vt 0.2019 1.0000 1.0000
vt 0.1923 0.0000 1.0000
vt 0.2019 0.0000 1.0000
vt 0.2308 1.0000 1.0000
vt 0.2212 1.0000 1.0000
vt 0.2115 0.0000 1.0000
vt 0.2212 0.0000 1.0000
vt 0.2500 1.0000 1.0000
vt 0.2404 1.0000 1.0000
vt 0.2308 0.0000 1.0000
vt 0.2404 0.0000 1.0000
vt 0.2692 1.0000 1.0000
vt 0.2596 1.0000 1.0000
vt 0.2500 0.0000 1.0000
vt 0.2596 0.0000 1.0000
vt 0.2885 1.0000 1.0000
vt 0.2788 1.0000 1.0000
vt 0.2692 0.0000 1.0000
vt 0.2788 0.0000 1.0000
vt 0.3077 1.0000 1.0000
vt 0.2981 1.0000 1.0000
vt 0.2885 0.0000 1.0000
vt 0.2981 0.0000 1.0000
vt 0.3269 1.0000 1.0000
vt 0.3173 1.0000 1.0000
vt 0.3077 0.0000 1.0000
vt 0.3173 0.0000 1.0000
vt 0.3462 1.0000 1.0000
vt 0.3365 1.0000 1.0000
vt 0.3269 0.0000 1.0000
vt 0.3365 0.0000 1.0000
vt 0.3654 1.0000 1.0000
vt 0.3558 1.0000 1.0000
vt 0.3462 0.0000 1.0000
vt 0.3558 0.0000 1.0000
vt 0.3846 1.0000 1.0000
vt 0.3750 1.0000 1.0000
vt 0.3654 0.0000 1.0000
vt 0.3750 0.0000 1.0000
vt 0.4038 1.0000 1.0000
vt 0.3942 1.0000 1.0000
vt 0.3846 0.0000 1.0000
vt 0.3942 0.0000 1.0000
vt 0.4231 1.0000 1.0000
vt 0.4135 1.0000 1.0000
vt 0.4038 0.0000 1.0000
vt 0.4135 0.0000 1.0000
vt 0.4423 1.0000 1.0000
vt 0.4327 1.0000 1.0000
vt 0.4231 0.0000 1.0000
vt 0.4327 0.0000 1.0000
vt 0.4615 1.0000 1.0000
vt 0.4519 1.0000 1.0000
vt 0.4423 0.0000 1.0000
vt 0.4519 0.0000 1.0000
vt 0.4808 1.0000 1.0000
vt 0.4712 1.0000 1.0000
vt 0.4615 0.0000 1.0000
vt 0.4712 0.0000 1.0000
vt 0.5000 1.0000 1.0000
vt 0.4904 1.0000 1.0000
vt 0.4808 0.0000 1.0000
vt 0.4904 0.0000 1.0000
vt 0.5192 1.0000 1.0000
vt 0.5096 1.0000 1.0000
vt 0.5000 0.0000 1.0000
vt 0.5096 0.0000 1.0000
vt 0.5385 1.0000 1.0000
vt 0.5288 1.0000 1.0000
vt 0.5192 0.0000 1.0000
vt 0.5288 0.0000 1.0000
vt 0.5577 1.0000 1.0000
vt 0.5481 1.0000 1.0000
vt 0.5385 0.0000 1.0000
vt 0.5481 0.0000 1.0000
vt 0.5769 1.0000 1.0000
vt 0.5673 1.0000 1.0000
vt 0.5577 0.0000 1.0000
vt 0.5673 0.0000 1.0000
vt 0.5962 1.0000 1.0000
vt 0.5865 1.0000 1.0000
vt 0.5769 0.0000 1.0000
vt 0.5865 0.0000 1.0000
vt 0.6154 1.0000 1.0000
vt 0.6058 1.0000 1.0000
vt 0.5962 0.0000 1.0000
vt 0.6058 0.0000 1.0000
vt 0.6346 1.0000 1.0000
vt 0.6250 1.0000 1.0000
vt 0.6154 0.0000 1.0000
vt 0.6250 0.0000 1.0000
vt 0.6538 1.0000 1.0000
vt 0.6442 1.0000 1.0000
vt 0.6346 0.0000 1.0000
vt 0.6442 0.0000 1.0000
vt 0.6731 1.0000 1.0000
vt 0.6635 1.0000 1.0000
vt 0.6538 0.0000 1.0000
vt 0.6635 0.0000 1.0000
vt 0.6923 1.0000 1.0000
vt 0.6827 1.0000 1.0000
vt 0.6731 0.0000 1.0000
vt 0.6827 0.0000 1.0000
vt 0.7115 1.0000 1.0000
vt 0.7019 1.0000 1.0000
vt 0.6923 0.0000 1.0000
vt 0.7019 0.0000 1.0000
vt 0.7212 1.0000 1.0000
vt 0.7115 0.0000 1.0000
vt 0.7212 0.0000 1.0000
vt 0.7308 0.0000 1.0000
vt 0.7404 0.0000 1.0000
vt 0.3800 0.6308 0.0000
vt 0.8024 0.6308 0.0000
vt 0.8024 0.6681 0.0000
vt 0.3800 0.6681 0.0000
vt 0.3800 0.6755 0.0000
vt 0.3800 0.6719 0.0000
vt 0.8024 0.6719 0.0000
vt 0.8024 0.6755 0.0000
vt 0.4750 0.4655 0.0000
vt 0.8440 0.4655 0.0000
vt 0.8440 0.4891 0.0000
vt 0.4750 0.4891 0.0000
vt -0.5486 0.6308 0.0000
vt 0.3623 0.6308 0.0000
vt 0.3623 0.6681 0.0000
vt -0.5486 0.6681 0.0000
vt -0.5486 0.6755 0.0000
vt -0.5486 0.6719 0.0000
vt 0.3623 0.6719 0.0000
vt 0.3623 0.6755 0.0000
vt -0.3581 0.4655 0.0000
vt 0.4671 0.4655 0.0000
vt 0.4671 0.4891 0.0000
vt -0.3581 0.4891 0.0000
vt 0.8167 0.6308 0.0000
vt 1.2280 0.6308 0.0000
vt 1.2280 0.6681 0.0000
vt 0.8167 0.6681 0.0000
vt 0.8167 0.6755 0.0000
vt 0.8167 0.6719 0.0000
vt 1.2280 0.6719 0.0000
vt 1.2280 0.6755 0.0000
vt 0.8517 0.4655 0.0000
vt 1.2092 0.4655 0.0000
vt 1.2092 0.4891 0.0000
vt 0.8517 0.4891 0.0000
vt 0.3800 0.5647 0.0000
vt 0.8024 0.5647 0.0000
vt 0.8024 0.5665 0.0000
vt 0.3800 0.5665 0.0000
vt -0.5486 0.5647 0.0000
vt 0.3623 0.5647 0.0000
vt 0.3623 0.5665 0.0000
vt -0.5486 0.5665 0.0000
vt 0.8167 0.5647 0.0000
vt 1.2280 0.5647 0.0000
vt 1.2280 0.5665 0.0000
vt 0.8167 0.5665 0.0000
vt 0.8024 0.6259 0.0000
vt 0.3800 0.6259 0.0000
vt 0.3800 0.6133 0.0000
vt 0.8024 0.6133 0.0000
vt 2.1565 0.6259 0.0000
vt 1.2453 0.6259 0.0000
vt 1.2453 0.6133 0.0000
vt 2.1565 0.6133 0.0000
vt 1.2280 0.6259 0.0000
vt 0.8167 0.6259 0.0000
vt 0.8167 0.6133 0.0000
vt 1.2280 0.6133 0.0000
vt 0.8024 0.6085 0.0000
vt 0.3800 0.6085 0.0000
vt 0.3800 0.5712 0.0000
vt 0.8024 0.5712 0.0000
vt 1.2280 0.6085 0.0000
vt 0.8167 0.6085 0.0000
vt 0.8167 0.5712 0.0000
vt 1.2280 0.5712 0.0000
vt 2.1565 0.6085 0.0000
vt 1.2453 0.6085 0.0000
vt 1.2453 0.5712 0.0000
vt 2.1565 0.5712 0.0000
vt 1.2453 0.6681 0.0000
vt 1.2453 0.6308 0.0000
vt 2.1565 0.6308 0.0000
vt 2.1565 0.6681 0.0000
vt 1.2453 0.6755 0.0000
vt 1.2453 0.6719 0.0000
vt 2.1565 0.6719 0.0000
vt 2.1565 0.6755 0.0000
vt 1.2170 0.4655 0.0000
vt 2.0422 0.4655 0.0000
vt 2.0422 0.4891 0.0000
vt 1.2170 0.4891 0.0000
vt 1.2453 0.5647 0.0000
vt 2.1565 0.5647 0.0000
vt 2.1565 0.5665 0.0000
vt 1.2453 0.5665 0.0000
vt 0.3623 0.6259 0.0000
vt -0.5486 0.6259 0.0000
vt -0.5486 0.6133 0.0000
vt 0.3623 0.6133 0.0000
vt 0.3623 0.5712 0.0000
vt 0.3623 0.6085 0.0000
vt -0.5486 0.6085 0.0000
vt -0.5486 0.5712 0.0000
vt 0.8083 0.6681 0.0000
vt 0.8052 0.6681 0.0000
vt 0.8052 0.6308 0.0000
vt 0.8083 0.6308 0.0000
vt 0.3732 0.6681 0.0000
vt 0.3732 0.6308 0.0000
vt 0.3766 0.6308 0.0000
vt 0.3766 0.6681 0.0000
vt 0.8083 0.6755 0.0000
vt 0.8052 0.6755 0.0000
vt 0.8052 0.6719 0.0000
vt 0.8083 0.6719 0.0000
vt 0.3732 0.6719 0.0000
vt 0.3766 0.6719 0.0000
vt 0.3766 0.6755 0.0000
vt 0.3732 0.6755 0.0000
vt 0.8471 0.4891 0.0000
vt 0.8456 0.4891 0.0000
vt 0.8456 0.4655 0.0000
vt 0.8471 0.4655 0.0000
vt 0.4719 0.4655 0.0000
vt 0.4734 0.4655 0.0000
vt 0.4734 0.4891 0.0000
vt 0.4719 0.4891 0.0000
vt 0.8083 0.5712 0.0000
vt 0.8083 0.6085 0.0000
vt 0.8052 0.6085 0.0000
vt 0.8052 0.5712 0.0000
vt 0.3732 0.5712 0.0000
vt 0.3766 0.5712 0.0000
vt 0.3766 0.6085 0.0000
vt 0.3732 0.6085 0.0000
vt 1.2382 0.6681 0.0000
vt 1.2382 0.6308 0.0000
vt 1.2416 0.6308 0.0000
vt 1.2416 0.6681 0.0000
vt 1.2382 0.6719 0.0000
vt 1.2416 0.6719 0.0000
vt 1.2416 0.6755 0.0000
vt 1.2382 0.6755 0.0000
vt 1.2138 0.4655 0.0000
vt 1.2153 0.4655 0.0000
vt 1.2153 0.4891 0.0000
vt 1.2138 0.4891 0.0000
vt 1.2382 0.5712 0.0000
vt 1.2416 0.5712 0.0000
vt 1.2416 0.6085 0.0000
vt 1.2382 0.6085 0.0000
vt 0.8083 0.5647 0.0000
vt 0.8083 0.5665 0.0000
vt 0.8052 0.5665 0.0000
vt 0.8052 0.5647 0.0000
vt 0.3732 0.5647 0.0000
vt 0.3766 0.5647 0.0000
vt 0.3766 0.5665 0.0000
vt 0.3732 0.5665 0.0000
vt 1.2382 0.5647 0.0000
vt 1.2416 0.5647 0.0000
vt 1.2416 0.5665 0.0000
vt 1.2382 0.5665 0.0000
vt 0.3732 0.6133 0.0000
vt 0.3766 0.6133 0.0000
vt 0.3766 0.6259 0.0000
vt 0.3732 0.6259 0.0000
vt 0.8083 0.6259 0.0000
vt 0.8052 0.6259 0.0000
vt 0.8052 0.6133 0.0000
vt 0.8083 0.6133 0.0000
vt 1.2382 0.6133 0.0000
vt 1.2416 0.6133 0.0000
vt 1.2416 0.6259 0.0000
vt 1.2382 0.6259 0.0000
vt 0.8113 0.6681 0.0000
vt 0.8113 0.6308 0.0000
vt 0.8142 0.6308 0.0000
vt 0.8142 0.6681 0.0000
vt 0.3695 0.6308 0.0000
vt 0.3695 0.6681 0.0000
vt 0.3660 0.6308 0.0000
vt 0.3660 0.6681 0.0000
vt 0.8113 0.6755 0.0000
vt 0.8113 0.6719 0.0000
vt 0.8142 0.6755 0.0000
vt 0.8142 0.6719 0.0000
vt 0.3695 0.6719 0.0000
vt 0.3695 0.6755 0.0000
vt 0.3660 0.6719 0.0000
vt 0.3660 0.6755 0.0000
vt 0.8487 0.4891 0.0000
vt 0.8487 0.4655 0.0000
vt 0.8502 0.4891 0.0000
vt 0.8502 0.4655 0.0000
vt 0.4703 0.4655 0.0000
vt 0.4703 0.4891 0.0000
vt 0.4688 0.4655 0.0000
vt 0.4688 0.4891 0.0000
vt 0.8113 0.6085 0.0000
vt 0.8113 0.5712 0.0000
vt 0.8142 0.6085 0.0000
vt 0.8142 0.5712 0.0000
vt 0.3695 0.5712 0.0000
vt 0.3695 0.6085 0.0000
vt 0.3660 0.6085 0.0000
vt 0.3660 0.5712 0.0000
vt 1.2347 0.6308 0.0000
vt 1.2347 0.6681 0.0000
vt 1.2316 0.6308 0.0000
vt 1.2316 0.6681 0.0000
vt 1.2347 0.6719 0.0000
vt 1.2347 0.6755 0.0000
vt 1.2316 0.6719 0.0000
vt 1.2316 0.6755 0.0000
vt 1.2122 0.4655 0.0000
vt 1.2122 0.4891 0.0000
vt 1.2107 0.4655 0.0000
vt 1.2107 0.4891 0.0000
vt 1.2347 0.5712 0.0000
vt 1.2347 0.6085 0.0000
vt 1.2316 0.6085 0.0000
vt 1.2316 0.5712 0.0000
vt 0.8113 0.5665 0.0000
vt 0.8113 0.5647 0.0000
vt 0.8142 0.5665 0.0000
vt 0.8142 0.5647 0.0000
vt 0.3695 0.5647 0.0000
vt 0.3695 0.5665 0.0000
vt 0.3660 0.5665 0.0000
vt 0.3660 0.5647 0.0000
vt 1.2347 0.5647 0.0000
vt 1.2347 0.5665 0.0000
vt 1.2316 0.5665 0.0000
vt 1.2316 0.5647 0.0000
vt 0.3695 0.6133 0.0000
vt 0.3695 0.6259 0.0000
vt 0.3660 0.6133 0.0000
vt 0.3660 0.6259 0.0000
vt 0.8113 0.6259 0.0000
vt 0.8113 0.6133 0.0000
vt 0.8142 0.6259 0.0000
vt 0.8142 0.6133 0.0000
vt 1.2347 0.6133 0.0000
vt 1.2347 0.6259 0.0000
vt 1.2316 0.6133 0.0000
vt 1.2316 0.6259 0.0000
vt 0.8024 0.6700 0.0000
vt 0.8024 0.6690 0.0000
vt 0.8052 0.6690 0.0000
vt 0.8052 0.6700 0.0000
vt 0.3800 0.5693 0.0000
vt 0.3800 0.5702 0.0000
vt 0.3766 0.5702 0.0000
vt 0.3766 0.5693 0.0000
vt 0.3623 0.6700 0.0000
vt 0.3623 0.6690 0.0000
vt 0.3660 0.6690 0.0000
vt 0.3660 0.6700 0.0000
vt 1.2453 0.5693 0.0000
vt 1.2453 0.5702 0.0000
vt 1.2416 0.5702 0.0000
vt 1.2416 0.5693 0.0000
vt 1.2280 0.6700 0.0000
vt 1.2280 0.6690 0.0000
vt 1.2316 0.6690 0.0000
vt 1.2316 0.6700 0.0000
vt 0.8167 0.5693 0.0000
vt 0.8167 0.5702 0.0000
vt 0.8142 0.5702 0.0000
vt 0.8142 0.5693 0.0000
vt 0.3623 0.5693 0.0000
vt 0.3623 0.5702 0.0000
vt -0.5486 0.5702 0.0000
vt -0.5486 0.5693 0.0000
vt 1.2453 0.6700 0.0000
vt 1.2453 0.6690 0.0000
vt 2.1565 0.6690 0.0000
vt 2.1565 0.6700 0.0000
vt 0.8113 0.6700 0.0000
vt 0.8113 0.6690 0.0000
vt 0.8142 0.6690 0.0000
vt 0.8142 0.6700 0.0000
vt 0.8113 0.5683 0.0000
vt 0.8113 0.5674 0.0000
vt 0.8142 0.5674 0.0000
vt 0.8142 0.5683 0.0000
vt 0.3695 0.6710 0.0000
vt 0.3660 0.6710 0.0000
vt 0.3695 0.5693 0.0000
vt 0.3695 0.5702 0.0000
vt 0.3660 0.5702 0.0000
vt 0.3660 0.5693 0.0000
vt 1.2382 0.6700 0.0000
vt 1.2382 0.6690 0.0000
vt 1.2416 0.6690 0.0000
vt 1.2416 0.6700 0.0000
vt 1.2382 0.5683 0.0000
vt 1.2382 0.5674 0.0000
vt 1.2416 0.5674 0.0000
vt 1.2416 0.5683 0.0000
vt 0.8083 0.6690 0.0000
vt 0.8083 0.6700 0.0000
vt 0.8052 0.5683 0.0000
vt 0.8052 0.5674 0.0000
vt 0.8083 0.5674 0.0000
vt 0.8083 0.5683 0.0000
vt 0.3766 0.6710 0.0000
vt 0.3732 0.6710 0.0000
vt 0.3732 0.5702 0.0000
vt 0.3732 0.5693 0.0000
vt 1.2347 0.6690 0.0000
vt 1.2347 0.6700 0.0000
vt 1.2316 0.5683 0.0000
vt 1.2316 0.5674 0.0000
vt 1.2347 0.5674 0.0000
vt 1.2347 0.5683 0.0000
vt 0.3800 0.6700 0.0000
vt 0.3800 0.6690 0.0000
vt 0.3766 0.6700 0.0000
vt 0.3766 0.6690 0.0000
vt 0.8024 0.5693 0.0000
vt 0.8024 0.5702 0.0000
vt 0.8052 0.5693 0.0000
vt 0.8052 0.5702 0.0000
vt 0.8167 0.6700 0.0000
vt 0.8167 0.6690 0.0000
vt 1.2280 0.5693 0.0000
vt 1.2280 0.5702 0.0000
vt 1.2316 0.5693 0.0000
vt 1.2316 0.5702 0.0000
vt -0.5486 0.6700 0.0000
vt -0.5486 0.6690 0.0000
vt 2.1565 0.5693 0.0000
vt 2.1565 0.5702 0.0000
vt 0.8024 0.6710 0.0000
vt 0.8052 0.6710 0.0000
vt 0.3800 0.5683 0.0000
vt 0.3766 0.5683 0.0000
vt 0.3800 0.5674 0.0000
vt 0.3766 0.5674 0.0000
vt 0.3623 0.6710 0.0000
vt 1.2453 0.5683 0.0000
vt 1.2453 0.5674 0.0000
vt 1.2280 0.6710 0.0000
vt 1.2316 0.6710 0.0000
vt 0.8167 0.5683 0.0000
vt 0.8167 0.5674 0.0000
vt 0.3623 0.5683 0.0000
vt -0.5486 0.5683 0.0000
vt 0.3623 0.5674 0.0000
vt -0.5486 0.5674 0.0000
vt 1.2453 0.6710 0.0000
vt 2.1565 0.6710 0.0000
vt 0.8113 0.6710 0.0000
vt 0.8142 0.6710 0.0000
vt 0.8113 0.5693 0.0000
vt 0.8113 0.5702 0.0000
vt 0.3695 0.6700 0.0000
vt 0.3695 0.6690 0.0000
vt 0.3695 0.5683 0.0000
vt 0.3660 0.5683 0.0000
vt 0.3695 0.5674 0.0000
vt 0.3660 0.5674 0.0000
vt 1.2382 0.6710 0.0000
vt 1.2416 0.6710 0.0000
vt 1.2382 0.5693 0.0000
vt 1.2382 0.5702 0.0000
vt 0.8083 0.6710 0.0000
vt 0.8083 0.5693 0.0000
vt 0.8083 0.5702 0.0000
vt 0.3732 0.6700 0.0000
vt 0.3732 0.6690 0.0000
vt 0.3732 0.5683 0.0000
vt 0.3732 0.5674 0.0000
vt 1.2347 0.6710 0.0000
vt 1.2347 0.5693 0.0000
vt 1.2347 0.5702 0.0000
vt 0.3800 0.6710 0.0000
vt 0.8024 0.5683 0.0000
vt 0.8024 0.5674 0.0000
vt 0.8167 0.6710 0.0000
vt 1.2280 0.5683 0.0000
vt 1.2280 0.5674 0.0000
vt -0.5486 0.6710 0.0000
vt 2.1565 0.5683 0.0000
vt 2.1565 0.5674 0.0000
vt 0.8024 0.6764 0.0000
vt 0.8052 0.6764 0.0000
vt 0.8024 0.5623 0.0000
vt 0.8024 0.5614 0.0000
vt 0.8052 0.5614 0.0000
vt 0.8052 0.5623 0.0000
vt 0.3623 0.6764 0.0000
vt 0.3660 0.6764 0.0000
vt 0.3623 0.5623 0.0000
vt 0.3623 0.5614 0.0000
vt 0.3660 0.5614 0.0000
vt 0.3660 0.5623 0.0000
vt 1.2280 0.6764 0.0000
vt 1.2316 0.6764 0.0000
vt 1.2280 0.5623 0.0000
vt 1.2280 0.5614 0.0000
vt 1.2316 0.5614 0.0000
vt 1.2316 0.5623 0.0000
vt 1.2453 0.6764 0.0000
vt 2.1565 0.6764 0.0000
vt 1.2453 0.5623 0.0000
vt 1.2453 0.5614 0.0000
vt 2.1565 0.5614 0.0000
vt 2.1565 0.5623 0.0000
vt 0.3732 0.5623 0.0000
vt 0.3732 0.5614 0.0000
vt 0.3766 0.5614 0.0000
vt 0.3766 0.5623 0.0000
vt 1.2382 0.5623 0.0000
vt 1.2382 0.5614 0.0000
vt 1.2416 0.5614 0.0000
vt 1.2416 0.5623 0.0000
vt 0.8113 0.5623 0.0000
vt 0.8113 0.5614 0.0000
vt 0.8142 0.5614 0.0000
vt 0.8142 0.5623 0.0000
vt 0.3695 0.6771 0.0000
vt 0.3695 0.6780 0.0000
vt 0.3660 0.6780 0.0000
vt 0.3660 0.6771 0.0000
vt 1.2347 0.6771 0.0000
vt 1.2347 0.6780 0.0000
vt 1.2316 0.6780 0.0000
vt 1.2316 0.6771 0.0000
vt 0.8083 0.6771 0.0000
vt 0.8083 0.6780 0.0000
vt 0.8052 0.6780 0.0000
vt 0.8052 0.6771 0.0000
vt 0.3695 0.5614 0.0000
vt 0.3695 0.5623 0.0000
vt 1.2347 0.5614 0.0000
vt 1.2347 0.5623 0.0000
vt 0.8083 0.5614 0.0000
vt 0.8083 0.5623 0.0000
vt 0.3766 0.6771 0.0000
vt 0.3766 0.6780 0.0000
vt 0.3732 0.6780 0.0000
vt 0.3732 0.6771 0.0000
vt 1.2416 0.6771 0.0000
vt 1.2416 0.6780 0.0000
vt 1.2382 0.6780 0.0000
vt 1.2382 0.6771 0.0000
vt 0.8142 0.6771 0.0000
vt 0.8142 0.6780 0.0000
vt 0.8113 0.6780 0.0000
vt 0.8113 0.6771 0.0000
vt 0.3800 0.6764 0.0000
vt 0.3766 0.6764 0.0000
vt 0.3800 0.5623 0.0000
vt 0.3800 0.5614 0.0000
vt 0.8167 0.6764 0.0000
vt 0.8142 0.6764 0.0000
vt 0.8167 0.5623 0.0000
vt 0.8167 0.5614 0.0000
vt -0.5486 0.6764 0.0000
vt -0.5486 0.5623 0.0000
vt -0.5486 0.5614 0.0000
vt 1.2416 0.6764 0.0000
vt 0.8024 0.6771 0.0000
vt 0.8024 0.6780 0.0000
vt 0.8024 0.5630 0.0000
vt 0.8052 0.5630 0.0000
vt 0.8024 0.5638 0.0000
vt 0.8052 0.5638 0.0000
vt 0.3623 0.6771 0.0000
vt 0.3623 0.6780 0.0000
vt 0.3623 0.5630 0.0000
vt 0.3660 0.5630 0.0000
vt 0.3623 0.5638 0.0000
vt 0.3660 0.5638 0.0000
vt 1.2280 0.6771 0.0000
vt 1.2280 0.6780 0.0000
vt 1.2280 0.5630 0.0000
vt 1.2316 0.5630 0.0000
vt 1.2280 0.5638 0.0000
vt 1.2316 0.5638 0.0000
vt 1.2453 0.6771 0.0000
vt 2.1565 0.6771 0.0000
vt 1.2453 0.6780 0.0000
vt 2.1565 0.6780 0.0000
vt 1.2453 0.5630 0.0000
vt 2.1565 0.5630 0.0000
vt 1.2453 0.5638 0.0000
vt 2.1565 0.5638 0.0000
vt 0.3732 0.5630 0.0000
vt 0.3766 0.5630 0.0000
vt 0.3732 0.5638 0.0000
vt 0.3766 0.5638 0.0000
vt 1.2382 0.5630 0.0000
vt 1.2416 0.5630 0.0000
vt 1.2382 0.5638 0.0000
vt 1.2416 0.5638 0.0000
vt 0.8113 0.5630 0.0000
vt 0.8142 0.5630 0.0000
vt 0.8113 0.5638 0.0000
vt 0.8142 0.5638 0.0000
vt 0.3695 0.6764 0.0000
vt 1.2347 0.6764 0.0000
vt 0.8083 0.6764 0.0000
vt 0.3695 0.5630 0.0000
vt 0.3695 0.5638 0.0000
vt 1.2347 0.5630 0.0000
vt 1.2347 0.5638 0.0000
vt 0.8083 0.5630 0.0000
vt 0.8083 0.5638 0.0000
vt 0.3732 0.6764 0.0000
vt 1.2382 0.6764 0.0000
vt 0.8113 0.6764 0.0000
vt 0.3800 0.6771 0.0000
vt 0.3800 0.6780 0.0000
vt 0.3800 0.5630 0.0000
vt 0.3800 0.5638 0.0000
vt 0.8167 0.6771 0.0000
vt 0.8167 0.6780 0.0000
vt 0.8167 0.5630 0.0000
vt 0.8167 0.5638 0.0000
vt -0.5486 0.6771 0.0000
vt -0.5486 0.6780 0.0000
vt -0.5486 0.5630 0.0000
vt -0.5486 0.5638 0.0000
vt 0.3800 0.6113 0.0000
vt 0.3800 0.6123 0.0000
vt 0.3766 0.6123 0.0000
vt 0.3766 0.6113 0.0000
vt 0.8167 0.6113 0.0000
vt 0.8167 0.6123 0.0000
vt 0.8142 0.6123 0.0000
vt 0.8142 0.6113 0.0000
vt 1.2453 0.6113 0.0000
vt 1.2453 0.6123 0.0000
vt 1.2416 0.6123 0.0000
vt 1.2416 0.6113 0.0000
vt 0.8024 0.6279 0.0000
vt 0.8024 0.6269 0.0000
vt 0.8052 0.6269 0.0000
vt 0.8052 0.6279 0.0000
vt 0.3623 0.6279 0.0000
vt 0.3623 0.6269 0.0000
vt 0.3660 0.6269 0.0000
vt 0.3660 0.6279 0.0000
vt 1.2280 0.6279 0.0000
vt 1.2280 0.6269 0.0000
vt 1.2316 0.6269 0.0000
vt 1.2316 0.6279 0.0000
vt 0.3623 0.6113 0.0000
vt 0.3623 0.6123 0.0000
vt -0.5486 0.6123 0.0000
vt -0.5486 0.6113 0.0000
vt 1.2453 0.6279 0.0000
vt 1.2453 0.6269 0.0000
vt 2.1565 0.6269 0.0000
vt 2.1565 0.6279 0.0000
vt 0.3695 0.6113 0.0000
vt 0.3695 0.6123 0.0000
vt 0.3660 0.6123 0.0000
vt 0.3660 0.6113 0.0000
vt 0.8083 0.6113 0.0000
vt 0.8083 0.6123 0.0000
vt 0.8052 0.6123 0.0000
vt 0.8052 0.6113 0.0000
vt 1.2347 0.6113 0.0000
vt 1.2347 0.6123 0.0000
vt 1.2316 0.6123 0.0000
vt 1.2316 0.6113 0.0000
vt 0.8113 0.6279 0.0000
vt 0.8113 0.6269 0.0000
vt 0.8142 0.6269 0.0000
vt 0.8142 0.6279 0.0000
vt 0.3732 0.6279 0.0000
vt 0.3732 0.6269 0.0000
vt 0.3766 0.6269 0.0000
vt 0.3766 0.6279 0.0000
vt 1.2382 0.6279 0.0000
vt 1.2382 0.6269 0.0000
vt 1.2416 0.6269 0.0000
vt 1.2416 0.6279 0.0000
vt 0.3732 0.6123 0.0000
vt 0.3732 0.6113 0.0000
vt 0.8113 0.6123 0.0000
vt 0.8113 0.6113 0.0000
vt 1.2382 0.6123 0.0000
vt 1.2382 0.6113 0.0000
vt 0.8083 0.6269 0.0000
vt 0.8083 0.6279 0.0000
vt 0.3695 0.6269 0.0000
vt 0.3695 0.6279 0.0000
vt 1.2347 0.6269 0.0000
vt 1.2347 0.6279 0.0000
vt 0.8024 0.6113 0.0000
vt 0.8024 0.6123 0.0000
vt 1.2280 0.6113 0.0000
vt 1.2280 0.6123 0.0000
vt 0.3800 0.6279 0.0000
vt 0.3800 0.6269 0.0000
vt 0.8167 0.6279 0.0000
vt 0.8167 0.6269 0.0000
vt 2.1565 0.6113 0.0000
vt 2.1565 0.6123 0.0000
vt -0.5486 0.6279 0.0000
vt -0.5486 0.6269 0.0000
vt 0.3800 0.6104 0.0000
vt 0.3766 0.6104 0.0000
vt 0.3800 0.6095 0.0000
vt 0.3766 0.6095 0.0000
vt 0.8167 0.6104 0.0000
vt 0.8142 0.6104 0.0000
vt 0.8167 0.6095 0.0000
vt 0.8142 0.6095 0.0000
vt 1.2453 0.6104 0.0000
vt 1.2416 0.6104 0.0000
vt 1.2453 0.6095 0.0000
vt 1.2416 0.6095 0.0000
vt 0.8024 0.6289 0.0000
vt 0.8052 0.6289 0.0000
vt 0.8024 0.6298 0.0000
vt 0.8052 0.6298 0.0000
vt 0.3623 0.6289 0.0000
vt 0.3660 0.6289 0.0000
vt 0.3623 0.6298 0.0000
vt 0.3660 0.6298 0.0000
vt 1.2280 0.6289 0.0000
vt 1.2316 0.6289 0.0000
vt 1.2280 0.6298 0.0000
vt 1.2316 0.6298 0.0000
vt 0.3623 0.6104 0.0000
vt -0.5486 0.6104 0.0000
vt 0.3623 0.6095 0.0000
vt -0.5486 0.6095 0.0000
vt 1.2453 0.6289 0.0000
vt 2.1565 0.6289 0.0000
vt 1.2453 0.6298 0.0000
vt 2.1565 0.6298 0.0000
vt 0.3695 0.6104 0.0000
vt 0.3660 0.6104 0.0000
vt 0.3695 0.6095 0.0000
vt 0.3660 0.6095 0.0000
vt 0.8083 0.6104 0.0000
vt 0.8052 0.6104 0.0000
vt 0.8083 0.6095 0.0000
vt 0.8052 0.6095 0.0000
vt 1.2347 0.6104 0.0000
vt 1.2316 0.6104 0.0000
vt 1.2347 0.6095 0.0000
vt 1.2316 0.6095 0.0000
vt 0.8113 0.6289 0.0000
vt 0.8142 0.6289 0.0000
vt 0.8113 0.6298 0.0000
vt 0.8142 0.6298 0.0000
vt 0.3732 0.6289 0.0000
vt 0.3766 0.6289 0.0000
vt 0.3732 0.6298 0.0000
vt 0.3766 0.6298 0.0000
vt 1.2382 0.6289 0.0000
vt 1.2416 0.6289 0.0000
vt 1.2382 0.6298 0.0000
vt 1.2416 0.6298 0.0000
vt 0.3732 0.6104 0.0000
vt 0.3732 0.6095 0.0000
vt 0.8113 0.6104 0.0000
vt 0.8113 0.6095 0.0000
vt 1.2382 0.6104 0.0000
vt 1.2382 0.6095 0.0000
vt 0.8083 0.6289 0.0000
vt 0.8083 0.6298 0.0000
vt 0.3695 0.6289 0.0000
vt 0.3695 0.6298 0.0000
vt 1.2347 0.6289 0.0000
vt 1.2347 0.6298 0.0000
vt 0.8024 0.6104 0.0000
vt 0.8024 0.6095 0.0000
vt 1.2280 0.6104 0.0000
vt 1.2280 0.6095 0.0000
vt 0.3800 0.6289 0.0000
vt 0.3800 0.6298 0.0000
vt 0.8167 0.6289 0.0000
vt 0.8167 0.6298 0.0000
vt 2.1565 0.6104 0.0000
vt 2.1565 0.6095 0.0000
vt -0.5486 0.6289 0.0000
vt -0.5486 0.6298 0.0000
vt 0.8024 0.6791 0.0000
vt 0.3800 0.6791 0.0000
vt 0.3800 0.5603 0.0000
vt 0.8024 0.5603 0.0000
vt 0.3623 0.6791 0.0000
vt -0.5486 0.6791 0.0000
vt -0.5486 0.5603 0.0000
vt 0.3623 0.5603 0.0000
vt 1.2280 0.6791 0.0000
vt 0.8167 0.6791 0.0000
vt 0.8167 0.5603 0.0000
vt 1.2280 0.5603 0.0000
vt 2.1565 0.6791 0.0000
vt 1.2453 0.6791 0.0000
vt 1.2453 0.5603 0.0000
vt 2.1565 0.5603 0.0000
vt 0.8052 0.5603 0.0000
vt 0.8083 0.5603 0.0000
vt 0.8083 0.6791 0.0000
vt 0.8052 0.6791 0.0000
vt 0.3766 0.6791 0.0000
vt 0.3732 0.6791 0.0000
vt 0.3732 0.5603 0.0000
vt 0.3766 0.5603 0.0000
vt 1.2416 0.6791 0.0000
vt 1.2382 0.6791 0.0000
vt 1.2382 0.5603 0.0000
vt 1.2416 0.5603 0.0000
vt 0.8113 0.5603 0.0000
vt 0.8113 0.6791 0.0000
vt 0.8142 0.5603 0.0000
vt 0.8142 0.6791 0.0000
vt 0.3695 0.6791 0.0000
vt 0.3695 0.5603 0.0000
vt 0.3660 0.6791 0.0000
vt 0.3660 0.5603 0.0000
vt 1.2347 0.6791 0.0000
vt 1.2347 0.5603 0.0000
vt 1.2316 0.6791 0.0000
vt 1.2316 0.5603 0.0000
vt 0.3623 0.6799 0.0000
vt -0.5486 0.6799 0.0000
vt 0.3660 0.6799 0.0000
vt 0.3695 0.6799 0.0000
vt 0.3732 0.6799 0.0000
vt 0.3766 0.6799 0.0000
vt 0.3800 0.6799 0.0000
vt 0.8024 0.6799 0.0000
vt 0.8052 0.6799 0.0000
vt 0.8083 0.6799 0.0000
vt 0.8113 0.6799 0.0000
vt 0.8142 0.6799 0.0000
vt 0.8167 0.6799 0.0000
vt 1.2280 0.6799 0.0000
vt 1.2316 0.6799 0.0000
vt 1.2347 0.6799 0.0000
vt 1.2382 0.6799 0.0000
vt 1.2416 0.6799 0.0000
vt 1.2453 0.6799 0.0000
vt 2.1565 0.6799 0.0000
vt 1.2453 0.5595 0.0000
vt 2.1565 0.5595 0.0000
vt 1.2416 0.5595 0.0000
vt 1.2382 0.5595 0.0000
vt 1.2347 0.5595 0.0000
vt 1.2316 0.5595 0.0000
vt 1.2280 0.5595 0.0000
vt 0.8167 0.5595 0.0000
vt 0.8142 0.5595 0.0000
vt 0.8113 0.5595 0.0000
vt 0.8083 0.5595 0.0000
vt 0.8052 0.5595 0.0000
vt 0.8024 0.5595 0.0000
vt 0.3800 0.5595 0.0000
vt 0.3766 0.5595 0.0000
vt 0.3732 0.5595 0.0000
vt 0.3695 0.5595 0.0000
vt 0.3660 0.5595 0.0000
vt 0.3623 0.5595 0.0000
vt -0.5486 0.5595 0.0000
vt 1.9287 0.6681 0.0000
vt 1.9287 0.6308 0.0000
vt 1.9287 0.6755 0.0000
vt 1.9287 0.6719 0.0000
vt 1.8359 0.4891 0.0000
vt 1.8359 0.4655 0.0000
vt 1.9287 0.5669 0.0000
vt 1.9287 0.5643 0.0000
vt -0.3209 0.6133 0.0000
vt -0.3209 0.6259 0.0000
vt -0.3209 0.5712 0.0000
vt -0.3209 0.6085 0.0000
vt -0.3209 0.6690 0.0000
vt -0.3209 0.6700 0.0000
vt 1.9287 0.5702 0.0000
vt 1.9287 0.5693 0.0000
vt -0.3209 0.6710 0.0000
vt -0.3209 0.6719 0.0000
vt 1.9287 0.5683 0.0000
vt -0.3209 0.6755 0.0000
vt -0.3209 0.6767 0.0000
vt -0.3209 0.5614 0.0000
vt -0.3209 0.5626 0.0000
vt -0.3209 0.6780 0.0000
vt -0.3209 0.5643 0.0000
vt -0.3209 0.5669 0.0000
vt 1.9287 0.6123 0.0000
vt 1.9287 0.6113 0.0000
vt -0.3209 0.6269 0.0000
vt -0.3209 0.6279 0.0000
vt 1.9287 0.6104 0.0000
vt 1.9287 0.6095 0.0000
vt -0.3209 0.6289 0.0000
vt -0.3209 0.6298 0.0000
vt 1.9287 0.6133 0.0000
vt -0.3209 0.6681 0.0000
vt 1.9287 0.5712 0.0000
vt 1.9287 0.6298 0.0000
vt -0.3209 0.6095 0.0000
vt -0.3209 0.5603 0.0000
vt 1.9287 0.6795 0.0000
vt 1.9287 0.6780 0.0000
vt -0.3209 0.5595 0.0000
vt -0.3209 0.6308 0.0000
vt -0.1518 0.4655 0.0000
vt -0.1518 0.4891 0.0000
vt 1.9287 0.6259 0.0000
vt 1.9287 0.6085 0.0000
vt -0.3209 0.5693 0.0000
vt -0.3209 0.5702 0.0000
vt 1.9287 0.6700 0.0000
vt 1.9287 0.6690 0.0000
vt -0.3209 0.5683 0.0000
vt 1.9287 0.6710 0.0000
vt 1.9287 0.6767 0.0000
vt 1.9287 0.5626 0.0000
vt 1.9287 0.5614 0.0000
vt -0.3209 0.6113 0.0000
vt -0.3209 0.6123 0.0000
vt 1.9287 0.6279 0.0000
vt 1.9287 0.6269 0.0000
vt -0.3209 0.6104 0.0000
vt 1.9287 0.6289 0.0000
vt -0.3209 0.6795 0.0000
vt 1.9287 0.5599 0.0000
vt 1.9333 0.6308 0.0000
vt 1.9333 0.6681 0.0000
vt 1.9333 0.6719 0.0000
vt 1.9333 0.6755 0.0000
vt 1.8400 0.4655 0.0000
vt 1.8400 0.4891 0.0000
vt 1.9333 0.5643 0.0000
vt 1.9333 0.5669 0.0000
vt -0.3254 0.6259 0.0000
vt -0.3254 0.6133 0.0000
vt -0.3254 0.6085 0.0000
vt -0.3254 0.5712 0.0000
vt -0.3254 0.6700 0.0000
vt -0.3254 0.6690 0.0000
vt 1.9333 0.5693 0.0000
vt 1.9333 0.5702 0.0000
vt -0.3254 0.6710 0.0000
vt -0.3254 0.6719 0.0000
vt 1.9333 0.5683 0.0000
vt -0.3254 0.6767 0.0000
vt -0.3254 0.6755 0.0000
vt -0.3254 0.5626 0.0000
vt -0.3254 0.5614 0.0000
vt -0.3254 0.6780 0.0000
vt -0.3254 0.5643 0.0000
vt -0.3254 0.5669 0.0000
vt 1.9333 0.6113 0.0000
vt 1.9333 0.6123 0.0000
vt -0.3254 0.6279 0.0000
vt -0.3254 0.6269 0.0000
vt 1.9333 0.6104 0.0000
vt 1.9333 0.6095 0.0000
vt -0.3254 0.6289 0.0000
vt -0.3254 0.6298 0.0000
vt 1.9333 0.6133 0.0000
vt -0.3254 0.6681 0.0000
vt 1.9333 0.5712 0.0000
vt 1.9333 0.6298 0.0000
vt -0.3254 0.6095 0.0000
vt -0.3254 0.5603 0.0000
vt 1.9333 0.6780 0.0000
vt 1.9333 0.6795 0.0000
vt -0.3254 0.5595 0.0000
vt -0.3254 0.6308 0.0000
vt -0.1559 0.4891 0.0000
vt -0.1559 0.4655 0.0000
vt 1.9333 0.6259 0.0000
vt 1.9333 0.6085 0.0000
vt -0.3254 0.5702 0.0000
vt -0.3254 0.5693 0.0000
vt 1.9333 0.6690 0.0000
vt 1.9333 0.6700 0.0000
vt -0.3254 0.5683 0.0000
vt 1.9333 0.6710 0.0000
vt 1.9333 0.6767 0.0000
vt 1.9333 0.5614 0.0000
vt 1.9333 0.5626 0.0000
vt -0.3254 0.6123 0.0000
vt -0.3254 0.6113 0.0000
vt 1.9333 0.6269 0.0000
vt 1.9333 0.6279 0.0000
vt -0.3254 0.6104 0.0000
vt 1.9333 0.6289 0.0000
vt -0.3254 0.6795 0.0000
vt 1.9333 0.5599 0.0000
vt 1.7009 0.6308 0.0000
vt 1.7009 0.6681 0.0000
vt 1.7009 0.6719 0.0000
vt 1.7009 0.6755 0.0000
vt 1.6296 0.4655 0.0000
vt 1.6296 0.4891 0.0000
vt 1.7009 0.5647 0.0000
vt 1.7009 0.5665 0.0000
vt -0.0931 0.6259 0.0000
vt -0.0931 0.6133 0.0000
vt -0.0931 0.6085 0.0000
vt -0.0931 0.5712 0.0000
vt -0.0931 0.6700 0.0000
vt -0.0931 0.6690 0.0000
vt 1.7009 0.5693 0.0000
vt 1.7009 0.5702 0.0000
vt -0.0931 0.6710 0.0000
vt -0.0931 0.6719 0.0000
vt 1.7009 0.5683 0.0000
vt 1.7009 0.5674 0.0000
vt -0.0931 0.6764 0.0000
vt -0.0931 0.6755 0.0000
vt -0.0931 0.5623 0.0000
vt -0.0931 0.5614 0.0000
vt -0.0931 0.6771 0.0000
vt -0.0931 0.6780 0.0000
vt -0.0931 0.5630 0.0000
vt -0.0931 0.5638 0.0000
vt -0.0931 0.5674 0.0000
vt -0.0931 0.5665 0.0000
vt 1.7009 0.5638 0.0000
vt 1.7009 0.6113 0.0000
vt 1.7009 0.6123 0.0000
vt -0.0931 0.6279 0.0000
vt -0.0931 0.6269 0.0000
vt 1.7009 0.6104 0.0000
vt 1.7009 0.6095 0.0000
vt -0.0931 0.6289 0.0000
vt -0.0931 0.6298 0.0000
vt 1.7009 0.6133 0.0000
vt -0.0931 0.6681 0.0000
vt 1.7009 0.5712 0.0000
vt 1.7009 0.6298 0.0000
vt -0.0931 0.6095 0.0000
vt -0.0931 0.5603 0.0000
vt 1.7009 0.6780 0.0000
vt 1.7009 0.6791 0.0000
vt 1.7009 0.6799 0.0000
vt -0.0931 0.5595 0.0000
vt -0.0931 0.6308 0.0000
vt 0.0545 0.4891 0.0000
vt 0.0545 0.4655 0.0000
vt -0.0931 0.5647 0.0000
vt 1.7009 0.6259 0.0000
vt 1.7009 0.6085 0.0000
vt -0.0931 0.5702 0.0000
vt -0.0931 0.5693 0.0000
vt 1.7009 0.6690 0.0000
vt 1.7009 0.6700 0.0000
vt -0.0931 0.5683 0.0000
vt 1.7009 0.6710 0.0000
vt 1.7009 0.6764 0.0000
vt 1.7009 0.5614 0.0000
vt 1.7009 0.5623 0.0000
vt 1.7009 0.6771 0.0000
vt 1.7009 0.5630 0.0000
vt -0.0931 0.6123 0.0000
vt -0.0931 0.6113 0.0000
vt 1.7009 0.6269 0.0000
vt 1.7009 0.6279 0.0000
vt -0.0931 0.6104 0.0000
vt 1.7009 0.6289 0.0000
vt -0.0931 0.6791 0.0000
vt 1.7009 0.5603 0.0000
vt -0.0931 0.6799 0.0000
vt 1.7009 0.5595 0.0000
vt 0.7813 0.0323 1.0000
vt 0.7813 0.0521 1.0000
vt 0.7500 0.0521 1.0000
vt 0.7500 0.0323 1.0000
vt 0.8438 0.0323 1.0000
vt 0.8438 0.0521 1.0000
vt 0.8125 0.0521 1.0000
vt 0.8125 0.0323 1.0000
vt 0.9063 0.0323 1.0000
vt 0.9063 0.0521 1.0000
vt 0.8750 0.0521 1.0000
vt 0.8750 0.0323 1.0000
vt -0.0312 0.0323 1.0000
vt -0.0312 0.0521 1.0000
vt -0.0625 0.0521 1.0000
vt -0.0625 0.0323 1.0000
vt 0.0313 0.0323 1.0000
vt 0.0313 0.0521 1.0000
vt 0.0000 0.0521 1.0000
vt 0.0000 0.0323 1.0000
vt 0.0938 0.0323 1.0000
vt 0.0938 0.0521 1.0000
vt 0.0625 0.0521 1.0000
vt 0.0625 0.0323 1.0000
vt 0.1563 0.0323 1.0000
vt 0.1563 0.0521 1.0000
vt 0.1250 0.0521 1.0000
vt 0.1250 0.0323 1.0000
vt 0.2187 0.0323 1.0000
vt 0.2187 0.0521 1.0000
vt 0.1875 0.0521 1.0000
vt 0.1875 0.0323 1.0000
vt 0.2812 0.0323 1.0000
vt 0.2812 0.0521 1.0000
vt 0.2500 0.0521 1.0000
vt 0.2500 0.0323 1.0000
vt 0.3437 0.0323 1.0000
vt 0.3437 0.0521 1.0000
vt 0.3125 0.0521 1.0000
vt 0.3125 0.0323 1.0000
vt 0.4063 0.0323 1.0000
vt 0.4063 0.0521 1.0000
vt 0.3750 0.0521 1.0000
vt 0.3750 0.0323 1.0000
vt 0.4688 0.0323 1.0000
vt 0.4688 0.0521 1.0000
vt 0.4375 0.0521 1.0000
vt 0.4375 0.0323 1.0000
vt 0.5313 0.0323 1.0000
vt 0.5313 0.0521 1.0000
vt 0.5000 0.0521 1.0000
vt 0.5000 0.0323 1.0000
vt 0.5938 0.0323 1.0000
vt 0.5938 0.0521 1.0000
vt 0.5625 0.0521 1.0000
vt 0.5625 0.0323 1.0000
vt 0.6563 0.0323 1.0000
vt 0.6563 0.0521 1.0000
vt 0.6250 0.0521 1.0000
vt 0.6250 0.0323 1.0000
vt 0.7188 0.0323 1.0000
vt 0.7188 0.0521 1.0000
vt 0.6875 0.0521 1.0000
vt 0.6875 0.0323 1.0000
vt 0.7485 1.0000 0.8803
vt 0.7737 1.0000 0.8744
vt 0.7996 1.0000 0.8712
vt 0.7234 1.0000 0.8862
vt 0.8255 1.0000 0.8681
vt 0.2935 1.0000 -0.1727
vt 0.8526 1.0000 0.8681
vt 0.8798 1.0000 0.8681
vt 0.8780 1.0000 0.8020
vt 0.8762 1.0000 0.7359
vt 0.7065 1.0000 0.1727
vt 0.8458 1.0000 0.6138
vt 0.8154 1.0000 0.4917
vt 0.7609 1.0000 0.3322
vt 0.6364 1.0000 0.0000
vt 0.5662 1.0000 -0.1727
vt 0.4910 1.0000 -0.3322
vt 0.4159 1.0000 -0.4917
vt 0.1745 1.0000 -0.8681
vt 0.3471 1.0000 -0.6138
vt 0.2783 1.0000 -0.7359
vt 0.2264 1.0000 -0.8020
vt 0.1474 1.0000 -0.8681
vt 0.1202 1.0000 -0.8681
vt 0.1220 1.0000 -0.8020
vt 0.1238 1.0000 -0.7359
vt 0.1542 1.0000 -0.6138
vt 0.1846 1.0000 -0.4917
vt 0.2391 1.0000 -0.3322
vt 0.4837 1.0000 0.3645
vt 0.6986 1.0000 0.8939
vt 0.6738 1.0000 0.9017
vt 0.8125 0.9427 1.0000
vt 0.7813 0.9427 1.0000
vt 0.7813 0.1700 1.0000
vt 0.8125 0.1700 1.0000
vt 0.8750 0.9427 1.0000
vt 0.8438 0.9427 1.0000
vt 0.8438 0.1700 1.0000
vt 0.8750 0.1700 1.0000
vt 0.9375 0.9427 1.0000
vt 0.9063 0.9427 1.0000
vt 0.9063 0.1700 1.0000
vt 0.9375 0.1700 1.0000
vt 0.0000 0.9427 1.0000
vt -0.0312 0.9427 1.0000
vt -0.0312 0.1700 1.0000
vt 0.0000 0.1700 1.0000
vt 0.0625 0.9427 1.0000
vt 0.0313 0.9427 1.0000
vt 0.0313 0.1700 1.0000
vt 0.0625 0.1700 1.0000
vt 0.1250 0.9427 1.0000
vt 0.0938 0.9427 1.0000
vt 0.0938 0.1700 1.0000
vt 0.1250 0.1700 1.0000
vt 0.1875 0.9427 1.0000
vt 0.1563 0.9427 1.0000
vt 0.1563 0.1700 1.0000
vt 0.1875 0.1700 1.0000
vt 0.2500 0.9427 1.0000
vt 0.2187 0.9427 1.0000
vt 0.2187 0.1700 1.0000
vt 0.2500 0.1700 1.0000
vt 0.3125 0.9427 1.0000
vt 0.2812 0.9427 1.0000
vt 0.2812 0.1700 1.0000
vt 0.3125 0.1700 1.0000
vt 0.3750 0.9427 1.0000
vt 0.3437 0.9427 1.0000
vt 0.3437 0.1700 1.0000
vt 0.3750 0.1700 1.0000
vt 0.4375 0.9427 1.0000
vt 0.4063 0.9427 1.0000
vt 0.4063 0.1700 1.0000
vt 0.4375 0.1700 1.0000
vt 0.5000 0.9427 1.0000
vt 0.4688 0.9427 1.0000
vt 0.4688 0.1700 1.0000
vt 0.5000 0.1700 1.0000
vt 0.5625 0.9427 1.0000
vt 0.5313 0.9427 1.0000
vt 0.5313 0.1700 1.0000
vt 0.5625 0.1700 1.0000
vt 0.6250 0.9427 1.0000
vt 0.5938 0.9427 1.0000
vt 0.5938 0.1700 1.0000
vt 0.6250 0.1700 1.0000
vt 0.6875 0.9427 1.0000
vt 0.6563 0.9427 1.0000
vt 0.6563 0.1700 1.0000
vt 0.6875 0.1700 1.0000
vt 0.7500 0.9427 1.0000
vt 0.7188 0.9427 1.0000
vt 0.7188 0.1700 1.0000
vt 0.7500 0.1700 1.0000
vt 0.2828 0.0000 -0.1826
vt 0.2042 0.0000 -0.3761
vt 0.2316 0.0000 -0.3045
vt 0.3614 0.0000 0.0109
vt 0.2590 0.0000 -0.2329
vt 1.0049 0.0000 1.5205
vt 0.2251 0.0000 -0.3695
vt 0.1911 0.0000 -0.5061
vt 0.0864 0.0000 -0.8713
vt -0.0183 0.0000 -1.2365
vt 0.3991 0.0000 -0.4086
vt 0.0123 0.0000 -1.2362
vt 0.0428 0.0000 -1.2359
vt 0.2210 0.0000 -0.8223
vt 0.4760 0.0000 -0.2724
vt 0.5529 0.0000 -0.1362
vt 0.4975 0.0000 -0.3532
vt 0.4420 0.0000 -0.5702
vt 1.0456 0.0000 1.0932
vt 0.5204 0.0000 -0.3771
vt 0.5989 0.0000 -0.1841
vt 0.8222 0.0000 0.4546
vt 1.0796 0.0000 1.2300
vt 1.1136 0.0000 1.3668
vt 0.9264 0.0000 0.9051
vt 0.7392 0.0000 0.4434
vt 0.7089 0.0000 0.4438
vt 0.6786 0.0000 0.4442
vt 0.8418 0.0000 0.9823
vt 0.8740 0.0000 1.2344
vt 0.5523 0.0000 0.4796
vt 0.7432 0.0000 0.9483
vt 0.8125 0.1484 1.0000
vt 0.7813 0.1484 1.0000
vt 0.7813 0.1377 1.0000
vt 0.8125 0.1377 1.0000
vt 0.7500 0.1484 1.0000
vt 0.7188 0.1484 1.0000
vt 0.7188 0.1377 1.0000
vt 0.7500 0.1377 1.0000
vt 0.6875 0.1484 1.0000
vt 0.6563 0.1484 1.0000
vt 0.6563 0.1377 1.0000
vt 0.6875 0.1377 1.0000
vt 0.6250 0.1484 1.0000
vt 0.5938 0.1484 1.0000
vt 0.5938 0.1377 1.0000
vt 0.6250 0.1377 1.0000
vt 0.5625 0.1484 1.0000
vt 0.5313 0.1484 1.0000
vt 0.5313 0.1377 1.0000
vt 0.5625 0.1377 1.0000
vt 0.5000 0.1484 1.0000
vt 0.4688 0.1484 1.0000
vt 0.4688 0.1377 1.0000
vt 0.5000 0.1377 1.0000
vt 0.4375 0.1484 1.0000
vt 0.4063 0.1484 1.0000
vt 0.4063 0.1377 1.0000
vt 0.4375 0.1377 1.0000
vt 0.3750 0.1484 1.0000
vt 0.3437 0.1484 1.0000
vt 0.3437 0.1377 1.0000
vt 0.3750 0.1377 1.0000
vt 0.3125 0.1484 1.0000
vt 0.2812 0.1484 1.0000
vt 0.2812 0.1377 1.0000
vt 0.3125 0.1377 1.0000
vt 0.2500 0.1484 1.0000
vt 0.2187 0.1484 1.0000
vt 0.2187 0.1377 1.0000
vt 0.2500 0.1377 1.0000
vt 0.1875 0.1484 1.0000
vt 0.1563 0.1484 1.0000
vt 0.1563 0.1377 1.0000
vt 0.1875 0.1377 1.0000
vt 0.1250 0.1484 1.0000
vt 0.0938 0.1484 1.0000
vt 0.0938 0.1377 1.0000
vt 0.1250 0.1377 1.0000
vt 0.0625 0.1484 1.0000
vt 0.0313 0.1484 1.0000
vt 0.0313 0.1377 1.0000
vt 0.0625 0.1377 1.0000
vt 0.0000 0.1484 1.0000
vt -0.0312 0.1484 1.0000
vt -0.0312 0.1377 1.0000
vt 0.0000 0.1377 1.0000
vt 0.9375 0.1484 1.0000
vt 0.9063 0.1484 1.0000
vt 0.9063 0.1377 1.0000
vt 0.9375 0.1377 1.0000
vt 0.8750 0.1484 1.0000
vt 0.8438 0.1484 1.0000
vt 0.8438 0.1377 1.0000
vt 0.8750 0.1377 1.0000
vt 0.8125 0.1592 1.0000
vt 0.7813 0.1592 1.0000
vt 0.7500 0.1592 1.0000
vt 0.7188 0.1592 1.0000
vt 0.6875 0.1592 1.0000
vt 0.6563 0.1592 1.0000
vt 0.6250 0.1592 1.0000
vt 0.5938 0.1592 1.0000
vt 0.5625 0.1592 1.0000
vt 0.5313 0.1592 1.0000
vt 0.5000 0.1592 1.0000
vt 0.4688 0.1592 1.0000
vt 0.4375 0.1592 1.0000
vt 0.4063 0.1592 1.0000
vt 0.3750 0.1592 1.0000
vt 0.3437 0.1592 1.0000
vt 0.3125 0.1592 1.0000
vt 0.2812 0.1592 1.0000
vt 0.2500 0.1592 1.0000
vt 0.2187 0.1592 1.0000
vt 0.1875 0.1592 1.0000
vt 0.1563 0.1592 1.0000
vt 0.1250 0.1592 1.0000
vt 0.0938 0.1592 1.0000
vt 0.0625 0.1592 1.0000
vt 0.0313 0.1592 1.0000
vt 0.0000 0.1592 1.0000
vt -0.0312 0.1592 1.0000
vt 0.9375 0.1592 1.0000
vt 0.9063 0.1592 1.0000
vt 0.8750 0.1592 1.0000
vt 0.8438 0.1592 1.0000
vt 0.7813 0.1184 1.0000
vt 0.8125 0.1184 1.0000
vt 0.8438 0.1184 1.0000
vt 0.8750 0.1184 1.0000
vt 0.9063 0.1184 1.0000
vt 0.9375 0.1184 1.0000
vt -0.0312 0.1184 1.0000
vt 0.0000 0.1184 1.0000
vt 0.0313 0.1184 1.0000
vt 0.0625 0.1184 1.0000
vt 0.0938 0.1184 1.0000
vt 0.1250 0.1184 1.0000
vt 0.1563 0.1184 1.0000
vt 0.1875 0.1184 1.0000
vt 0.2187 0.1184 1.0000
vt 0.2500 0.1184 1.0000
vt 0.2812 0.1184 1.0000
vt 0.3125 0.1184 1.0000
vt 0.3437 0.1184 1.0000
vt 0.3750 0.1184 1.0000
vt 0.4063 0.1184 1.0000
vt 0.4375 0.1184 1.0000
vt 0.4688 0.1184 1.0000
vt 0.5000 0.1184 1.0000
vt 0.5313 0.1184 1.0000
vt 0.5625 0.1184 1.0000
vt 0.5938 0.1184 1.0000
vt 0.6250 0.1184 1.0000
vt 0.6563 0.1184 1.0000
vt 0.6875 0.1184 1.0000
vt 0.7188 0.1184 1.0000
vt 0.7500 0.1184 1.0000
vt 0.6784 0.9875 0.9344
vt 0.7053 0.9875 0.9293
vt 0.7323 0.9875 0.9242
vt 0.7594 0.9875 0.9202
vt 0.7866 0.9875 0.9163
vt 0.8143 0.9875 0.9142
vt 0.8420 0.9875 0.9120
vt 0.8705 0.9875 0.9120
vt -0.0575 0.8565 1.0000
vt -0.0592 0.8919 1.0000
vt -0.0312 0.8919 1.0000
vt -0.0312 0.8565 1.0000
vt 0.0050 0.8565 1.0000
vt 0.0033 0.8919 1.0000
vt 0.0313 0.8919 1.0000
vt 0.0313 0.8565 1.0000
vt 0.0675 0.8565 1.0000
vt 0.0658 0.8919 1.0000
vt 0.0938 0.8919 1.0000
vt 0.0938 0.8565 1.0000
vt 0.1300 0.8565 1.0000
vt 0.1283 0.8919 1.0000
vt 0.1563 0.8919 1.0000
vt 0.1562 0.8565 1.0000
vt 0.1925 0.8565 1.0000
vt 0.1908 0.8919 1.0000
vt 0.2187 0.8919 1.0000
vt 0.2187 0.8565 1.0000
vt 0.2550 0.8565 1.0000
vt 0.2533 0.8919 1.0000
vt 0.2812 0.8919 1.0000
vt 0.2812 0.8565 1.0000
vt 0.3175 0.8565 1.0000
vt 0.3158 0.8919 1.0000
vt 0.3437 0.8919 1.0000
vt 0.3437 0.8565 1.0000
vt 0.3800 0.8565 1.0000
vt 0.3783 0.8919 1.0000
vt 0.4063 0.8919 1.0000
vt 0.4063 0.8565 1.0000
vt 0.4425 0.8565 1.0000
vt 0.4408 0.8919 1.0000
vt 0.4688 0.8919 1.0000
vt 0.4688 0.8565 1.0000
vt 0.5050 0.8565 1.0000
vt 0.5033 0.8919 1.0000
vt 0.5313 0.8919 1.0000
vt 0.5313 0.8565 1.0000
vt 0.5675 0.8565 1.0000
vt 0.5658 0.8919 1.0000
vt 0.5938 0.8919 1.0000
vt 0.5938 0.8565 1.0000
vt 0.6300 0.8565 1.0000
vt 0.6283 0.8919 1.0000
vt 0.6563 0.8919 1.0000
vt 0.6563 0.8565 1.0000
vt 0.6829 0.9750 0.9672
vt 0.7120 0.9750 0.9646
vt 0.6875 0.9626 1.0000
vt 0.7188 0.9626 1.0000
vt 0.7411 0.9750 0.9621
vt 0.7703 0.9750 0.9601
vt 0.7500 0.9626 1.0000
vt 0.7813 0.9626 1.0000
vt 0.7996 0.9750 0.9581
vt 0.8290 0.9750 0.9571
vt 0.8125 0.9626 1.0000
vt 0.8438 0.9626 1.0000
vt 0.8585 0.9750 0.9560
vt 0.8884 0.9750 0.9560
vt 0.8750 0.9626 1.0000
vt 0.9063 0.9626 1.0000
vt -0.0608 0.9272 1.0000
vt -0.0312 0.9272 1.0000
vt -0.0625 0.9626 1.0000
vt -0.0312 0.9626 1.0000
vt 0.0017 0.9272 1.0000
vt 0.0313 0.9272 1.0000
vt 0.0000 0.9626 1.0000
vt 0.0313 0.9626 1.0000
vt 0.0642 0.9272 1.0000
vt 0.0938 0.9272 1.0000
vt 0.0625 0.9626 1.0000
vt 0.0938 0.9626 1.0000
vt 0.1267 0.9272 1.0000
vt 0.1563 0.9272 1.0000
vt 0.1250 0.9626 1.0000
vt 0.1563 0.9626 1.0000
vt 0.1892 0.9272 1.0000
vt 0.2187 0.9272 1.0000
vt 0.1875 0.9626 1.0000
vt 0.2187 0.9626 1.0000
vt 0.2517 0.9272 1.0000
vt 0.2812 0.9272 1.0000
vt 0.2500 0.9626 1.0000
vt 0.2812 0.9626 1.0000
vt 0.3142 0.9272 1.0000
vt 0.3437 0.9272 1.0000
vt 0.3125 0.9626 1.0000
vt 0.3437 0.9626 1.0000
vt 0.3767 0.9272 1.0000
vt 0.4063 0.9272 1.0000
vt 0.3750 0.9626 1.0000
vt 0.4063 0.9626 1.0000
vt 0.4392 0.9272 1.0000
vt 0.4688 0.9272 1.0000
vt 0.4375 0.9626 1.0000
vt 0.4688 0.9626 1.0000
vt 0.5017 0.9272 1.0000
vt 0.5313 0.9272 1.0000
vt 0.5000 0.9626 1.0000
vt 0.5313 0.9626 1.0000
vt 0.5642 0.9272 1.0000
vt 0.5938 0.9272 1.0000
vt 0.5625 0.9626 1.0000
vt 0.5938 0.9626 1.0000
vt 0.6267 0.9272 1.0000
vt 0.6563 0.9272 1.0000
vt 0.6250 0.9626 1.0000
vt 0.6563 0.9626 1.0000
vt 0.9375 0.9626 1.0000
vt 0.7874 0.1795 0.9479
vt 0.9630 0.1548 1.1969
vt 1.0075 0.2321 1.1781
vt 0.8095 0.2693 0.9477
vt 0.8974 -0.3312 1.5196
vt 0.6444 -0.2764 1.0547
vt 0.5457 -0.4145 1.0909
vt 0.8436 -0.4967 1.5191
vt 0.6762 0.0167 0.4441
vt 0.7089 0.0167 0.4440
vt 0.7089 0.0250 0.4440
vt 0.6750 0.0251 0.4441
vt 0.8198 0.2955 0.4433
vt 1.0829 0.2520 0.8424
vt 1.1611 0.3780 0.8110
vt 0.8601 0.4433 0.4433
vt 1.0864 -0.0744 1.3659
vt 1.0315 -0.0612 1.2461
vt 1.0074 -0.0917 1.2542
vt 1.0728 -0.1116 1.3655
vt 0.9293 -0.3856 1.0927
vt 0.6040 -0.3250 0.5378
vt 0.4950 -0.4875 0.5794
vt 0.8712 -0.5784 1.0924
vt 0.5687 -0.1119 -0.1836
vt 0.4616 -0.0955 -0.3529
vt 0.4322 -0.1433 -0.3407
vt 0.5536 -0.1679 -0.1833
vt 0.4904 0.1389 -0.5692
vt 0.5844 0.1148 -0.3835
vt 0.6279 0.1722 -0.3986
vt 0.5146 0.2084 -0.5688
vt 0.5366 -0.0848 -0.1355
vt 0.4398 -0.0747 -0.2552
vt 0.4217 -0.1121 -0.2466
vt 0.5284 -0.1273 -0.1352
vt 0.3312 -0.2621 -0.4077
vt 0.0867 -0.2247 -0.7664
vt 0.0195 -0.3370 -0.7385
vt 0.2972 -0.3932 -0.4072
vt 0.0459 -0.0175 -1.2343
vt 0.0129 -0.0175 -1.2344
vt 0.0132 -0.0262 -1.2335
vt 0.0474 -0.0263 -1.2334
vt 0.0544 0.2156 -1.2348
vt 0.2182 0.1791 -0.9178
vt 0.2842 0.2687 -0.9411
vt 0.0908 0.3234 -1.2340
vt 0.2182 0.0739 -0.5051
vt 0.2730 0.0607 -0.3854
vt 0.2970 0.0911 -0.3933
vt 0.2318 0.1109 -0.5046
vt 0.2441 -0.0537 -0.2322
vt 0.2027 -0.0456 -0.2923
vt 0.1882 -0.0683 -0.2862
vt 0.2366 -0.0806 -0.2318
vt 0.2353 0.1134 -0.3753
vt 0.3429 0.0968 -0.2058
vt 0.3729 0.1451 -0.2174
vt 0.2508 0.1700 -0.3749
vt 0.4400 0.2890 0.0113
vt 0.7048 0.2466 0.4188
vt 0.7811 0.3699 0.3884
vt 0.4792 0.4335 0.0115
vt 0.7653 0.0898 0.9481
vt 0.9185 0.0774 1.2156
vt 0.9511 -0.1656 1.5200
vt 0.7431 -0.1382 1.0185
vt 0.6774 0.0084 0.4441
vt 0.7089 0.0083 0.4439
vt 0.7795 0.1478 0.4434
vt 1.0046 0.1260 0.8737
vt 1.1000 -0.0372 1.3664
vt 1.0555 -0.0306 1.2381
vt 0.9874 -0.1928 1.0930
vt 0.7131 -0.1625 0.4962
vt 0.5838 -0.0560 -0.1838
vt 0.4910 -0.0478 -0.3650
vt 0.4662 0.0695 -0.5697
vt 0.5409 0.0574 -0.3683
vt 0.5447 -0.0424 -0.1359
vt 0.4579 -0.0374 -0.2638
vt 0.3651 -0.1311 -0.4082
vt 0.1538 -0.1123 -0.7943
vt 0.0444 -0.0088 -1.2351
vt 0.0126 -0.0087 -1.2353
vt 0.0181 0.1078 -1.2357
vt 0.1523 0.0896 -0.8946
vt 0.2047 0.0370 -0.5056
vt 0.2490 0.0304 -0.3775
vt 0.2516 -0.0269 -0.2326
vt 0.2172 -0.0228 -0.2984
vt 0.2197 0.0567 -0.3757
vt 0.3129 0.0484 -0.1942
vt 0.4007 0.1445 0.0111
vt 0.6286 0.1233 0.4492
vt 0.9375 0.0521 1.0000
vt 0.2796 0.0000 -0.1796
vt 0.1623 0.0000 -0.5234
vt 0.0970 0.0000 -0.7859
vt 0.7389 0.0000 0.9501
vt 0.0936 0.0000 -0.9270
vt 0.1527 0.0000 -0.9254
vt 0.4141 0.0000 -0.5165
vt 0.2653 0.0000 -0.7813
vt 0.5758 0.0000 -0.1738
vt 0.7266 0.0000 0.1971
vt 0.9086 0.0000 0.8016
vt 0.8434 0.0000 0.5396
vt 0.9121 0.0000 0.9432
vt 0.8534 0.0000 0.9429
vt 0.7958 0.0000 0.9453
vt 0.4310 0.0000 0.1932
vt 0.7500 0.0402 1.0000
vt 0.8125 0.0402 1.0000
vt 0.8125 1.0000 1.0000
vt 0.8750 0.0402 1.0000
vt 0.9375 0.0402 1.0000
vt 0.9375 1.0000 1.0000
vt -0.0625 0.0402 1.0000
vt 0.0000 0.0402 1.0000
vt -0.0625 1.0000 1.0000
vt 0.0625 0.0402 1.0000
vt 0.0625 1.0000 1.0000
vt 0.1250 0.0402 1.0000
vt 0.1875 0.0402 1.0000
vt 0.1875 1.0000 1.0000
vt 0.2500 0.0402 1.0000
vt 0.3125 0.0402 1.0000
vt 0.3125 1.0000 1.0000
vt 0.3750 0.0402 1.0000
vt 0.4375 0.0402 1.0000
vt 0.4375 1.0000 1.0000
vt 0.5000 0.0402 1.0000
vt 0.5625 0.0402 1.0000
vt 0.5625 1.0000 1.0000
vt 0.6250 0.0402 1.0000
vt 0.6875 0.0402 1.0000
vt 0.6875 1.0000 1.0000
vt 0.2621 1.0000 -0.1989
vt 0.9334 1.0000 0.8478
vt 0.7379 1.0000 0.1989
vt 0.8633 1.0000 0.5665
vt 0.5763 1.0000 -0.1989
vt 0.4031 1.0000 -0.5665
vt 0.1250 1.0000 -1.0000
vt 0.2446 1.0000 -0.8478
vt 0.0625 1.0000 -1.0000
vt 0.0666 1.0000 -0.8478
vt 0.1367 1.0000 -0.5665
vt -0.0020 0.1214 1.0000
vt -0.0605 0.1214 1.0000
vt 0.0605 0.1214 1.0000
vt 0.0020 0.1214 1.0000
vt 0.1230 0.1214 1.0000
vt 0.0645 0.1214 1.0000
vt 0.1855 0.1214 1.0000
vt 0.1270 0.1214 1.0000
vt 0.2480 0.1214 1.0000
vt 0.1895 0.1214 1.0000
vt 0.3105 0.1214 1.0000
vt 0.2520 0.1214 1.0000
vt 0.3730 0.1214 1.0000
vt 0.3145 0.1214 1.0000
vt 0.4355 0.1214 1.0000
vt 0.3770 0.1214 1.0000
vt 0.4980 0.1214 1.0000
vt 0.4395 0.1214 1.0000
vt 0.5605 0.1214 1.0000
vt 0.5020 0.1214 1.0000
vt 0.6230 0.1214 1.0000
vt 0.5645 0.1214 1.0000
vt 0.6855 0.1214 1.0000
vt 0.6270 0.1214 1.0000
vt 0.7480 0.1214 1.0000
vt 0.6895 0.1214 1.0000
vt 0.0859 0.0000 -0.8090
vt 0.0500 0.0000 -1.0000
vt 0.1000 0.0000 -1.0000
vt 0.1500 0.0000 -1.0000
vt 0.1219 0.0000 -0.6180
vt 0.2668 0.0000 -0.8090
vt 0.3837 0.0000 -0.6180
vt 0.5227 0.0000 -0.3090
vt 0.6618 0.0000 -0.0000
vt 0.7700 0.0000 0.3090
vt 0.8781 0.0000 0.6180
vt 0.9141 0.0000 0.8090
vt 0.9500 0.0000 1.0000
vt 0.9000 0.0000 1.0000
vt 0.8500 0.0000 1.0000
vt 0.8000 0.0000 1.0000
vt 0.5441 0.0000 0.5000
vt 0.2300 0.0000 -0.3090
vt 0.3382 0.0000 0.0000
vt 0.8000 1.0000 1.0000
vt 0.9000 1.0000 1.0000
vt 0.8500 1.0000 1.0000
vt -0.0500 1.0000 1.0000
vt -0.0500 0.0000 1.0000
vt 0.1000 0.0000 1.0000
vt 0.1000 1.0000 1.0000
vt 0.0500 1.0000 1.0000
vt 0.0500 0.0000 1.0000
vt 0.2000 0.0000 1.0000
vt 0.2000 1.0000 1.0000
vt 0.1500 1.0000 1.0000
vt 0.1500 0.0000 1.0000
vt 0.3000 0.0000 1.0000
vt 0.3000 1.0000 1.0000
vt 0.4000 0.0000 1.0000
vt 0.4000 1.0000 1.0000
vt 0.3500 1.0000 1.0000
vt 0.3500 0.0000 1.0000
vt 0.4500 1.0000 1.0000
vt 0.4500 0.0000 1.0000
vt 0.6000 0.0000 1.0000
vt 0.6000 1.0000 1.0000
vt 0.5500 1.0000 1.0000
vt 0.5500 0.0000 1.0000
vt 0.7000 0.0000 1.0000
vt 0.7000 1.0000 1.0000
vt 0.6500 1.0000 1.0000
vt 0.6500 0.0000 1.0000
vt 0.9500 1.0000 1.0000
vt 0.1219 1.0000 -0.6180
vt 0.9141 1.0000 0.8090
vt 0.8781 1.0000 0.6180
vt 0.7700 1.0000 0.3090
vt 0.6618 1.0000 -0.0000
vt 0.5227 1.0000 -0.3090
vt 0.3837 1.0000 -0.6180
vt 0.2668 1.0000 -0.8090
vt 0.1500 1.0000 -1.0000
vt 0.1000 1.0000 -1.0000
vt 0.0500 1.0000 -1.0000
vt 0.0859 1.0000 -0.8090
vt 0.3859 1.0000 0.1910
vt 0.2646 0.0000 -0.1652
vt 0.1950 0.0000 -0.3258
vt 0.1336 0.0000 -0.4776
vt 0.0823 0.0000 -0.6163
vt 0.0424 0.0000 -0.7383
vt 0.0007 0.0000 -0.9189
vt 0.0149 0.0000 -0.8401
vt 0.0001 0.0000 -0.9728
vt 0.0131 0.0000 -1.0000
vt 0.0783 0.0000 -0.9728
vt 0.0395 0.0000 -1.0000
vt 0.8026 0.0000 1.0000
vt 0.1287 0.0000 -0.9189
vt 0.1892 0.0000 -0.8401
vt 0.3338 0.0000 -0.6163
vt 0.2582 0.0000 -0.7383
vt 0.4139 0.0000 -0.4776
vt 0.4964 0.0000 -0.3258
vt 0.6593 0.0000 -0.0000
vt 0.5789 0.0000 -0.1652
vt 0.7354 0.0000 0.1652
vt 0.8050 0.0000 0.3258
vt 0.9177 0.0000 0.6163
vt 0.8664 0.0000 0.4776
vt 0.9576 0.0000 0.7382
vt 0.9851 0.0000 0.8400
vt 0.9999 0.0000 0.9727
vt 0.9993 0.0000 0.9189
vt 0.9868 0.0000 1.0000
vt 0.9605 0.0000 1.0000
vt 0.9079 0.0000 1.0000
vt 0.9342 0.0000 1.0000
vt 0.8816 0.0000 1.0000
vt 0.8553 0.0000 1.0000
vt 0.8289 0.0000 1.0000
vt 0.7763 0.0000 1.0000
vt 0.3407 0.0000 0.0000
vt 0.7763 0.2000 1.0000
vt 0.7500 0.2000 1.0000
vt 0.8026 0.2000 1.0000
vt 0.8289 0.2000 1.0000
vt 0.8553 0.2000 1.0000
vt 0.8816 0.2000 1.0000
vt 0.9079 0.2000 1.0000
vt 0.9342 0.2000 1.0000
vt 0.9605 0.2000 1.0000
vt 0.9868 0.2000 1.0000
vt 0.0132 0.0000 1.0000
vt 0.0132 0.2000 1.0000
vt -0.0132 0.2000 1.0000
vt -0.0132 0.0000 1.0000
vt 0.0395 0.0000 1.0000
vt 0.0395 0.2000 1.0000
vt 0.0658 0.0000 1.0000
vt 0.0658 0.2000 1.0000
vt 0.0921 0.0000 1.0000
vt 0.0921 0.2000 1.0000
vt 0.1184 0.0000 1.0000
vt 0.1184 0.2000 1.0000
vt 0.1447 0.0000 1.0000
vt 0.1447 0.2000 1.0000
vt 0.1711 0.0000 1.0000
vt 0.1711 0.2000 1.0000
vt 0.1974 0.0000 1.0000
vt 0.1974 0.2000 1.0000
vt 0.2237 0.0000 1.0000
vt 0.2237 0.2000 1.0000
vt 0.2500 0.2000 1.0000
vt 0.2763 0.0000 1.0000
vt 0.2763 0.2000 1.0000
vt 0.3026 0.0000 1.0000
vt 0.3026 0.2000 1.0000
vt 0.3289 0.0000 1.0000
vt 0.3289 0.2000 1.0000
vt 0.3553 0.0000 1.0000
vt 0.3553 0.2000 1.0000
vt 0.3816 0.0000 1.0000
vt 0.3816 0.2000 1.0000
vt 0.4079 0.0000 1.0000
vt 0.4079 0.2000 1.0000
vt 0.4342 0.0000 1.0000
vt 0.4342 0.2000 1.0000
vt 0.4605 0.0000 1.0000
vt 0.4605 0.2000 1.0000
vt 0.4868 0.0000 1.0000
vt 0.4868 0.2000 1.0000
vt 0.5132 0.0000 1.0000
vt 0.5132 0.2000 1.0000
vt 0.5395 0.0000 1.0000
vt 0.5395 0.2000 1.0000
vt 0.5658 0.0000 1.0000
vt 0.5658 0.2000 1.0000
vt 0.5921 0.0000 1.0000
vt 0.5921 0.2000 1.0000
vt 0.6184 0.0000 1.0000
vt 0.6184 0.2000 1.0000
vt 0.6447 0.0000 1.0000
vt 0.6447 0.2000 1.0000
vt 0.6711 0.0000 1.0000
vt 0.6711 0.2000 1.0000
vt 0.6974 0.0000 1.0000
vt 0.6974 0.2000 1.0000
vt 0.7237 0.0000 1.0000
vt 0.7237 0.2000 1.0000
vt 0.7763 1.0000 1.0000
vt 0.8026 1.0000 1.0000
vt 0.8289 1.0000 1.0000
vt 0.8553 1.0000 1.0000
vt 0.8816 1.0000 1.0000
vt 0.9079 1.0000 1.0000
vt 0.9342 1.0000 1.0000
vt 0.9605 1.0000 1.0000
vt 0.9868 1.0000 1.0000
vt 0.0132 1.0000 1.0000
vt -0.0132 1.0000 1.0000
vt 0.0395 1.0000 1.0000
vt 0.0658 1.0000 1.0000
vt 0.0921 1.0000 1.0000
vt 0.1184 1.0000 1.0000
vt 0.1447 1.0000 1.0000
vt 0.1711 1.0000 1.0000
vt 0.1974 1.0000 1.0000
vt 0.2237 1.0000 1.0000
vt 0.2763 1.0000 1.0000
vt 0.3026 1.0000 1.0000
vt 0.3289 1.0000 1.0000
vt 0.3553 1.0000 1.0000
vt 0.3816 1.0000 1.0000
vt 0.4079 1.0000 1.0000
vt 0.4342 1.0000 1.0000
vt 0.4605 1.0000 1.0000
vt 0.4868 1.0000 1.0000
vt 0.5132 1.0000 1.0000
vt 0.5395 1.0000 1.0000
vt 0.5658 1.0000 1.0000
vt 0.5921 1.0000 1.0000
vt 0.6184 1.0000 1.0000
vt 0.6447 1.0000 1.0000
vt 0.6711 1.0000 1.0000
vt 0.6974 1.0000 1.0000
vt 0.7237 1.0000 1.0000
vt 1.0039 1.0000 0.9350
vt 1.0169 1.0000 1.0059
vt 0.2471 1.0000 -0.2608
vt 0.9916 1.0000 0.8668
vt 0.9571 1.0000 0.7580
vt 0.8692 1.0000 0.5151
vt 0.9226 1.0000 0.6527
vt 0.8162 1.0000 0.3839
vt 0.7483 1.0000 0.2300
vt 0.6064 1.0000 -0.0683
vt 0.6825 1.0000 0.0873
vt 0.5351 1.0000 -0.2071
vt 0.4582 1.0000 -0.3492
vt 0.3189 1.0000 -0.5838
vt 0.3890 1.0000 -0.4691
vt 0.2593 1.0000 -0.6717
vt 0.2029 1.0000 -0.7479
vt 0.1223 1.0000 -0.8247
vt 0.1594 1.0000 -0.7944
vt 0.0995 1.0000 -0.8247
vt 0.0853 1.0000 -0.8070
vt 0.0956 1.0000 -0.6973
vt 0.0858 1.0000 -0.7605
vt 0.1193 1.0000 -0.6093
vt 0.1516 1.0000 -0.5082
vt 0.1960 1.0000 -0.3883
vt 0.3073 1.0000 -0.1220
vt 0.6217 0.8919 1.0000
vt 0.6200 0.8565 1.0000
vt 0.6233 0.9272 1.0000
vt 0.1613 -0.0374 -0.3524
vt 0.1398 -0.0561 -0.3406
vt 0.1827 -0.0187 -0.3642
vt 0.6842 0.8919 1.0000
vt 0.6825 0.8565 1.0000
vt 0.6858 0.9272 1.0000
vt 0.4505 0.0802 -0.0364
vt 0.4950 0.1202 -0.0600
vt 0.4060 0.0401 -0.0127
vt 0.5592 0.8919 1.0000
vt 0.5575 0.8565 1.0000
vt 0.5608 0.9272 1.0000
vt 0.3277 0.0475 -0.2656
vt 0.3621 0.0713 -0.2820
vt 0.2934 0.0238 -0.2493
vt 0.4967 0.8919 1.0000
vt 0.4950 0.8565 1.0000
vt 0.4983 0.9272 1.0000
vt 0.3820 0.1426 -0.6008
vt 0.4775 0.2139 -0.6481
vt 0.2866 0.0713 -0.5535
vt 0.4342 0.8919 1.0000
vt 0.4325 0.8565 1.0000
vt 0.4358 0.9272 1.0000
vt -0.0202 -0.0175 -1.2345
vt -0.0211 -0.0262 -1.2335
vt -0.0192 -0.0087 -1.2355
vt 0.3717 0.8919 1.0000
vt 0.3700 0.8565 1.0000
vt 0.3733 0.9272 1.0000
vt -0.1578 -0.1872 -1.1251
vt -0.2581 -0.2809 -1.0697
vt -0.0575 -0.0936 -1.1805
vt 0.3092 0.8919 1.0000
vt 0.3075 0.8565 1.0000
vt 0.3108 0.9272 1.0000
vt 0.3430 -0.0646 -0.3748
vt 0.3149 -0.0969 -0.3579
vt 0.3711 -0.0323 -0.3917
vt 0.2467 0.8919 1.0000
vt 0.2450 0.8565 1.0000
vt 0.2483 0.9272 1.0000
vt 0.6785 0.0907 -0.1977
vt 0.7412 0.1360 -0.2285
vt 0.6157 0.0453 -0.1670
vt 0.1842 0.8919 1.0000
vt 0.1825 0.8565 1.0000
vt 0.1858 0.9272 1.0000
vt 0.3546 -0.0792 -0.5222
vt 0.3108 -0.1187 -0.4982
vt 0.3983 -0.0396 -0.5462
vt 0.1217 0.8919 1.0000
vt 0.1200 0.8565 1.0000
vt 0.1233 0.9272 1.0000
vt 0.2787 -0.2644 -0.0171
vt 0.1187 -0.3966 0.0664
vt 0.4388 -0.1322 -0.1006
vt 0.0592 0.8919 1.0000
vt 0.0575 0.8565 1.0000
vt 0.0608 0.9272 1.0000
vt 0.9765 -0.0479 1.1263
vt 0.9420 -0.0718 1.1428
vt 1.0110 -0.0239 1.1098
vt -0.0625 0.9427 1.0000
vt -0.0625 0.1700 1.0000
vt -0.0625 0.1484 1.0000
vt -0.0625 0.1377 1.0000
vt -0.0625 0.1592 1.0000
vt -0.0625 0.1184 1.0000
vt -0.0033 0.8919 1.0000
vt -0.0050 0.8565 1.0000
vt -0.0017 0.9272 1.0000
vt 1.3459 0.2084 1.2414
vt 1.4621 0.3126 1.1787
vt 1.2298 0.1042 1.3041
vt 0.9375 0.0323 1.0000
vt 0.8990 0.9875 0.9120
vt 0.9183 0.9750 0.9560
vt 0.7415 0.0167 0.4438
vt 0.7427 0.0250 0.4440
vt 0.7404 0.0083 0.4436
vt 0.3915 -0.2216 0.5898
vt 0.2479 -0.3323 0.6626
vt 0.5350 -0.1108 0.5170
vt 1.1386 0.1300 1.4458
vt 1.2055 0.1950 1.4085
vt 1.0718 0.0650 1.4832
vt 0.9697 0.2042 0.8264
vt 1.0830 0.3064 0.7654
vt 0.8564 0.1021 0.8874
vt -0.0192 0.9200 1.0000
vt -0.0192 1.0000 1.0000
# 2482 texture coords

g Studio_Endo_Orbis_mat2
usemtl Studio_Endo_Orbis_m2_3
s 1
f 1/1/1 2/2/1 3/3/1 4/4/1 
f 4/4/1 3/3/1 5/5/1 6/6/1 
f 7/7/1 8/8/1 9/9/1 5/5/1 
f 5/5/1 9/9/1 10/10/1 11/11/1 
f 12/12/1 13/13/1 14/14/1 10/10/1 
f 10/10/1 14/14/1 11/11/1 
f 15/15/1 16/16/1 17/17/1 11/11/1 
f 11/11/1 17/17/1 18/18/1 19/19/1 
f 20/20/1 21/21/1 22/22/1 18/18/1 
f 18/18/1 22/22/1 19/19/1 
f 23/23/1 24/24/1 25/25/1 19/19/1 
f 19/19/1 25/25/1 26/26/1 27/27/1 
f 28/28/1 29/29/1 30/30/1 26/26/1 
f 26/26/1 30/30/1 27/27/1 
f 11/11/1 19/19/1 27/27/1 31/31/1 
f 32/32/1 33/33/1 34/34/1 27/27/1 
f 27/27/1 34/34/1 35/35/1 36/36/1 
f 37/37/1 38/38/1 39/39/1 35/35/1 
f 35/35/1 39/39/1 36/36/1 
f 40/40/1 41/41/1 42/42/1 36/36/1 
f 36/36/1 42/42/1 43/43/1 31/31/1 
f 44/44/1 45/45/1 46/46/1 43/43/1 
f 43/43/1 46/46/1 31/31/1 
f 27/27/1 36/36/1 31/31/1 
f 47/47/1 48/48/1 49/49/1 31/31/1 
f 31/31/1 49/49/1 50/50/1 51/51/1 
f 52/52/1 53/53/1 54/54/1 50/50/1 
f 50/50/1 54/54/1 51/51/1 
f 55/55/1 56/56/1 57/57/1 51/51/1 
f 51/51/1 57/57/1 58/58/1 59/59/1 
f 60/60/1 61/61/1 62/62/1 58/58/1 
f 58/58/1 62/62/1 59/59/1 
f 31/31/1 51/51/1 59/59/1 63/63/1 
f 64/64/1 65/65/1 66/66/1 59/59/1 
f 59/59/1 66/66/1 67/67/1 68/68/1 
f 69/69/1 70/70/1 71/71/1 67/67/1 
f 67/67/1 71/71/1 68/68/1 
f 72/72/1 73/73/1 74/74/1 68/68/1 
f 68/68/1 74/74/1 75/75/1 63/63/1 
f 76/76/1 77/77/1 78/78/1 75/75/1 
f 75/75/1 78/78/1 63/63/1 
f 59/59/1 68/68/1 63/63/1 
f 11/11/1 31/31/1 63/63/1 79/79/1 
f 80/80/1 81/81/1 82/82/1 63/63/1 
f 63/63/1 82/82/1 83/83/1 84/84/1 
f 85/85/1 86/86/1 87/87/1 83/83/1 
f 83/83/1 87/87/1 84/84/1 
f 88/88/1 89/89/1 90/90/1 84/84/1 
f 84/84/1 90/90/1 91/91/1 79/79/1 
f 92/92/1 93/93/1 94/94/1 91/91/1 
f 91/91/1 94/94/1 79/79/1 
f 63/63/1 84/84/1 79/79/1 
f 95/95/1 96/96/1 97/97/1 79/79/1 
f 79/79/1 97/97/1 98/98/1 6/6/1 
f 99/99/1 100/100/1 101/101/1 98/98/1 
f 98/98/1 101/101/1 6/6/1 
f 11/11/1 79/79/1 6/6/1 5/5/1 
f 102/102/1 4/4/1 6/6/1 103/103/1 
f 104/104/1 102/102/1 103/103/1 
s 8
f 105/105/2 106/106/3 107/107/3 108/108/2 
f 109/109/4 110/110/5 111/111/5 112/112/4 
f 113/113/6 114/114/7 115/115/7 116/116/6 
f 117/117/8 118/118/9 119/119/9 120/120/8 
f 121/121/10 122/122/11 123/123/11 124/124/10 
f 125/125/12 126/126/13 127/127/13 128/128/12 
f 129/129/14 130/130/15 131/131/15 132/132/14 
f 133/133/16 134/134/17 135/135/17 136/136/16 
f 137/137/18 138/138/19 139/139/19 140/140/18 
f 141/141/20 142/142/21 143/143/21 144/144/20 
f 145/145/22 146/146/23 147/147/23 148/148/22 
f 149/149/24 150/150/25 151/151/25 152/152/24 
f 153/153/26 154/154/27 155/155/27 156/156/26 
f 157/157/28 158/158/29 159/159/29 160/160/28 
f 161/161/30 162/162/31 163/163/31 164/164/30 
f 165/165/32 166/166/33 167/167/33 168/168/32 
f 169/169/34 170/170/35 171/171/35 172/172/34 
f 173/173/36 174/174/37 175/175/37 176/176/36 
f 177/177/38 178/178/39 179/179/39 180/180/38 
f 181/181/40 182/182/41 183/183/41 184/184/40 
f 185/185/42 186/186/43 187/187/43 188/188/42 
f 189/189/44 190/190/45 191/191/45 192/192/44 
f 193/193/46 194/194/47 195/195/47 196/196/46 
f 197/197/48 198/198/49 199/199/49 200/200/48 
f 201/201/50 202/202/51 203/203/51 204/204/50 
f 205/205/52 206/206/53 207/207/53 208/208/52 
f 209/209/54 210/210/55 211/211/55 212/212/54 
f 213/213/56 214/214/57 215/215/57 216/216/56 
f 217/217/58 218/218/59 219/219/59 220/220/58 
f 221/221/60 222/222/61 223/223/61 224/224/60 
f 225/225/62 226/226/63 227/227/63 228/228/62 
f 229/229/64 230/230/65 231/231/65 232/232/64 
f 233/233/66 234/234/67 235/235/67 236/236/66 
f 237/237/68 238/238/69 239/239/69 240/240/68 
f 241/241/70 242/242/71 243/243/71 244/244/70 
f 245/245/72 246/246/73 247/247/73 248/248/72 
f 249/249/74 250/250/75 251/251/75 252/252/74 
f 253/253/76 254/254/77 255/255/77 256/256/76 
f 257/257/78 258/258/79 259/259/79 260/260/80 
f 261/261/81 262/262/82 263/263/82 264/264/83 
f 265/265/84 266/266/85 267/267/85 268/268/84 
f 269/269/86 270/270/87 271/271/87 272/272/86 
f 273/273/88 274/274/89 275/275/89 276/276/88 
f 277/277/90 278/278/91 279/279/91 280/280/90 
f 281/281/92 282/282/93 283/283/93 284/284/92 
f 285/285/94 286/286/95 287/287/95 288/288/94 
f 289/289/96 290/290/97 291/291/97 292/292/96 
f 293/293/98 294/294/99 295/295/99 296/296/98 
f 297/297/100 298/298/101 299/299/101 300/300/100 
f 301/301/102 302/302/103 303/303/103 304/304/102 
f 305/305/104 306/306/105 307/307/105 308/308/104 
f 309/309/106 310/310/107 311/311/107 312/312/106 
s 1
f 313/313/108 314/314/108 315/315/108 316/316/108 
f 317/317/108 313/313/108 316/316/108 318/318/108 
f 319/319/108 320/320/108 321/321/108 322/322/108 
f 316/316/108 319/319/108 322/322/108 323/323/108 
f 324/324/108 325/325/108 326/326/108 323/323/108 
f 322/322/108 324/324/108 323/323/108 
f 327/327/108 328/328/108 329/329/108 330/330/108 
f 323/323/108 327/327/108 330/330/108 331/331/108 
f 332/332/108 333/333/108 334/334/108 331/331/108 
f 330/330/108 332/332/108 331/331/108 
f 335/335/108 336/336/108 337/337/108 338/338/108 
f 331/331/108 335/335/108 338/338/108 339/339/108 
f 340/340/108 341/341/108 342/342/108 339/339/108 
f 338/338/108 340/340/108 339/339/108 
f 323/323/108 331/331/108 339/339/108 343/343/108 
f 344/344/108 345/345/108 346/346/108 347/347/108 
f 339/339/108 344/344/108 347/347/108 348/348/108 
f 349/349/108 350/350/108 351/351/108 348/348/108 
f 347/347/108 349/349/108 348/348/108 
f 352/352/108 353/353/108 354/354/108 355/355/108 
f 348/348/108 352/352/108 355/355/108 343/343/108 
f 356/356/108 357/357/108 358/358/108 343/343/108 
f 355/355/108 356/356/108 343/343/108 
f 339/339/108 348/348/108 343/343/108 
f 359/359/108 360/360/108 361/361/108 362/362/108 
f 343/343/108 359/359/108 362/362/108 363/363/108 
f 364/364/108 365/365/108 366/366/108 363/363/108 
f 362/362/108 364/364/108 363/363/108 
f 367/367/108 368/368/108 369/369/108 370/370/108 
f 363/363/108 367/367/108 370/370/108 371/371/108 
f 372/372/108 373/373/108 374/374/108 371/371/108 
f 370/370/108 372/372/108 371/371/108 
f 343/343/108 363/363/108 371/371/108 375/375/108 
f 376/376/108 377/377/108 378/378/108 379/379/108 
f 371/371/108 376/376/108 379/379/108 380/380/108 
f 381/381/108 382/382/108 383/383/108 380/380/108 
f 379/379/108 381/381/108 380/380/108 
f 384/384/108 385/385/108 386/386/108 387/387/108 
f 380/380/108 384/384/108 387/387/108 375/375/108 
f 388/388/108 389/389/108 390/390/108 375/375/108 
f 387/387/108 388/388/108 375/375/108 
f 371/371/108 380/380/108 375/375/108 
f 323/323/108 343/343/108 375/375/108 391/391/108 
f 392/392/108 393/393/108 394/394/108 395/395/108 
f 375/375/108 392/392/108 395/395/108 396/396/108 
f 397/397/108 398/398/108 399/399/108 396/396/108 
f 395/395/108 397/397/108 396/396/108 
f 400/400/108 401/401/108 402/402/108 403/403/108 
f 396/396/108 400/400/108 403/403/108 391/391/108 
f 404/404/108 405/405/108 406/406/108 391/391/108 
f 403/403/108 404/404/108 391/391/108 
f 375/375/108 396/396/108 391/391/108 
f 407/407/108 408/408/108 409/409/108 410/410/108 
f 391/391/108 407/407/108 410/410/108 318/318/108 
f 411/411/108 412/412/108 413/413/108 318/318/108 
f 410/410/108 411/411/108 318/318/108 
f 323/323/108 391/391/108 318/318/108 316/316/108 
f 317/317/108 318/318/108 414/414/108 415/415/108 
f 416/416/108 415/415/108 414/414/108 
s 8
f 314/314/2 313/313/3 417/106/3 418/105/2 
f 6/6/106 101/101/3 419/107/3 420/312/106 
f 316/316/4 315/315/5 421/110/5 422/109/4 
f 100/100/2 99/99/5 423/111/5 424/108/2 
f 320/320/6 319/319/7 425/114/7 426/113/6 
f 98/98/4 97/97/7 427/115/7 428/112/4 
f 322/322/8 321/321/9 429/118/9 430/117/8 
f 96/96/6 95/95/9 431/119/9 432/116/6 
f 325/325/10 324/324/11 433/122/11 434/121/10 
f 79/79/109 94/94/110 435/123/110 436/120/8 
f 323/323/12 326/326/13 437/126/13 438/125/12 
f 93/93/111 92/92/13 439/127/13 440/124/10 
f 328/328/14 327/327/15 441/130/15 442/129/14 
f 91/91/12 90/90/15 443/131/15 444/128/12 
f 330/330/16 329/329/17 445/134/17 446/133/16 
f 89/89/14 88/88/17 447/135/17 448/132/14 
f 333/333/18 332/332/19 449/138/19 450/137/18 
f 84/84/16 87/87/19 451/139/19 452/136/16 
f 331/331/20 334/334/21 453/142/21 454/141/20 
f 86/86/18 85/85/21 455/143/21 456/140/18 
f 336/336/22 335/335/23 457/146/23 458/145/22 
f 83/83/20 82/82/23 459/147/23 460/144/20 
f 338/338/24 337/337/25 461/150/25 462/149/24 
f 81/81/22 80/80/25 463/151/25 464/148/22 
f 341/417/26 340/418/27 465/154/27 466/153/26 
f 63/419/24 78/420/27 467/155/27 468/421/24 
f 339/422/28 342/423/29 469/158/29 470/157/28 
f 77/424/26 76/425/29 471/159/29 472/156/26 
f 345/426/30 344/427/31 473/162/31 474/161/30 
f 75/428/28 74/429/31 475/163/31 476/160/28 
f 347/430/32 346/431/33 477/166/33 478/165/32 
f 73/432/112 72/433/33 479/167/33 480/164/112 
f 350/434/34 349/435/35 481/170/35 482/169/34 
f 68/436/32 71/437/35 483/171/35 484/168/32 
f 348/438/36 351/439/37 485/174/37 486/173/36 
f 70/440/34 69/441/37 487/175/37 488/172/34 
f 353/442/38 352/443/39 489/178/39 490/177/38 
f 67/444/36 66/445/39 491/179/39 492/176/36 
f 355/446/40 354/447/41 493/182/41 494/181/40 
f 65/448/38 64/449/41 495/183/41 496/180/38 
f 357/450/42 356/451/43 497/186/43 498/185/42 
f 59/452/40 62/453/43 499/187/43 500/184/40 
f 343/454/44 358/455/45 501/190/45 502/189/44 
f 61/456/42 60/457/45 503/191/45 504/188/42 
f 360/458/46 359/459/47 505/194/47 506/193/46 
f 58/460/44 57/461/47 507/195/47 508/192/44 
f 362/462/48 361/463/49 509/198/49 510/197/48 
f 56/464/46 55/465/49 511/199/49 512/196/46 
f 365/466/50 364/467/51 513/202/51 514/201/50 
f 51/468/48 54/469/51 515/203/51 516/200/48 
f 363/470/52 366/471/53 517/206/53 518/205/52 
f 53/472/50 52/473/53 519/207/53 520/204/50 
f 368/474/54 367/475/55 521/210/55 522/209/54 
f 50/476/52 49/477/55 523/211/55 524/208/52 
f 370/478/56 369/479/57 525/214/57 526/213/56 
f 48/480/54 47/481/57 527/215/57 528/212/54 
f 373/482/58 372/483/59 529/218/59 530/217/58 
f 31/484/56 46/485/59 531/219/59 532/216/56 
f 371/486/60 374/487/61 533/222/61 534/221/60 
f 45/488/58 44/489/61 535/223/61 536/220/58 
f 377/490/62 376/491/63 537/226/63 538/225/62 
f 43/492/60 42/493/63 539/227/63 540/224/60 
f 379/494/64 378/495/65 541/230/65 542/229/64 
f 41/496/113 40/497/114 543/231/114 544/228/62 
f 382/498/66 381/499/67 545/234/67 546/233/66 
f 36/500/115 39/501/67 547/235/67 548/232/64 
f 380/502/68 383/503/69 549/238/69 550/237/68 
f 38/504/66 37/505/69 551/239/69 552/236/66 
f 385/506/70 384/507/71 553/242/71 554/241/70 
f 35/508/68 34/509/71 555/243/71 556/240/68 
f 387/510/72 386/511/73 557/246/73 558/245/72 
f 33/512/70 32/513/73 559/247/73 560/244/70 
f 389/514/74 388/515/75 561/250/75 562/249/74 
f 27/516/72 30/517/75 563/251/75 564/248/72 
f 375/518/76 390/519/77 565/254/77 566/253/76 
f 29/520/74 28/521/77 567/255/77 568/252/74 
f 393/522/80 392/523/79 569/258/79 570/257/80 
f 26/524/76 25/525/79 571/259/79 572/256/76 
f 395/526/83 394/527/116 573/262/116 574/261/83 
f 24/528/80 23/529/116 575/263/116 576/260/80 
f 398/530/84 397/531/85 577/266/85 578/265/84 
f 19/532/83 22/533/85 579/267/85 580/264/83 
f 396/534/86 399/535/87 581/270/87 582/269/86 
f 21/536/84 20/537/87 583/271/87 584/268/84 
f 401/538/88 400/539/89 585/274/89 586/273/88 
f 18/540/86 17/541/89 587/275/89 588/272/86 
f 403/542/117 402/543/91 589/278/91 590/277/117 
f 16/544/88 15/545/91 591/279/91 592/276/88 
f 405/546/92 404/547/93 593/282/93 594/281/92 
f 11/548/117 14/549/93 595/283/93 596/280/117 
f 391/550/94 406/551/95 597/286/95 598/285/94 
f 13/552/92 12/553/95 599/287/95 600/284/92 
f 408/554/96 407/555/97 601/290/97 602/289/96 
f 10/556/94 9/557/97 603/291/97 604/288/94 
f 410/558/98 409/559/99 605/294/99 606/293/98 
f 8/560/96 7/561/99 607/295/99 608/292/96 
f 412/562/100 411/563/101 609/298/101 610/297/100 
f 5/564/98 3/565/101 611/299/101 612/296/98 
f 318/566/102 413/567/103 613/302/103 614/301/102 
f 2/568/100 1/569/103 615/303/103 616/300/100 
f 416/416/104 414/570/105 617/306/105 618/305/104 
f 4/571/102 102/572/105 619/307/105 620/304/102 
f 317/317/106 415/415/107 621/310/107 622/309/106 
f 104/573/104 103/574/107 623/311/107 624/308/104 
s off
f 417/106/1 106/106/1 105/105/1 418/105/1 
f 621/310/1 310/310/1 309/309/1 622/309/1 
f 617/306/1 306/306/1 305/305/1 618/305/1 
f 613/302/1 302/302/1 301/301/1 614/301/1 
f 609/298/1 298/298/1 297/297/1 610/297/1 
f 605/294/1 294/294/1 293/293/1 606/293/1 
f 601/290/1 290/290/1 289/289/1 602/289/1 
f 597/286/1 286/286/1 285/285/1 598/285/1 
f 593/282/1 282/282/1 281/281/1 594/281/1 
f 589/278/1 278/278/1 277/277/1 590/277/1 
f 585/274/1 274/274/1 273/273/1 586/273/1 
f 581/270/1 270/270/1 269/269/1 582/269/1 
f 577/266/1 266/266/1 265/265/1 578/265/1 
f 573/262/1 262/262/1 261/261/1 574/261/1 
f 569/258/1 258/258/1 257/257/1 570/257/1 
f 565/254/1 254/254/1 253/253/1 566/253/1 
f 561/250/1 250/250/1 249/249/1 562/249/1 
f 557/246/1 246/246/1 245/245/1 558/245/1 
f 553/242/1 242/242/1 241/241/1 554/241/1 
f 549/238/1 238/238/1 237/237/1 550/237/1 
f 545/234/1 234/234/1 233/233/1 546/233/1 
f 541/230/1 230/230/1 229/229/1 542/229/1 
f 537/226/1 226/226/1 225/225/1 538/225/1 
f 533/222/1 222/222/1 221/221/1 534/221/1 
f 529/218/1 218/218/1 217/217/1 530/217/1 
f 525/214/1 214/214/1 213/213/1 526/213/1 
f 521/210/1 210/210/1 209/209/1 522/209/1 
f 517/206/1 206/206/1 205/205/1 518/205/1 
f 513/202/1 202/202/1 201/201/1 514/201/1 
f 509/198/1 198/198/1 197/197/1 510/197/1 
f 505/194/1 194/194/1 193/193/1 506/193/1 
f 501/190/1 190/190/1 189/189/1 502/189/1 
f 497/186/1 186/186/1 185/185/1 498/185/1 
f 493/182/1 182/182/1 181/181/1 494/181/1 
f 489/178/1 178/178/1 177/177/1 490/177/1 
f 485/174/1 174/174/1 173/173/1 486/173/1 
f 481/170/1 170/170/1 169/169/1 482/169/1 
f 477/166/1 166/166/1 165/165/1 478/165/1 
f 473/162/1 162/162/1 161/161/1 474/161/1 
f 469/158/1 158/158/1 157/157/1 470/157/1 
f 465/154/1 154/154/1 153/153/1 466/153/1 
f 461/150/1 150/150/1 149/149/1 462/149/1 
f 457/146/1 146/146/1 145/145/1 458/145/1 
f 453/142/1 142/142/1 141/141/1 454/141/1 
f 449/138/1 138/138/1 137/137/1 450/137/1 
f 445/134/1 134/134/1 133/133/1 446/133/1 
f 441/130/1 130/130/1 129/129/1 442/129/1 
f 437/126/1 126/126/1 125/125/1 438/125/1 
f 433/122/1 122/122/1 121/121/1 434/121/1 
f 429/118/1 118/118/1 117/117/1 430/117/1 
f 425/114/1 114/114/1 113/113/1 426/113/1 
f 421/110/1 110/110/1 109/109/1 422/109/1 
f 419/107/118 107/107/118 312/312/118 420/312/118 
f 423/111/108 111/111/108 108/108/108 424/108/108 
f 427/115/108 115/115/108 112/112/108 428/112/108 
f 431/119/108 119/119/108 116/116/108 432/116/108 
f 435/123/108 123/123/108 120/120/108 436/120/108 
f 439/127/108 127/127/108 124/124/108 440/124/108 
f 443/131/108 131/131/108 128/128/108 444/128/108 
f 447/135/108 135/135/108 132/132/108 448/132/108 
f 451/139/108 139/139/108 136/136/108 452/136/108 
f 455/143/108 143/143/108 140/140/108 456/140/108 
f 459/147/108 147/147/108 144/144/108 460/144/108 
f 463/151/108 151/151/108 148/148/108 464/148/108 
f 467/155/108 155/155/108 152/421/108 468/421/108 
f 471/159/108 159/159/108 156/156/108 472/156/108 
f 475/163/108 163/163/108 160/160/108 476/160/108 
f 479/167/108 167/167/108 164/164/108 480/164/108 
f 483/171/108 171/171/108 168/168/108 484/168/108 
f 487/175/108 175/175/108 172/172/108 488/172/108 
f 491/179/108 179/179/108 176/176/108 492/176/108 
f 495/183/108 183/183/108 180/180/108 496/180/108 
f 499/187/108 187/187/108 184/184/108 500/184/108 
f 503/191/108 191/191/108 188/188/108 504/188/108 
f 507/195/108 195/195/108 192/192/108 508/192/108 
f 511/199/108 199/199/108 196/196/108 512/196/108 
f 515/203/108 203/203/108 200/200/108 516/200/108 
f 519/207/108 207/207/108 204/204/108 520/204/108 
f 523/211/108 211/211/108 208/208/108 524/208/108 
f 527/215/108 215/215/108 212/212/108 528/212/108 
f 531/219/108 219/219/108 216/216/108 532/216/108 
f 535/223/108 223/223/108 220/220/108 536/220/108 
f 539/227/108 227/227/108 224/224/108 540/224/108 
f 543/231/108 231/231/108 228/228/108 544/228/108 
f 547/235/108 235/235/108 232/232/108 548/232/108 
f 551/239/108 239/239/108 236/236/108 552/236/108 
f 555/243/108 243/243/108 240/240/108 556/240/108 
f 559/247/108 247/247/108 244/244/108 560/244/108 
f 563/251/108 251/251/108 248/248/108 564/248/108 
f 567/255/108 255/255/108 252/252/108 568/252/108 
f 571/259/108 259/259/108 256/256/108 572/256/108 
f 575/263/108 263/263/108 260/260/108 576/260/108 
f 579/267/108 267/267/108 264/264/108 580/264/108 
f 583/271/108 271/271/108 268/268/108 584/268/108 
f 587/275/108 275/275/108 272/272/108 588/272/108 
f 591/279/108 279/279/108 276/276/108 592/276/108 
f 595/283/108 283/283/108 280/280/108 596/280/108 
f 599/287/108 287/287/108 284/284/108 600/284/108 
f 603/291/108 291/291/108 288/288/108 604/288/108 
f 607/295/108 295/295/108 292/292/108 608/292/108 
f 611/299/108 299/299/108 296/296/108 612/296/108 
f 615/303/108 303/303/108 300/300/108 616/300/108 
f 619/307/108 307/307/108 304/304/108 620/304/108 
f 623/311/119 311/311/119 308/308/119 624/308/119 
usemtl Studio_Endo_Orbis_m2_1
s 1
f 625/575/120 626/576/121 627/577/122 628/578/123 
f 629/579/124 630/580/125 631/581/126 632/582/127 
usemtl Studio_Endo_Orbis_m1_3
f 633/583/128 634/584/128 635/585/128 636/586/128 
usemtl Studio_Endo_Orbis_m2_1
f 637/587/129 638/588/130 639/589/130 640/590/129 
f 641/591/131 642/592/132 643/593/133 644/594/134 
usemtl Studio_Endo_Orbis_m1_3
f 645/595/135 646/596/136 647/597/136 648/598/135 
usemtl Studio_Endo_Orbis_m2_1
f 649/599/137 650/600/138 651/601/139 652/602/140 
f 653/603/141 654/604/142 655/605/143 656/606/144 
usemtl Studio_Endo_Orbis_m1_3
f 657/607/145 658/608/146 659/609/146 660/610/147 
usemtl Studio_Endo_Orbis_m2_1
f 661/611/148 662/612/149 663/613/149 664/614/148 
f 665/615/148 666/616/148 667/617/148 668/618/148 
f 669/619/148 670/620/148 671/621/148 672/622/150 
f 673/623/151 674/624/151 675/625/151 676/626/151 
f 677/627/152 678/628/135 679/629/152 680/630/152 
f 681/631/153 682/632/153 683/633/153 684/634/153 
f 685/635/154 686/636/155 687/637/156 688/638/157 
f 689/639/158 690/640/159 691/641/160 692/642/161 
f 693/643/162 694/644/162 695/645/162 696/646/162 
f 697/647/163 698/648/163 699/649/164 700/650/164 
f 701/651/165 702/652/166 703/653/167 704/654/168 
usemtl Studio_Endo_Orbis_m1_3
f 705/655/169 706/656/170 707/657/170 708/658/169 
usemtl Studio_Endo_Orbis_m2_1
f 709/659/148 710/660/148 711/661/149 712/662/148 
f 713/663/171 714/664/172 715/665/172 716/666/171 
f 717/667/173 718/668/173 719/669/173 720/670/173 
f 721/671/174 722/672/175 723/673/176 724/674/177 
f 725/675/178 726/676/179 727/677/180 728/678/181 
f 729/679/182 730/680/183 731/681/184 732/682/185 
f 733/683/186 734/684/187 735/685/188 736/686/189 
usemtl Studio_Endo_Orbis_m1_3
f 737/687/190 738/688/191 739/689/192 740/690/193 
f 741/691/194 742/692/195 743/693/195 744/694/196 
usemtl Studio_Endo_Orbis_m2_1
f 745/695/197 746/696/198 747/697/199 748/698/200 
f 749/699/201 750/700/202 751/701/203 752/702/204 
f 753/703/205 754/704/206 755/705/207 756/706/207 
f 757/707/208 758/708/209 759/709/210 760/710/211 
usemtl Studio_Endo_Orbis_m1_3
f 761/711/212 762/712/213 763/713/213 764/714/212 
usemtl Studio_Endo_Orbis_m2_1
f 765/715/214 766/716/215 767/717/215 768/718/216 
f 769/719/148 770/720/149 771/721/148 772/722/148 
f 773/723/149 774/724/149 775/725/217 776/726/217 
f 777/727/148 778/728/148 779/729/148 780/730/148 
f 781/731/218 782/732/219 783/733/219 784/734/218 
f 785/735/220 786/736/221 787/737/222 788/738/220 
f 789/739/223 790/740/224 791/741/224 792/742/223 
f 793/743/225 721/671/174 724/674/177 794/744/226 
f 795/745/227 796/746/228 793/743/225 794/744/226 
f 797/747/229 726/676/179 725/675/178 798/748/230 
f 799/749/231 797/747/229 798/748/230 800/750/231 
f 801/751/232 729/679/182 732/682/185 802/752/233 
f 803/753/234 801/751/232 802/752/233 804/754/235 
f 805/755/236 733/683/186 736/686/189 806/756/237 
f 807/757/238 805/755/236 806/756/237 808/758/239 
usemtl Studio_Endo_Orbis_m1_3
f 809/759/240 737/687/190 740/690/193 810/760/241 
f 811/761/242 809/759/240 810/760/241 812/762/242 
f 813/763/243 741/691/194 744/694/196 814/764/243 
f 815/765/244 813/763/243 814/764/243 816/766/244 
usemtl Studio_Endo_Orbis_m2_1
f 817/767/245 746/696/198 745/695/197 818/768/246 
f 819/769/247 817/767/245 818/768/246 820/770/248 
f 821/771/249 749/699/201 752/702/204 822/772/249 
f 823/773/250 824/774/250 821/771/249 822/772/249 
f 825/775/251 754/704/206 753/703/205 826/776/252 
f 827/777/253 825/775/251 826/776/252 828/778/254 
f 829/779/255 757/707/208 760/710/211 830/780/256 
f 831/781/257 829/779/255 830/780/256 832/782/258 
usemtl Studio_Endo_Orbis_m1_3
f 833/783/259 761/711/212 764/714/212 834/784/259 
f 835/785/260 833/783/259 834/784/259 836/786/260 
usemtl Studio_Endo_Orbis_m2_1
f 837/787/261 765/715/214 768/718/216 838/788/262 
f 839/789/263 840/790/264 837/787/261 838/788/262 
f 841/791/150 770/720/149 769/719/148 842/792/217 
f 843/793/148 841/791/150 842/792/217 844/794/217 
f 845/795/149 773/723/149 776/726/217 846/796/149 
f 847/797/148 848/798/149 845/795/149 846/796/149 
f 849/799/148 777/727/148 780/730/148 850/800/148 
f 851/801/148 852/802/148 849/799/148 850/800/148 
f 853/803/265 781/731/218 784/734/218 854/804/265 
f 855/805/266 853/803/265 854/804/265 856/806/266 
f 857/807/267 785/735/220 788/738/220 858/808/267 
f 859/809/268 857/807/267 858/808/267 860/810/268 
f 861/811/269 789/739/223 792/742/223 862/812/270 
f 863/813/271 861/811/269 862/812/270 864/814/271 
f 728/678/181 727/677/180 625/575/120 628/578/123 
f 722/672/175 627/577/122 626/576/121 723/673/176 
f 735/685/188 734/684/187 630/580/125 629/579/124 
f 631/581/126 731/681/184 730/680/183 632/582/127 
usemtl Studio_Endo_Orbis_m1_3
f 742/692/195 633/583/128 636/586/128 743/693/195 
f 738/688/191 635/585/128 634/584/128 739/689/192 
usemtl Studio_Endo_Orbis_m2_1
f 796/746/228 795/745/227 649/599/137 652/602/140 
f 828/778/254 651/601/139 650/600/138 827/777/253 
f 803/753/234 804/754/235 654/604/142 653/603/141 
f 655/605/143 831/781/257 832/782/258 656/606/144 
usemtl Studio_Endo_Orbis_m1_3
f 812/762/242 657/607/145 660/610/147 811/761/242 
f 836/786/260 659/609/146 658/608/146 835/785/260 
usemtl Studio_Endo_Orbis_m2_1
f 774/724/149 661/611/148 664/614/148 775/725/217 
f 772/722/148 771/721/148 663/613/149 662/612/149 
f 844/794/217 669/619/148 672/622/150 843/793/148 
f 852/802/148 851/801/148 671/621/148 670/620/148 
f 786/736/221 673/623/151 676/626/151 787/737/222 
f 782/732/219 675/625/151 674/624/151 783/733/219 
f 864/814/271 681/631/153 684/634/153 863/813/271 
f 860/810/268 683/633/153 682/632/153 859/809/268 
f 748/698/200 747/697/199 685/635/154 688/638/157 
f 750/700/202 687/637/156 686/636/155 751/701/203 
f 840/790/264 839/789/263 689/639/158 692/642/161 
f 820/770/248 691/641/160 690/640/159 819/769/247 
f 800/750/231 639/589/130 638/588/130 799/749/231 
f 643/593/133 807/757/238 808/758/239 644/594/134 
usemtl Studio_Endo_Orbis_m1_3
f 816/766/244 647/597/136 646/596/136 815/765/244 
usemtl Studio_Endo_Orbis_m2_1
f 848/798/149 847/797/148 667/617/148 666/616/148 
f 790/740/224 679/629/152 678/628/135 791/741/224 
f 766/716/215 695/645/162 694/644/162 767/717/215 
f 756/706/207 755/705/207 698/648/163 697/647/163 
f 759/709/210 758/708/209 702/652/166 701/651/165 
usemtl Studio_Endo_Orbis_m1_3
f 762/712/213 705/655/169 708/658/169 763/713/213 
usemtl Studio_Endo_Orbis_m2_1
f 778/728/148 709/659/148 712/662/148 779/729/148 
f 856/806/266 713/663/171 716/666/171 855/805/266 
f 824/774/250 823/773/250 718/668/173 717/667/173 
f 865/815/272 866/816/273 867/817/274 868/818/275 
f 869/819/276 870/820/277 871/821/278 872/822/279 
f 873/823/280 874/824/281 875/825/282 876/826/283 
f 877/827/284 878/828/285 879/829/286 880/830/287 
f 881/831/288 882/832/289 883/833/290 884/834/291 
f 885/835/292 886/836/293 887/837/294 888/838/295 
f 889/839/296 890/840/297 891/841/298 892/842/299 
f 893/843/300 894/844/301 895/845/302 896/846/303 
f 897/847/304 898/848/305 899/849/306 900/850/307 
f 901/851/308 902/852/309 903/853/310 904/854/311 
f 905/855/312 805/755/236 807/757/238 906/856/313 
f 907/857/314 908/858/315 909/859/316 910/860/317 
f 911/861/318 912/862/319 913/863/320 914/864/321 
f 915/865/322 916/866/323 917/867/324 918/868/325 
f 868/818/275 867/817/274 919/869/326 920/870/327 
f 920/870/327 919/869/326 898/848/305 897/847/304 
f 921/871/328 922/872/329 923/873/330 924/874/331 
f 924/874/331 923/873/330 902/852/309 901/851/308 
f 925/875/332 734/684/187 733/683/186 926/876/333 
f 926/876/333 733/683/186 805/755/236 905/855/312 
f 872/822/279 871/821/278 927/877/334 928/878/335 
f 928/878/335 927/877/334 908/858/315 907/857/314 
f 884/834/291 883/833/290 929/879/336 930/880/337 
f 930/880/337 929/879/336 912/862/319 911/861/318 
f 931/881/338 932/882/339 933/883/340 934/884/341 
f 934/884/341 933/883/340 916/866/323 915/865/322 
f 935/885/342 936/886/343 866/816/273 865/815/272 
f 937/887/344 938/888/345 936/886/343 935/885/342 
f 939/889/346 940/890/347 870/820/277 869/819/276 
f 941/891/348 942/892/349 940/890/347 939/889/346 
f 943/893/350 944/894/351 882/832/289 881/831/288 
f 900/850/307 899/849/306 944/894/351 943/893/350 
f 945/895/352 946/896/353 886/836/293 885/835/292 
f 947/897/354 948/898/355 946/896/353 945/895/352 
f 949/899/356 950/900/357 874/824/281 873/823/280 
f 951/901/358 952/902/359 878/828/285 877/827/284 
f 910/860/317 909/859/316 890/840/297 889/839/296 
f 914/864/321 913/863/320 894/844/301 893/843/300 
f 953/903/360 865/815/272 868/818/275 954/904/361 
f 631/581/126 953/903/360 954/904/361 731/681/184 
f 955/905/362 869/819/276 872/822/279 956/906/363 
f 957/907/364 955/905/362 956/906/363 958/908/365 
f 959/909/366 873/823/280 876/826/283 906/856/313 
f 643/593/133 959/909/366 906/856/313 807/757/238 
f 960/910/367 877/827/284 880/830/287 918/868/325 
f 961/911/368 960/910/367 918/868/325 917/867/324 
f 962/912/369 881/831/288 884/834/291 963/913/370 
f 655/605/143 962/912/369 963/913/370 831/781/257 
f 964/914/371 885/835/292 888/838/295 904/854/311 
f 965/915/372 964/914/371 904/854/311 903/853/310 
f 966/916/373 889/839/296 892/842/299 967/917/374 
f 968/918/375 966/916/373 967/917/374 969/919/376 
f 970/920/377 893/843/300 896/846/303 971/921/378 
f 702/652/166 970/920/377 971/921/378 703/653/167 
f 972/922/379 897/847/304 900/850/307 973/923/380 
f 802/752/233 972/922/379 973/923/380 804/754/235 
f 974/924/381 901/851/308 904/854/311 888/838/295 
f 975/925/382 974/924/381 888/838/295 887/837/294 
f 976/926/383 905/855/312 906/856/313 876/826/283 
f 977/927/384 976/926/383 876/826/283 875/825/282 
f 978/928/385 907/857/314 910/860/317 979/929/386 
f 980/930/387 978/928/385 979/929/386 981/931/388 
f 982/932/389 911/861/318 914/864/321 983/933/390 
f 757/707/208 982/932/389 983/933/390 758/708/209 
f 984/934/391 915/865/322 918/868/325 880/830/287 
f 985/935/392 984/934/391 880/830/287 879/829/286 
f 954/904/361 868/818/275 920/870/327 986/936/393 
f 731/681/184 954/904/361 986/936/393 732/682/185 
f 986/936/393 920/870/327 897/847/304 972/922/379 
f 732/682/185 986/936/393 972/922/379 802/752/233 
f 941/891/348 921/871/328 924/874/331 987/937/394 
f 942/892/349 941/891/348 987/937/394 988/938/395 
f 987/937/394 924/874/331 901/851/308 974/924/381 
f 988/938/395 987/937/394 974/924/381 975/925/382 
f 937/887/344 925/875/332 926/876/333 989/939/396 
f 938/888/345 937/887/344 989/939/396 990/940/397 
f 989/939/396 926/876/333 905/855/312 976/926/383 
f 990/940/397 989/939/396 976/926/383 977/927/384 
f 956/906/363 872/822/279 928/878/335 991/941/398 
f 958/908/365 956/906/363 991/941/398 992/942/399 
f 991/941/398 928/878/335 907/857/314 978/928/385 
f 992/942/399 991/941/398 978/928/385 980/930/387 
f 963/913/370 884/834/291 930/880/337 993/943/400 
f 831/781/257 963/913/370 993/943/400 829/779/255 
f 993/943/400 930/880/337 911/861/318 982/932/389 
f 829/779/255 993/943/400 982/932/389 757/707/208 
f 947/897/354 931/881/338 934/884/341 994/944/401 
f 948/898/355 947/897/354 994/944/401 995/945/402 
f 994/944/401 934/884/341 915/865/322 984/934/391 
f 995/945/402 994/944/401 984/934/391 985/935/392 
f 996/946/403 935/885/342 865/815/272 953/903/360 
f 630/580/125 996/946/403 953/903/360 631/581/126 
f 925/875/332 937/887/344 935/885/342 996/946/403 
f 734/684/187 925/875/332 996/946/403 630/580/125 
f 997/947/404 939/889/346 869/819/276 955/905/362 
f 998/948/405 997/947/404 955/905/362 957/907/364 
f 921/871/328 941/891/348 939/889/346 997/947/404 
f 922/872/329 921/871/328 997/947/404 998/948/405 
f 999/949/406 943/893/350 881/831/288 962/912/369 
f 654/604/142 999/949/406 962/912/369 655/605/143 
f 973/923/380 900/850/307 943/893/350 999/949/406 
f 804/754/235 973/923/380 999/949/406 654/604/142 
f 1000/950/407 945/895/352 885/835/292 964/914/371 
f 1001/951/408 1000/950/407 964/914/371 965/915/372 
f 931/881/338 947/897/354 945/895/352 1000/950/407 
f 932/882/339 931/881/338 1000/950/407 1001/951/408 
f 1002/952/409 949/899/356 873/823/280 959/909/366 
f 642/592/132 1002/952/409 959/909/366 643/593/133 
f 1003/953/410 951/901/358 877/827/284 960/910/367 
f 1004/954/411 1003/953/410 960/910/367 961/911/368 
f 979/929/386 910/860/317 889/839/296 966/916/373 
f 981/931/388 979/929/386 966/916/373 968/918/375 
f 983/933/390 914/864/321 893/843/300 970/920/377 
f 758/708/209 983/933/390 970/920/377 702/652/166 
f 1005/955/412 632/582/127 730/680/183 1006/956/413 
f 1007/957/414 1008/958/415 1009/959/416 1010/960/417 
f 1011/961/418 644/594/134 808/758/239 1012/962/419 
f 1013/963/420 1014/964/421 1015/965/422 1016/966/423 
f 1017/967/424 656/606/144 832/782/258 1018/968/425 
f 1019/969/426 1020/970/427 1021/971/428 1022/972/429 
f 1023/973/430 701/651/165 704/654/168 1024/974/431 
f 1025/975/432 1026/976/433 1027/977/434 1028/978/435 
f 1029/979/436 1030/980/437 1031/981/438 1032/982/439 
f 1033/983/440 1034/984/441 1035/985/442 1036/986/443 
f 1037/987/444 1038/988/445 1039/989/446 1040/990/447 
f 1041/991/448 1042/992/449 1043/993/450 1044/994/451 
f 1045/995/452 1046/996/453 1047/997/454 1048/998/455 
f 1049/999/456 1050/1000/457 1051/1001/458 1052/1002/459 
f 1016/966/423 1015/965/422 1053/1003/460 1054/1004/461 
f 1054/1004/461 1053/1003/460 1030/980/437 1029/979/436 
f 1022/972/429 1021/971/428 1055/1005/462 1056/1006/463 
f 1056/1006/463 1055/1005/462 1034/984/441 1033/983/440 
f 1010/960/417 1009/959/416 1057/1007/464 1058/1008/465 
f 1058/1008/465 1057/1007/464 1038/988/445 1037/987/444 
f 1059/1009/466 1060/1010/467 1061/1011/468 1062/1012/469 
f 1062/1012/469 1061/1011/468 1042/992/449 1041/991/448 
f 1063/1013/470 1064/1014/471 1065/1015/472 1066/1016/473 
f 1066/1016/473 1065/1015/472 1046/996/453 1045/995/452 
f 1067/1017/474 1068/1018/475 1069/1019/476 1070/1020/477 
f 1070/1020/477 1069/1019/476 1050/1000/457 1049/999/456 
f 1071/1021/478 629/579/124 632/582/127 1005/955/412 
f 1072/1022/479 735/685/188 629/579/124 1071/1021/478 
f 1073/1023/480 1074/1024/481 1008/958/415 1007/957/414 
f 1032/982/439 1031/981/438 1074/1024/481 1073/1023/480 
f 1075/1025/482 653/603/141 656/606/144 1017/967/424 
f 1076/1026/483 803/753/234 653/603/141 1075/1025/482 
f 1077/1027/484 1078/1028/485 1020/970/427 1019/969/426 
f 1040/990/447 1039/989/446 1078/1028/485 1077/1027/484 
f 1079/1029/486 641/591/131 644/594/134 1011/961/418 
f 1080/1030/487 1081/1031/488 1014/964/421 1013/963/420 
f 1082/1032/489 759/709/210 701/651/165 1023/973/430 
f 1036/986/443 1035/985/442 1026/976/433 1025/975/432 
f 1083/1033/490 1005/955/412 1006/956/413 1052/1002/459 
f 1084/1034/491 1083/1033/490 1052/1002/459 1051/1001/458 
f 1085/1035/492 1007/957/414 1010/960/417 1086/1036/493 
f 1087/1037/494 1085/1035/492 1086/1036/493 1088/1038/495 
f 1089/1039/496 1011/961/418 1012/962/419 1044/994/451 
f 1090/1040/497 1089/1039/496 1044/994/451 1043/993/450 
f 1091/1041/498 1013/963/420 1016/966/423 1092/1042/499 
f 1093/1043/500 1091/1041/498 1092/1042/499 1094/1044/501 
f 1095/1045/502 1017/967/424 1018/968/425 1048/998/455 
f 1096/1046/503 1095/1045/502 1048/998/455 1047/997/454 
f 1097/1047/504 1019/969/426 1022/972/429 1098/1048/505 
f 1099/1049/506 1097/1047/504 1098/1048/505 1100/1050/507 
f 1101/1051/508 1023/973/430 1024/974/431 1102/1052/509 
f 1103/1053/510 1101/1051/508 1102/1052/509 1104/1054/511 
f 1105/1055/512 1025/975/432 1028/978/435 1106/1056/513 
f 1107/1057/514 1105/1055/512 1106/1056/513 1108/1058/515 
f 1109/1059/516 1029/979/436 1032/982/439 1110/1060/517 
f 1111/1061/518 1109/1059/516 1110/1060/517 1112/1062/519 
f 1113/1063/520 1033/983/440 1036/986/443 1114/1064/521 
f 1115/1065/522 1113/1063/520 1114/1064/521 1116/1066/523 
f 1117/1067/524 1037/987/444 1040/990/447 1118/1068/525 
f 1119/1069/526 1117/1067/524 1118/1068/525 1120/1070/527 
f 1121/1071/528 1041/991/448 1044/994/451 1012/962/419 
f 806/756/237 1121/1071/528 1012/962/419 808/758/239 
f 1122/1072/529 1045/995/452 1048/998/455 1018/968/425 
f 830/780/256 1122/1072/529 1018/968/425 832/782/258 
f 1123/1073/530 1049/999/456 1052/1002/459 1006/956/413 
f 729/679/182 1123/1073/530 1006/956/413 730/680/183 
f 1092/1042/499 1016/966/423 1054/1004/461 1124/1074/531 
f 1094/1044/501 1092/1042/499 1124/1074/531 1125/1075/532 
f 1124/1074/531 1054/1004/461 1029/979/436 1109/1059/516 
f 1125/1075/532 1124/1074/531 1109/1059/516 1111/1061/518 
f 1098/1048/505 1022/972/429 1056/1006/463 1126/1076/533 
f 1100/1050/507 1098/1048/505 1126/1076/533 1127/1077/534 
f 1126/1076/533 1056/1006/463 1033/983/440 1113/1063/520 
f 1127/1077/534 1126/1076/533 1113/1063/520 1115/1065/522 
f 1086/1036/493 1010/960/417 1058/1008/465 1128/1078/535 
f 1088/1038/495 1086/1036/493 1128/1078/535 1129/1079/536 
f 1128/1078/535 1058/1008/465 1037/987/444 1117/1067/524 
f 1129/1079/536 1128/1078/535 1117/1067/524 1119/1069/526 
f 1072/1022/479 1059/1009/466 1062/1012/469 1130/1080/537 
f 735/685/188 1072/1022/479 1130/1080/537 736/686/189 
f 1130/1080/537 1062/1012/469 1041/991/448 1121/1071/528 
f 736/686/189 1130/1080/537 1121/1071/528 806/756/237 
f 1082/1032/489 1063/1013/470 1066/1016/473 1131/1081/538 
f 759/709/210 1082/1032/489 1131/1081/538 760/710/211 
f 1131/1081/538 1066/1016/473 1045/995/452 1122/1072/529 
f 760/710/211 1131/1081/538 1122/1072/529 830/780/256 
f 1076/1026/483 1067/1017/474 1070/1020/477 1132/1082/539 
f 803/753/234 1076/1026/483 1132/1082/539 801/751/232 
f 1132/1082/539 1070/1020/477 1049/999/456 1123/1073/530 
f 801/751/232 1132/1082/539 1123/1073/530 729/679/182 
f 1133/1083/540 1071/1021/478 1005/955/412 1083/1033/490 
f 1134/1084/541 1133/1083/540 1083/1033/490 1084/1034/491 
f 1059/1009/466 1072/1022/479 1071/1021/478 1133/1083/540 
f 1060/1010/467 1059/1009/466 1133/1083/540 1134/1084/541 
f 1135/1085/542 1073/1023/480 1007/957/414 1085/1035/492 
f 1136/1086/543 1135/1085/542 1085/1035/492 1087/1037/494 
f 1110/1060/517 1032/982/439 1073/1023/480 1135/1085/542 
f 1112/1062/519 1110/1060/517 1135/1085/542 1136/1086/543 
f 1137/1087/544 1075/1025/482 1017/967/424 1095/1045/502 
f 1138/1088/545 1137/1087/544 1095/1045/502 1096/1046/503 
f 1067/1017/474 1076/1026/483 1075/1025/482 1137/1087/544 
f 1068/1018/475 1067/1017/474 1137/1087/544 1138/1088/545 
f 1139/1089/546 1077/1027/484 1019/969/426 1097/1047/504 
f 1140/1090/547 1139/1089/546 1097/1047/504 1099/1049/506 
f 1118/1068/525 1040/990/447 1077/1027/484 1139/1089/546 
f 1120/1070/527 1118/1068/525 1139/1089/546 1140/1090/547 
f 1141/1091/548 1079/1029/486 1011/961/418 1089/1039/496 
f 1142/1092/549 1141/1091/548 1089/1039/496 1090/1040/497 
f 1143/1093/550 1080/1030/487 1013/963/420 1091/1041/498 
f 1144/1094/551 1143/1093/550 1091/1041/498 1093/1043/500 
f 1063/1013/470 1082/1032/489 1023/973/430 1101/1051/508 
f 1064/1014/471 1063/1013/470 1101/1051/508 1103/1053/510 
f 1114/1064/521 1036/986/443 1025/975/432 1105/1055/512 
f 1116/1066/523 1114/1064/521 1105/1055/512 1107/1057/514 
f 1136/1086/543 1087/1037/494 662/612/149 661/611/148 
f 998/948/405 957/907/364 664/614/148 663/613/149 
f 1144/1094/551 1093/1043/500 666/616/148 665/615/148 
f 968/918/375 969/919/376 668/618/148 667/617/148 
f 1140/1090/547 1099/1049/506 670/620/148 669/619/148 
f 1001/951/408 965/915/372 672/622/150 671/621/148 
f 1107/1057/514 1108/1058/515 710/660/148 709/659/148 
f 1004/954/411 961/911/368 712/662/148 711/661/149 
f 770/720/149 923/873/330 922/872/329 771/721/148 
f 772/722/148 1088/1038/495 1129/1079/536 769/719/148 
f 1111/1061/518 1112/1062/519 774/724/149 773/723/149 
f 958/908/365 992/942/399 776/726/217 775/725/217 
f 1115/1065/522 1116/1066/523 778/728/148 777/727/148 
f 917/867/324 916/866/323 780/730/148 779/729/148 
f 902/852/309 923/873/330 770/720/149 841/791/150 
f 1129/1079/536 1119/1069/526 842/792/217 769/719/148 
f 903/853/310 902/852/309 841/791/150 843/793/148 
f 1119/1069/526 1120/1070/527 844/794/217 842/792/217 
f 1125/1075/532 1111/1061/518 773/723/149 845/795/149 
f 992/942/399 980/930/387 846/796/149 776/726/217 
f 848/798/149 1094/1044/501 1125/1075/532 845/795/149 
f 846/796/149 980/930/387 981/931/388 847/797/148 
f 1127/1077/534 1115/1065/522 777/727/148 849/799/148 
f 916/866/323 933/883/340 850/800/148 780/730/148 
f 852/802/148 1100/1050/507 1127/1077/534 849/799/148 
f 850/800/148 933/883/340 932/882/339 851/801/148 
f 1112/1062/519 1136/1086/543 661/611/148 774/724/149 
f 957/907/364 958/908/365 775/725/217 664/614/148 
f 771/721/148 922/872/329 998/948/405 663/613/149 
f 662/612/149 1087/1037/494 1088/1038/495 772/722/148 
f 1120/1070/527 1140/1090/547 669/619/148 844/794/217 
f 965/915/372 903/853/310 843/793/148 672/622/150 
f 851/801/148 932/882/339 1001/951/408 671/621/148 
f 670/620/148 1099/1049/506 1100/1050/507 852/802/148 
f 847/797/148 981/931/388 968/918/375 667/617/148 
f 666/616/148 1093/1043/500 1094/1044/501 848/798/149 
f 1116/1066/523 1107/1057/514 709/659/148 778/728/148 
f 961/911/368 917/867/324 779/729/148 712/662/148 
f 1145/1095/552 1146/1096/553 1147/1097/554 1148/1098/555 
f 1149/1099/556 1150/1100/557 1151/1101/558 1152/1102/559 
f 1153/1103/560 1154/1104/561 1155/1105/562 1156/1106/563 
f 1157/1107/564 1158/1108/565 1159/1109/566 1160/1110/567 
f 1161/1111/568 1162/1112/569 1163/1113/570 1164/1114/571 
f 1165/1115/572 1166/1116/573 1167/1117/574 1168/1118/575 
f 1169/1119/576 1170/1120/577 1171/1121/578 1172/1122/579 
f 1173/1123/580 1174/1124/581 1175/1125/582 1176/1126/583 
f 1177/1127/584 1178/1128/585 1179/1129/586 1180/1130/587 
f 1181/1131/588 1182/1132/589 1183/1133/590 1184/1134/591 
f 1185/1135/592 1186/1136/593 1187/1137/594 1188/1138/595 
f 1189/1139/596 1190/1140/597 1191/1141/598 1192/1142/599 
f 1193/1143/600 1194/1144/601 1195/1145/602 1196/1146/603 
f 1197/1147/604 1198/1148/605 1199/1149/606 1200/1150/607 
f 1148/1098/555 1147/1097/554 1201/1151/608 1202/1152/609 
f 1202/1152/609 1201/1151/608 1178/1128/585 1177/1127/584 
f 1152/1102/559 1151/1101/558 1203/1153/610 1204/1154/611 
f 1204/1154/611 1203/1153/610 1182/1132/589 1181/1131/588 
f 1156/1106/563 1155/1105/562 1205/1155/612 1206/1156/613 
f 1206/1156/613 1205/1155/612 1186/1136/593 1185/1135/592 
f 1160/1110/567 1159/1109/566 1207/1157/614 1208/1158/615 
f 1208/1158/615 1207/1157/614 1190/1140/597 1189/1139/596 
f 1164/1114/571 1163/1113/570 1209/1159/616 1210/1160/617 
f 1210/1160/617 1209/1159/616 1194/1144/601 1193/1143/600 
f 1168/1118/575 1167/1117/574 1211/1161/618 1212/1162/619 
f 1212/1162/619 1211/1161/618 1198/1148/605 1197/1147/604 
f 1213/1163/620 1214/1164/621 1146/1096/553 1145/1095/552 
f 1184/1134/591 1183/1133/590 1214/1164/621 1213/1163/620 
f 1215/1165/622 1216/1166/623 1150/1100/557 1149/1099/556 
f 1188/1138/595 1187/1137/594 1216/1166/623 1215/1165/622 
f 1217/1167/624 1218/1168/625 1158/1108/565 1157/1107/564 
f 1196/1146/603 1195/1145/602 1218/1168/625 1217/1167/624 
f 1219/1169/626 1220/1170/627 1166/1116/573 1165/1115/572 
f 1192/1142/599 1191/1141/598 1220/1170/627 1219/1169/626 
f 1221/1171/628 1222/1172/629 1154/1104/561 1153/1103/560 
f 1223/1173/630 1224/1174/631 1162/1112/569 1161/1111/568 
f 1180/1130/587 1179/1129/586 1170/1120/577 1169/1119/576 
f 1200/1150/607 1199/1149/606 1174/1124/581 1173/1123/580 
f 1225/1175/632 1145/1095/552 1148/1098/555 1226/1176/633 
f 1227/1177/634 1225/1175/632 1226/1176/633 1228/1178/635 
f 1229/1179/636 1149/1099/556 1152/1102/559 1230/1180/637 
f 1231/1181/638 1229/1179/636 1230/1180/637 1232/1182/639 
f 1233/1183/640 1153/1103/560 1156/1106/563 1234/1184/641 
f 1235/1185/642 1233/1183/640 1234/1184/641 1236/1186/643 
f 1237/1187/644 1157/1107/564 1160/1110/567 1238/1188/645 
f 1239/1189/646 1237/1187/644 1238/1188/645 1240/1190/647 
f 1241/1191/648 1161/1111/568 1164/1114/571 1242/1192/649 
f 1243/1193/650 1241/1191/648 1242/1192/649 1244/1194/651 
f 1245/1195/652 1165/1115/572 1168/1118/575 1246/1196/653 
f 1247/1197/654 1245/1195/652 1246/1196/653 1248/1198/655 
f 1249/1199/656 1169/1119/576 1172/1122/579 1250/1200/657 
f 1251/1201/658 1249/1199/656 1250/1200/657 1252/1202/659 
f 1253/1203/660 1173/1123/580 1176/1126/583 1254/1204/661 
f 1255/1205/662 1253/1203/660 1254/1204/661 1256/1206/663 
f 1257/1207/664 1177/1127/584 1180/1130/587 1258/1208/665 
f 1259/1209/666 1257/1207/664 1258/1208/665 1260/1210/667 
f 1261/1211/668 1181/1131/588 1184/1134/591 1262/1212/669 
f 1263/1213/670 1261/1211/668 1262/1212/669 1264/1214/671 
f 1265/1215/672 1185/1135/592 1188/1138/595 1266/1216/673 
f 1267/1217/674 1265/1215/672 1266/1216/673 1268/1218/675 
f 1269/1219/676 1189/1139/596 1192/1142/599 1270/1220/677 
f 1271/1221/678 1269/1219/676 1270/1220/677 1272/1222/679 
f 1273/1223/680 1193/1143/600 1196/1146/603 1274/1224/681 
f 1275/1225/682 1273/1223/680 1274/1224/681 1276/1226/683 
f 1277/1227/684 1197/1147/604 1200/1150/607 1278/1228/685 
f 1279/1229/686 1277/1227/684 1278/1228/685 1280/1230/687 
f 1226/1176/633 1148/1098/555 1202/1152/609 1281/1231/688 
f 1228/1178/635 1226/1176/633 1281/1231/688 1282/1232/689 
f 1281/1231/688 1202/1152/609 1177/1127/584 1257/1207/664 
f 1282/1232/689 1281/1231/688 1257/1207/664 1259/1209/666 
f 1230/1180/637 1152/1102/559 1204/1154/611 1283/1233/690 
f 1232/1182/639 1230/1180/637 1283/1233/690 1284/1234/691 
f 1283/1233/690 1204/1154/611 1181/1131/588 1261/1211/668 
f 1284/1234/691 1283/1233/690 1261/1211/668 1263/1213/670 
f 1234/1184/641 1156/1106/563 1206/1156/613 1285/1235/692 
f 1236/1186/643 1234/1184/641 1285/1235/692 1286/1236/693 
f 1285/1235/692 1206/1156/613 1185/1135/592 1265/1215/672 
f 1286/1236/693 1285/1235/692 1265/1215/672 1267/1217/674 
f 1238/1188/645 1160/1110/567 1208/1158/615 1287/1237/694 
f 1240/1190/647 1238/1188/645 1287/1237/694 1288/1238/695 
f 1287/1237/694 1208/1158/615 1189/1139/596 1269/1219/676 
f 1288/1238/695 1287/1237/694 1269/1219/676 1271/1221/678 
f 1242/1192/649 1164/1114/571 1210/1160/617 1289/1239/696 
f 1244/1194/651 1242/1192/649 1289/1239/696 1290/1240/697 
f 1289/1239/696 1210/1160/617 1193/1143/600 1273/1223/680 
f 1290/1240/697 1289/1239/696 1273/1223/680 1275/1225/682 
f 1246/1196/653 1168/1118/575 1212/1162/619 1291/1241/698 
f 1248/1198/655 1246/1196/653 1291/1241/698 1292/1242/699 
f 1291/1241/698 1212/1162/619 1197/1147/604 1277/1227/684 
f 1292/1242/699 1291/1241/698 1277/1227/684 1279/1229/686 
f 1293/1243/700 1213/1163/620 1145/1095/552 1225/1175/632 
f 1294/1244/701 1293/1243/700 1225/1175/632 1227/1177/634 
f 1262/1212/669 1184/1134/591 1213/1163/620 1293/1243/700 
f 1264/1214/671 1262/1212/669 1293/1243/700 1294/1244/701 
f 1295/1245/702 1215/1165/622 1149/1099/556 1229/1179/636 
f 1296/1246/703 1295/1245/702 1229/1179/636 1231/1181/638 
f 1266/1216/673 1188/1138/595 1215/1165/622 1295/1245/702 
f 1268/1218/675 1266/1216/673 1295/1245/702 1296/1246/703 
f 1297/1247/704 1217/1167/624 1157/1107/564 1237/1187/644 
f 1298/1248/705 1297/1247/704 1237/1187/644 1239/1189/646 
f 1274/1224/681 1196/1146/603 1217/1167/624 1297/1247/704 
f 1276/1226/683 1274/1224/681 1297/1247/704 1298/1248/705 
f 1299/1249/706 1219/1169/626 1165/1115/572 1245/1195/652 
f 1300/1250/707 1299/1249/706 1245/1195/652 1247/1197/654 
f 1270/1220/677 1192/1142/599 1219/1169/626 1299/1249/706 
f 1272/1222/679 1270/1220/677 1299/1249/706 1300/1250/707 
f 1301/1251/708 1221/1171/628 1153/1103/560 1233/1183/640 
f 1302/1252/709 1301/1251/708 1233/1183/640 1235/1185/642 
f 1303/1253/710 1223/1173/630 1161/1111/568 1241/1191/648 
f 1304/1254/711 1303/1253/710 1241/1191/648 1243/1193/650 
f 1258/1208/665 1180/1130/587 1169/1119/576 1249/1199/656 
f 1260/1210/667 1258/1208/665 1249/1199/656 1251/1201/658 
f 1278/1228/685 1200/1150/607 1173/1123/580 1253/1203/660 
f 1280/1230/687 1278/1228/685 1253/1203/660 1255/1205/662 
f 1158/1108/565 1218/1168/625 674/624/151 673/623/151 
f 1146/1096/553 1214/1164/621 676/626/151 675/625/151 
f 1175/1125/582 1174/1124/581 678/628/135 677/627/152 
f 1154/1104/561 1222/1172/629 680/630/152 679/629/152 
f 1166/1116/573 1220/1170/627 682/632/153 681/631/153 
f 1150/1100/557 1216/1166/623 684/634/153 683/633/153 
f 1162/1112/569 1224/1174/631 714/664/172 713/663/171 
f 1171/1121/578 1170/1120/577 716/666/171 715/665/172 
f 1201/1151/608 1147/1097/554 782/732/219 781/731/218 
f 1195/1145/602 1194/1144/601 784/734/218 783/733/219 
f 1207/1157/614 1159/1109/566 786/736/221 785/735/220 
f 1183/1133/590 1182/1132/589 788/738/220 787/737/222 
f 1205/1155/612 1155/1105/562 790/740/224 789/739/223 
f 1199/1149/606 1198/1148/605 792/742/223 791/741/224 
f 1178/1128/585 1201/1151/608 781/731/218 853/803/265 
f 1194/1144/601 1209/1159/616 854/804/265 784/734/218 
f 1179/1129/586 1178/1128/585 853/803/265 855/805/266 
f 1209/1159/616 1163/1113/570 856/806/266 854/804/265 
f 1190/1140/597 1207/1157/614 785/735/220 857/807/267 
f 1182/1132/589 1203/1153/610 858/808/267 788/738/220 
f 1191/1141/598 1190/1140/597 857/807/267 859/809/268 
f 1203/1153/610 1151/1101/558 860/810/268 858/808/267 
f 1186/1136/593 1205/1155/612 789/739/223 861/811/269 
f 1198/1148/605 1211/1161/618 862/812/270 792/742/223 
f 1187/1137/594 1186/1136/593 861/811/269 863/813/271 
f 1211/1161/618 1167/1117/574 864/814/271 862/812/270 
f 1159/1109/566 1158/1108/565 673/623/151 786/736/221 
f 1214/1164/621 1183/1133/590 787/737/222 676/626/151 
f 1147/1097/554 1146/1096/553 675/625/151 782/732/219 
f 1218/1168/625 1195/1145/602 783/733/219 674/624/151 
f 1167/1117/574 1166/1116/573 681/631/153 864/814/271 
f 1216/1166/623 1187/1137/594 863/813/271 684/634/153 
f 1151/1101/558 1150/1100/557 683/633/153 860/810/268 
f 1220/1170/627 1191/1141/598 859/809/268 682/632/153 
f 1155/1105/562 1154/1104/561 679/629/152 790/740/224 
f 1174/1124/581 1199/1149/606 791/741/224 678/628/135 
f 1163/1113/570 1162/1112/569 713/663/171 856/806/266 
f 1170/1120/577 1179/1129/586 855/805/266 716/666/171 
f 1298/1248/705 1239/1189/646 626/576/121 625/575/120 
f 866/816/273 936/886/343 628/578/123 627/577/122 
f 1304/1254/711 1243/1193/650 638/588/130 637/587/129 
f 874/824/281 950/900/357 640/590/129 639/589/130 
f 1300/1250/707 1247/1197/654 650/600/138 649/599/137 
f 882/832/289 944/894/351 652/602/140 651/601/139 
f 1294/1244/701 1227/1177/634 686/636/155 685/635/154 
f 870/820/277 940/890/347 688/638/157 687/637/156 
f 1296/1246/703 1231/1181/638 690/640/159 689/639/158 
f 886/836/293 946/896/353 692/642/161 691/641/160 
f 1302/1252/709 1235/1185/642 694/644/162 693/643/162 
f 878/828/285 952/902/359 696/646/162 695/645/162 
f 1255/1205/662 1256/1206/663 699/649/164 698/648/163 
f 895/845/302 894/844/301 697/647/163 700/650/164 
f 1251/1201/658 1252/1202/659 719/669/173 718/668/173 
f 891/841/298 890/840/297 717/667/173 720/670/173 
f 919/869/326 867/817/274 722/672/175 721/671/174 
f 1240/1190/647 1288/1238/695 724/674/177 723/673/176 
f 726/676/179 1275/1225/682 1276/1226/683 727/677/180 
f 728/678/181 938/888/345 990/940/397 725/675/178 
f 746/696/198 1263/1213/670 1264/1214/671 747/697/199 
f 748/698/200 942/892/349 988/938/395 745/695/197 
f 927/877/334 871/821/278 750/700/202 749/699/201 
f 1228/1178/635 1282/1232/689 752/702/204 751/701/203 
f 754/704/206 1279/1229/686 1280/1230/687 755/705/207 
f 756/706/207 913/863/320 912/862/319 753/703/205 
f 985/935/392 879/829/286 766/716/215 765/715/214 
f 1236/1186/643 1286/1236/693 768/718/216 767/717/215 
f 793/743/225 898/848/305 919/869/326 721/671/174 
f 724/674/177 1288/1238/695 1271/1221/678 794/744/226 
f 796/746/228 899/849/306 898/848/305 793/743/225 
f 794/744/226 1271/1221/678 1272/1222/679 795/745/227 
f 1290/1240/697 1275/1225/682 726/676/179 797/747/229 
f 990/940/397 977/927/384 798/748/230 725/675/178 
f 1244/1194/651 1290/1240/697 797/747/229 799/749/231 
f 977/927/384 875/825/282 800/750/231 798/748/230 
f 1284/1234/691 1263/1213/670 746/696/198 817/767/245 
f 988/938/395 975/925/382 818/768/246 745/695/197 
f 1232/1182/639 1284/1234/691 817/767/245 819/769/247 
f 975/925/382 887/837/294 820/770/248 818/768/246 
f 908/858/315 927/877/334 749/699/201 821/771/249 
f 1282/1232/689 1259/1209/666 822/772/249 752/702/204 
f 824/774/250 909/859/316 908/858/315 821/771/249 
f 822/772/249 1259/1209/666 1260/1210/667 823/773/250 
f 1292/1242/699 1279/1229/686 754/704/206 825/775/251 
f 753/703/205 912/862/319 929/879/336 826/776/252 
f 1248/1198/655 1292/1242/699 825/775/251 827/777/253 
f 929/879/336 883/833/290 828/778/254 826/776/252 
f 995/945/402 985/935/392 765/715/214 837/787/261 
f 1286/1236/693 1267/1217/674 838/788/262 768/718/216 
f 840/790/264 948/898/355 995/945/402 837/787/261 
f 838/788/262 1267/1217/674 1268/1218/675 839/789/263 
f 727/677/180 1276/1226/683 1298/1248/705 625/575/120 
f 628/578/123 936/886/343 938/888/345 728/678/181 
f 867/817/274 866/816/273 627/577/122 722/672/175 
f 1239/1189/646 1240/1190/647 723/673/176 626/576/121 
f 795/745/227 1272/1222/679 1300/1250/707 649/599/137 
f 652/602/140 944/894/351 899/849/306 796/746/228 
f 883/833/290 882/832/289 651/601/139 828/778/254 
f 1247/1197/654 1248/1198/655 827/777/253 650/600/138 
f 747/697/199 1264/1214/671 1294/1244/701 685/635/154 
f 688/638/157 940/890/347 942/892/349 748/698/200 
f 871/821/278 870/820/277 687/637/156 750/700/202 
f 1227/1177/634 1228/1178/635 751/701/203 686/636/155 
f 839/789/263 1268/1218/675 1296/1246/703 689/639/158 
f 692/642/161 946/896/353 948/898/355 840/790/264 
f 887/837/294 886/836/293 691/641/160 820/770/248 
f 1231/1181/638 1232/1182/639 819/769/247 690/640/159 
f 875/825/282 874/824/281 639/589/130 800/750/231 
f 1243/1193/650 1244/1194/651 799/749/231 638/588/130 
f 879/829/286 878/828/285 695/645/162 766/716/215 
f 1235/1185/642 1236/1186/643 767/717/215 694/644/162 
f 755/705/207 1280/1230/687 1255/1205/662 698/648/163 
f 697/647/163 894/844/301 913/863/320 756/706/207 
f 823/773/250 1260/1210/667 1251/1201/658 718/668/173 
f 717/667/173 890/840/297 909/859/316 824/774/250 
f 1134/1084/541 1084/1034/491 1305/1255/128 1306/1256/128 
f 1008/958/415 1074/1024/481 1307/1257/128 1308/1258/128 
f 1142/1092/549 1090/1040/497 1309/1259/136 1310/1260/712 
f 1014/964/421 1081/1031/488 1311/1261/135 1312/1262/713 
f 1138/1088/545 1096/1046/503 1313/1263/145 1314/1264/147 
f 1020/970/427 1078/1028/485 1315/1265/714 1316/1266/146 
f 1103/1053/510 1104/1054/511 1317/1267/171 1318/1268/171 
f 1027/977/434 1026/976/433 1319/1269/169 1320/1270/171 
f 1057/1007/464 1009/959/416 1321/1271/715 1322/1272/190 
f 1051/1001/458 1050/1000/457 1323/1273/190 1324/1274/715 
f 1061/1011/468 1060/1010/467 1325/1275/195 1326/1276/194 
f 1031/981/438 1030/980/437 1327/1277/716 1328/1278/717 
f 1065/1015/472 1064/1014/471 1329/1279/718 1330/1280/212 
f 1035/985/442 1034/984/441 1331/1281/212 1332/1282/213 
f 1038/988/445 1057/1007/464 1322/1272/190 1333/1283/240 
f 1050/1000/457 1069/1019/476 1334/1284/241 1323/1273/190 
f 1039/989/446 1038/988/445 1333/1283/240 1335/1285/242 
f 1069/1019/476 1068/1018/475 1336/1286/242 1334/1284/241 
f 1042/992/449 1061/1011/468 1326/1276/194 1337/1287/243 
f 1030/980/437 1053/1003/460 1338/1288/719 1327/1277/716 
f 1043/993/450 1042/992/449 1337/1287/243 1339/1289/720 
f 1053/1003/460 1015/965/422 1340/1290/720 1338/1288/719 
f 1046/996/453 1065/1015/472 1330/1280/212 1341/1291/259 
f 1034/984/441 1055/1005/462 1342/1292/259 1331/1281/212 
f 1047/997/454 1046/996/453 1341/1291/259 1343/1293/721 
f 1055/1005/462 1021/971/428 1344/1294/260 1342/1292/259 
f 1060/1010/467 1134/1084/541 1306/1256/128 1325/1275/195 
f 1074/1024/481 1031/981/438 1328/1278/717 1307/1257/128 
f 1009/959/416 1008/958/415 1308/1258/128 1321/1271/715 
f 1084/1034/491 1051/1001/458 1324/1274/715 1305/1255/128 
f 1068/1018/475 1138/1088/545 1314/1264/147 1336/1286/242 
f 1078/1028/485 1039/989/446 1335/1285/242 1315/1265/714 
f 1021/971/428 1020/970/427 1316/1266/146 1344/1294/260 
f 1096/1046/503 1047/997/454 1343/1293/721 1313/1263/145 
f 1015/965/422 1014/964/421 1312/1262/713 1340/1290/720 
f 1090/1040/497 1043/993/450 1339/1289/720 1309/1259/136 
f 1064/1014/471 1103/1053/510 1318/1268/171 1329/1279/718 
f 1026/976/433 1035/985/442 1332/1282/213 1319/1269/169 
s off
f 1310/1260/149 1309/1259/149 646/1295/149 645/1296/149 
f 1309/1259/149 1339/1289/149 815/1297/149 646/1295/149 
f 1339/1289/149 1337/1287/149 813/1298/149 815/1297/149 
f 1337/1287/149 1326/1276/149 741/1299/149 813/1298/149 
f 1326/1276/149 1325/1275/149 742/1300/149 741/1299/149 
f 1325/1275/149 1306/1256/149 633/1301/149 742/1300/149 
f 1306/1256/149 1305/1255/149 634/1302/149 633/1301/149 
f 1305/1255/148 1324/1274/148 739/1303/148 634/1302/148 
f 1324/1274/149 1323/1273/149 740/1304/149 739/1303/149 
f 1323/1273/150 1334/1284/150 810/1305/150 740/1304/150 
f 1334/1284/150 1336/1286/150 812/1306/150 810/1305/150 
f 1336/1286/149 1314/1264/149 657/1307/149 812/1306/149 
f 1314/1264/148 1313/1263/148 658/1308/148 657/1307/148 
f 1313/1263/148 1343/1293/148 835/1309/148 658/1308/148 
f 1343/1293/148 1341/1291/148 833/1310/148 835/1309/148 
f 1341/1291/148 1330/1280/148 761/1311/148 833/1310/148 
f 1330/1280/150 1329/1279/150 762/1312/150 761/1311/150 
f 1329/1279/149 1318/1268/149 705/1313/149 762/1312/149 
f 1318/1268/149 1317/1267/149 706/1314/149 705/1313/149 
f 1320/1270/722 1319/1269/722 708/1315/722 707/1316/722 
f 1319/1269/723 1332/1282/723 763/1317/723 708/1315/723 
f 1332/1282/724 1331/1281/724 764/1318/724 763/1317/724 
f 1331/1281/724 1342/1292/724 834/1319/724 764/1318/724 
f 1342/1292/722 1344/1294/722 836/1320/722 834/1319/722 
f 1344/1294/722 1316/1266/722 659/1321/722 836/1320/722 
f 1316/1266/722 1315/1265/722 660/1322/722 659/1321/722 
f 1315/1265/722 1335/1285/722 811/1323/722 660/1322/722 
f 1335/1285/722 1333/1283/722 809/1324/722 811/1323/722 
f 1333/1283/722 1322/1272/722 737/1325/722 809/1324/722 
f 1322/1272/725 1321/1271/725 738/1326/725 737/1325/725 
f 1321/1271/724 1308/1258/724 635/1327/724 738/1326/724 
f 1308/1258/723 1307/1257/723 636/1328/723 635/1327/723 
f 1307/1257/724 1328/1278/724 743/1329/724 636/1328/724 
f 1328/1278/724 1327/1277/724 744/1330/724 743/1329/724 
f 1327/1277/724 1338/1288/724 814/1331/724 744/1330/724 
f 1338/1288/724 1340/1290/724 816/1332/724 814/1331/724 
f 1340/1290/722 1312/1262/722 647/1333/722 816/1332/722 
f 1312/1262/722 1311/1261/722 648/1334/722 647/1333/722 
s 1
f 1345/575/726 1346/578/727 1347/577/728 1348/576/729 
f 1349/579/730 1350/582/731 1351/581/732 1352/580/733 
usemtl Studio_Endo_Orbis_m1_3
f 1353/583/734 1354/586/734 1355/585/734 1356/584/734 
usemtl Studio_Endo_Orbis_m2_1
f 637/587/129 640/590/129 1357/589/130 1358/588/130 
f 641/591/131 1359/594/735 1360/593/736 642/592/132 
usemtl Studio_Endo_Orbis_m1_3
f 645/595/135 648/598/135 1361/597/712 1362/596/136 
usemtl Studio_Endo_Orbis_m2_1
f 1363/599/737 1364/602/738 1365/601/739 1366/600/740 
f 1367/603/741 1368/606/742 1369/605/743 1370/604/744 
usemtl Studio_Endo_Orbis_m1_3
f 1371/607/745 1372/610/745 1373/609/745 1374/608/745 
usemtl Studio_Endo_Orbis_m2_1
f 1375/611/148 1376/614/217 1377/613/150 1378/612/150 
f 665/615/148 668/618/148 1379/617/149 1380/616/149 
f 1381/619/149 1382/622/148 1383/621/217 1384/620/217 
f 1385/623/746 1386/626/746 1387/625/746 1388/624/746 
f 677/627/152 680/630/152 1389/629/152 1390/628/152 
f 1391/631/747 1392/634/747 1393/633/747 1394/632/747 
f 1395/635/748 1396/638/749 1397/637/750 1398/636/751 
f 1399/639/752 1400/642/753 1401/641/754 1402/640/755 
f 693/643/162 696/646/162 1403/645/756 1404/644/162 
f 1405/647/164 700/650/164 699/649/164 1406/648/164 
f 1407/651/757 704/654/168 703/653/167 1408/652/758 
usemtl Studio_Endo_Orbis_m1_3
f 1409/655/169 1410/658/170 707/657/170 706/656/170 
usemtl Studio_Endo_Orbis_m2_1
f 1411/659/150 1412/662/217 711/661/149 710/660/148 
f 1413/663/170 1414/666/172 715/665/172 714/664/172 
f 1415/667/173 720/670/173 719/669/173 1416/668/759 
f 1417/671/760 1418/674/761 1419/673/762 1420/672/763 
f 1421/675/764 1422/678/765 1423/677/766 1424/676/767 
f 1425/679/768 1426/682/769 1427/681/770 1428/680/771 
f 1429/683/772 1430/686/773 1431/685/774 1432/684/775 
usemtl Studio_Endo_Orbis_m1_3
f 1433/687/776 1434/690/777 1435/689/778 1436/688/779 
f 1437/691/780 1438/694/781 1439/693/782 1440/692/783 
usemtl Studio_Endo_Orbis_m2_1
f 1441/695/784 1442/698/785 1443/697/786 1444/696/787 
f 1445/699/788 1446/702/789 1447/701/790 1448/700/791 
f 1449/703/792 1450/706/793 1451/705/793 1452/704/794 
f 1453/707/795 1454/710/796 1455/709/797 1456/708/798 
usemtl Studio_Endo_Orbis_m1_3
f 1457/711/799 1458/714/799 1459/713/800 1460/712/800 
usemtl Studio_Endo_Orbis_m2_1
f 1461/715/801 1462/718/802 1463/717/803 1464/716/803 
f 1465/719/148 1466/722/149 1467/721/150 1468/720/150 
f 1469/723/149 1470/726/149 1471/725/149 1472/724/149 
f 1473/727/148 1474/730/148 1475/729/148 1476/728/149 
f 1477/731/804 1478/734/805 1479/733/806 1480/732/806 
f 1481/735/807 1482/738/807 1483/737/808 1484/736/809 
f 1485/739/810 1486/742/810 1487/741/811 1488/740/812 
f 1489/743/813 1490/744/814 1418/674/761 1417/671/760 
f 1491/745/815 1490/744/814 1489/743/813 1492/746/816 
f 1493/747/817 1494/748/818 1421/675/764 1424/676/767 
f 1495/749/819 1496/750/819 1494/748/818 1493/747/817 
f 1497/751/820 1498/752/821 1426/682/769 1425/679/768 
f 1499/753/822 1500/754/823 1498/752/821 1497/751/820 
f 1501/755/824 1502/756/825 1430/686/773 1429/683/772 
f 1503/757/826 1504/758/827 1502/756/825 1501/755/824 
usemtl Studio_Endo_Orbis_m1_3
f 1505/759/828 1506/760/829 1434/690/777 1433/687/776 
f 1507/761/830 1508/762/831 1506/760/829 1505/759/828 
f 1509/763/832 1510/764/832 1438/694/781 1437/691/780 
f 1511/765/833 1512/766/833 1510/764/832 1509/763/832 
usemtl Studio_Endo_Orbis_m2_1
f 1513/767/834 1514/768/835 1441/695/784 1444/696/787 
f 1515/769/836 1516/770/837 1514/768/835 1513/767/834 
f 1517/771/838 1518/772/839 1446/702/789 1445/699/788 
f 1519/773/840 1518/772/839 1517/771/838 1520/774/840 
f 1521/775/841 1522/776/842 1449/703/792 1452/704/794 
f 1523/777/843 1524/778/844 1522/776/842 1521/775/841 
f 1525/779/845 1526/780/846 1454/710/796 1453/707/795 
f 1527/781/847 1528/782/848 1526/780/846 1525/779/845 
usemtl Studio_Endo_Orbis_m1_3
f 1529/783/849 1530/784/850 1458/714/799 1457/711/799 
f 1531/785/851 1532/786/851 1530/784/850 1529/783/849 
usemtl Studio_Endo_Orbis_m2_1
f 1533/787/852 1534/788/853 1462/718/802 1461/715/801 
f 1535/789/854 1534/788/853 1533/787/852 1536/790/855 
f 1537/791/148 1538/792/217 1465/719/148 1468/720/150 
f 1539/793/149 1540/794/149 1538/792/217 1537/791/148 
f 1541/795/149 1542/796/149 1470/726/149 1469/723/149 
f 1543/797/149 1542/796/149 1541/795/149 1544/798/149 
f 1545/799/217 1546/800/217 1474/730/148 1473/727/148 
f 1547/801/217 1546/800/217 1545/799/217 1548/802/217 
f 1549/803/856 1550/804/857 1478/734/805 1477/731/804 
f 1551/805/858 1552/806/859 1550/804/857 1549/803/856 
f 1553/807/860 1554/808/860 1482/738/807 1481/735/807 
f 1555/809/861 1556/810/861 1554/808/860 1553/807/860 
f 1557/811/862 1558/812/862 1486/742/810 1485/739/810 
f 1559/813/863 1560/814/864 1558/812/862 1557/811/862 
f 1422/678/765 1346/578/727 1345/575/726 1423/677/766 
f 1420/672/763 1419/673/762 1348/576/729 1347/577/728 
f 1431/685/774 1349/579/730 1352/580/733 1432/684/775 
f 1351/581/732 1350/582/731 1428/680/771 1427/681/770 
usemtl Studio_Endo_Orbis_m1_3
f 1440/692/783 1439/693/782 1354/586/734 1353/583/734 
f 1436/688/779 1435/689/778 1356/584/734 1355/585/734 
usemtl Studio_Endo_Orbis_m2_1
f 1492/746/816 1364/602/738 1363/599/737 1491/745/815 
f 1524/778/844 1523/777/843 1366/600/740 1365/601/739 
f 1499/753/822 1367/603/741 1370/604/744 1500/754/823 
f 1369/605/743 1368/606/742 1528/782/848 1527/781/847 
usemtl Studio_Endo_Orbis_m1_3
f 1508/762/831 1507/761/830 1372/610/745 1371/607/745 
f 1532/786/851 1531/785/851 1374/608/745 1373/609/745 
usemtl Studio_Endo_Orbis_m2_1
f 1472/724/149 1471/725/149 1376/614/217 1375/611/148 
f 1466/722/149 1378/612/150 1377/613/150 1467/721/150 
f 1540/794/149 1539/793/149 1382/622/148 1381/619/149 
f 1548/802/217 1384/620/217 1383/621/217 1547/801/217 
f 1484/736/809 1483/737/808 1386/626/746 1385/623/746 
f 1480/732/806 1479/733/806 1388/624/746 1387/625/746 
f 1560/814/864 1559/813/863 1392/634/747 1391/631/747 
f 1556/810/861 1555/809/861 1394/632/747 1393/633/747 
f 1442/698/785 1396/638/749 1395/635/748 1443/697/786 
f 1448/700/791 1447/701/790 1398/636/751 1397/637/750 
f 1536/790/855 1400/642/753 1399/639/752 1535/789/854 
f 1516/770/837 1515/769/836 1402/640/755 1401/641/754 
f 1496/750/819 1495/749/819 1358/588/130 1357/589/130 
f 1360/593/736 1359/594/735 1504/758/827 1503/757/826 
usemtl Studio_Endo_Orbis_m1_3
f 1512/766/833 1511/765/833 1362/596/136 1361/597/712 
usemtl Studio_Endo_Orbis_m2_1
f 1544/798/149 1380/616/149 1379/617/149 1543/797/149 
f 1488/740/812 1487/741/811 1390/628/152 1389/629/152 
f 1464/716/803 1463/717/803 1404/644/162 1403/645/756 
f 1450/706/793 1405/647/164 1406/648/164 1451/705/793 
f 1455/709/797 1407/651/757 1408/652/758 1456/708/798 
usemtl Studio_Endo_Orbis_m1_3
f 1460/712/800 1459/713/800 1410/658/170 1409/655/169 
usemtl Studio_Endo_Orbis_m2_1
f 1476/728/149 1475/729/148 1412/662/217 1411/659/150 
f 1552/806/859 1551/805/858 1414/666/172 1413/663/170 
f 1520/774/840 1415/667/173 1416/668/759 1519/773/840 
f 1561/815/865 1562/818/866 1563/817/867 1564/816/868 
f 1565/819/869 1566/822/870 1567/821/871 1568/820/872 
f 1569/823/873 1570/826/874 1571/825/875 1572/824/876 
f 1573/827/877 1574/830/878 1575/829/879 1576/828/880 
f 1577/831/881 1578/834/882 1579/833/883 1580/832/884 
f 1581/835/885 1582/838/886 1583/837/887 1584/836/888 
f 1585/839/889 892/842/299 891/841/298 1586/840/890 
f 1587/843/891 896/846/303 895/845/302 1588/844/892 
f 1589/847/893 1590/850/894 1591/849/895 1592/848/896 
f 1593/851/897 1594/854/898 1595/853/899 1596/852/900 
f 1597/855/901 1598/856/902 1503/757/826 1501/755/824 
f 1599/857/903 1600/860/904 1601/859/905 1602/858/906 
f 1603/861/907 1604/864/908 1605/863/909 1606/862/910 
f 1607/865/911 1608/868/912 1609/867/913 1610/866/914 
f 1562/818/866 1611/870/915 1612/869/916 1563/817/867 
f 1611/870/915 1589/847/893 1592/848/896 1612/869/916 
f 1613/871/917 1614/874/918 1615/873/919 1616/872/920 
f 1614/874/918 1593/851/897 1596/852/900 1615/873/919 
f 1617/875/921 1618/876/922 1429/683/772 1432/684/775 
f 1618/876/922 1597/855/901 1501/755/824 1429/683/772 
f 1566/822/870 1619/878/923 1620/877/924 1567/821/871 
f 1619/878/923 1599/857/903 1602/858/906 1620/877/924 
f 1578/834/882 1621/880/925 1622/879/926 1579/833/883 
f 1621/880/925 1603/861/907 1606/862/910 1622/879/926 
f 1623/881/927 1624/884/928 1625/883/929 1626/882/930 
f 1624/884/928 1607/865/911 1610/866/914 1625/883/929 
f 1627/885/931 1561/815/865 1564/816/868 1628/886/932 
f 1629/887/933 1627/885/931 1628/886/932 1630/888/934 
f 1631/889/935 1565/819/869 1568/820/872 1632/890/936 
f 1633/891/937 1631/889/935 1632/890/936 1634/892/938 
f 1635/893/939 1577/831/881 1580/832/884 1636/894/940 
f 1590/850/894 1635/893/939 1636/894/940 1591/849/895 
f 1637/895/941 1581/835/885 1584/836/888 1638/896/942 
f 1639/897/943 1637/895/941 1638/896/942 1640/898/944 
f 949/899/356 1569/823/873 1572/824/876 950/900/357 
f 951/901/358 1573/827/877 1576/828/880 952/902/359 
f 1600/860/904 1585/839/889 1586/840/890 1601/859/905 
f 1604/864/908 1587/843/891 1588/844/892 1605/863/909 
f 1641/903/945 1642/904/946 1562/818/866 1561/815/865 
f 1351/581/732 1427/681/770 1642/904/946 1641/903/945 
f 1643/905/947 1644/906/948 1566/822/870 1565/819/869 
f 1645/907/949 1646/908/950 1644/906/948 1643/905/947 
f 1647/909/951 1598/856/902 1570/826/874 1569/823/873 
f 1360/593/736 1503/757/826 1598/856/902 1647/909/951 
f 1648/910/952 1608/868/912 1574/830/878 1573/827/877 
f 1649/911/953 1609/867/913 1608/868/912 1648/910/952 
f 1650/912/954 1651/913/955 1578/834/882 1577/831/881 
f 1369/605/743 1527/781/847 1651/913/955 1650/912/954 
f 1652/914/956 1594/854/898 1582/838/886 1581/835/885 
f 1653/915/957 1595/853/899 1594/854/898 1652/914/956 
f 1654/916/958 967/917/374 892/842/299 1585/839/889 
f 1655/918/959 969/919/376 967/917/374 1654/916/958 
f 1656/920/960 971/921/378 896/846/303 1587/843/891 
f 1408/652/758 703/653/167 971/921/378 1656/920/960 
f 1657/922/961 1658/923/962 1590/850/894 1589/847/893 
f 1498/752/821 1500/754/823 1658/923/962 1657/922/961 
f 1659/924/963 1582/838/886 1594/854/898 1593/851/897 
f 1660/925/964 1583/837/887 1582/838/886 1659/924/963 
f 1661/926/965 1570/826/874 1598/856/902 1597/855/901 
f 1662/927/966 1571/825/875 1570/826/874 1661/926/965 
f 1663/928/967 1664/929/968 1600/860/904 1599/857/903 
f 1665/930/969 1666/931/970 1664/929/968 1663/928/967 
f 1667/932/971 1668/933/972 1604/864/908 1603/861/907 
f 1453/707/795 1456/708/798 1668/933/972 1667/932/971 
f 1669/934/973 1574/830/878 1608/868/912 1607/865/911 
f 1670/935/974 1575/829/879 1574/830/878 1669/934/973 
f 1642/904/946 1671/936/975 1611/870/915 1562/818/866 
f 1427/681/770 1426/682/769 1671/936/975 1642/904/946 
f 1671/936/975 1657/922/961 1589/847/893 1611/870/915 
f 1426/682/769 1498/752/821 1657/922/961 1671/936/975 
f 1633/891/937 1672/937/976 1614/874/918 1613/871/917 
f 1634/892/938 1673/938/977 1672/937/976 1633/891/937 
f 1672/937/976 1659/924/963 1593/851/897 1614/874/918 
f 1673/938/977 1660/925/964 1659/924/963 1672/937/976 
f 1629/887/933 1674/939/978 1618/876/922 1617/875/921 
f 1630/888/934 1675/940/979 1674/939/978 1629/887/933 
f 1674/939/978 1661/926/965 1597/855/901 1618/876/922 
f 1675/940/979 1662/927/966 1661/926/965 1674/939/978 
f 1644/906/948 1676/941/980 1619/878/923 1566/822/870 
f 1646/908/950 1677/942/981 1676/941/980 1644/906/948 
f 1676/941/980 1663/928/967 1599/857/903 1619/878/923 
f 1677/942/981 1665/930/969 1663/928/967 1676/941/980 
f 1651/913/955 1678/943/982 1621/880/925 1578/834/882 
f 1527/781/847 1525/779/845 1678/943/982 1651/913/955 
f 1678/943/982 1667/932/971 1603/861/907 1621/880/925 
f 1525/779/845 1453/707/795 1667/932/971 1678/943/982 
f 1639/897/943 1679/944/983 1624/884/928 1623/881/927 
f 1640/898/944 1680/945/984 1679/944/983 1639/897/943 
f 1679/944/983 1669/934/973 1607/865/911 1624/884/928 
f 1680/945/984 1670/935/974 1669/934/973 1679/944/983 
f 1681/946/985 1641/903/945 1561/815/865 1627/885/931 
f 1352/580/733 1351/581/732 1641/903/945 1681/946/985 
f 1617/875/921 1681/946/985 1627/885/931 1629/887/933 
f 1432/684/775 1352/580/733 1681/946/985 1617/875/921 
f 1682/947/986 1643/905/947 1565/819/869 1631/889/935 
f 1683/948/987 1645/907/949 1643/905/947 1682/947/986 
f 1613/871/917 1682/947/986 1631/889/935 1633/891/937 
f 1616/872/920 1683/948/987 1682/947/986 1613/871/917 
f 1684/949/988 1650/912/954 1577/831/881 1635/893/939 
f 1370/604/744 1369/605/743 1650/912/954 1684/949/988 
f 1658/923/962 1684/949/988 1635/893/939 1590/850/894 
f 1500/754/823 1370/604/744 1684/949/988 1658/923/962 
f 1685/950/989 1652/914/956 1581/835/885 1637/895/941 
f 1686/951/990 1653/915/957 1652/914/956 1685/950/989 
f 1623/881/927 1685/950/989 1637/895/941 1639/897/943 
f 1626/882/930 1686/951/990 1685/950/989 1623/881/927 
f 1002/952/409 1647/909/951 1569/823/873 949/899/356 
f 642/592/132 1360/593/736 1647/909/951 1002/952/409 
f 1003/953/410 1648/910/952 1573/827/877 951/901/358 
f 1004/954/411 1649/911/953 1648/910/952 1003/953/410 
f 1664/929/968 1654/916/958 1585/839/889 1600/860/904 
f 1666/931/970 1655/918/959 1654/916/958 1664/929/968 
f 1668/933/972 1656/920/960 1587/843/891 1604/864/908 
f 1456/708/798 1408/652/758 1656/920/960 1668/933/972 
f 1687/955/991 1688/956/992 1428/680/771 1350/582/731 
f 1689/957/993 1690/960/994 1691/959/995 1692/958/996 
f 1693/961/997 1694/962/998 1504/758/827 1359/594/735 
f 1695/963/999 1696/966/1000 1697/965/1001 1698/964/1002 
f 1699/967/1003 1700/968/1004 1528/782/848 1368/606/742 
f 1701/969/1005 1702/972/1006 1703/971/1007 1704/970/1008 
f 1705/973/1009 1024/974/431 704/654/168 1407/651/757 
f 1706/975/1010 1028/978/435 1027/977/434 1707/976/1011 
f 1708/979/1012 1709/982/1013 1710/981/1014 1711/980/1015 
f 1712/983/1016 1713/986/1017 1714/985/1018 1715/984/1019 
f 1716/987/1020 1717/990/1021 1718/989/1022 1719/988/1023 
f 1720/991/1024 1721/994/1025 1722/993/1026 1723/992/1027 
f 1724/995/1028 1725/998/1029 1726/997/1030 1727/996/1031 
f 1728/999/1032 1729/1002/1033 1730/1001/1034 1731/1000/1035 
f 1696/966/1000 1732/1004/1036 1733/1003/1037 1697/965/1001 
f 1732/1004/1036 1708/979/1012 1711/980/1015 1733/1003/1037 
f 1702/972/1006 1734/1006/1038 1735/1005/1039 1703/971/1007 
f 1734/1006/1038 1712/983/1016 1715/984/1019 1735/1005/1039 
f 1690/960/994 1736/1008/1040 1737/1007/1041 1691/959/995 
f 1736/1008/1040 1716/987/1020 1719/988/1023 1737/1007/1041 
f 1738/1009/1042 1739/1012/1043 1740/1011/1044 1741/1010/1045 
f 1739/1012/1043 1720/991/1024 1723/992/1027 1740/1011/1044 
f 1742/1013/1046 1743/1016/1047 1744/1015/1048 1745/1014/1049 
f 1743/1016/1047 1724/995/1028 1727/996/1031 1744/1015/1048 
f 1746/1017/1050 1747/1020/1051 1748/1019/1052 1749/1018/1053 
f 1747/1020/1051 1728/999/1032 1731/1000/1035 1748/1019/1052 
f 1750/1021/1054 1687/955/991 1350/582/731 1349/579/730 
f 1751/1022/1055 1750/1021/1054 1349/579/730 1431/685/774 
f 1752/1023/1056 1689/957/993 1692/958/996 1753/1024/1057 
f 1709/982/1013 1752/1023/1056 1753/1024/1057 1710/981/1014 
f 1754/1025/1058 1699/967/1003 1368/606/742 1367/603/741 
f 1755/1026/1059 1754/1025/1058 1367/603/741 1499/753/822 
f 1756/1027/1060 1701/969/1005 1704/970/1008 1757/1028/1061 
f 1717/990/1021 1756/1027/1060 1757/1028/1061 1718/989/1022 
f 1079/1029/486 1693/961/997 1359/594/735 641/591/131 
f 1080/1030/487 1695/963/999 1698/964/1002 1081/1031/488 
f 1758/1032/1062 1705/973/1009 1407/651/757 1455/709/797 
f 1713/986/1017 1706/975/1010 1707/976/1011 1714/985/1018 
f 1759/1033/1063 1729/1002/1033 1688/956/992 1687/955/991 
f 1760/1034/1064 1730/1001/1034 1729/1002/1033 1759/1033/1063 
f 1761/1035/1065 1762/1036/1066 1690/960/994 1689/957/993 
f 1763/1037/1067 1764/1038/1068 1762/1036/1066 1761/1035/1065 
f 1765/1039/1069 1721/994/1025 1694/962/998 1693/961/997 
f 1766/1040/1070 1722/993/1026 1721/994/1025 1765/1039/1069 
f 1767/1041/1071 1768/1042/1072 1696/966/1000 1695/963/999 
f 1769/1043/1073 1770/1044/1074 1768/1042/1072 1767/1041/1071 
f 1771/1045/1075 1725/998/1029 1700/968/1004 1699/967/1003 
f 1772/1046/1076 1726/997/1030 1725/998/1029 1771/1045/1075 
f 1773/1047/1077 1774/1048/1078 1702/972/1006 1701/969/1005 
f 1775/1049/1079 1776/1050/1080 1774/1048/1078 1773/1047/1077 
f 1777/1051/1081 1102/1052/509 1024/974/431 1705/973/1009 
f 1778/1053/510 1104/1054/511 1102/1052/509 1777/1051/1081 
f 1779/1055/1082 1106/1056/513 1028/978/435 1706/975/1010 
f 1780/1057/1083 1108/1058/515 1106/1056/513 1779/1055/1082 
f 1781/1059/1084 1782/1060/1085 1709/982/1013 1708/979/1012 
f 1783/1061/1086 1784/1062/1087 1782/1060/1085 1781/1059/1084 
f 1785/1063/1088 1786/1064/1089 1713/986/1017 1712/983/1016 
f 1787/1065/1090 1788/1066/1091 1786/1064/1089 1785/1063/1088 
f 1789/1067/1092 1790/1068/1093 1717/990/1021 1716/987/1020 
f 1791/1069/1094 1792/1070/1095 1790/1068/1093 1789/1067/1092 
f 1793/1071/1096 1694/962/998 1721/994/1025 1720/991/1024 
f 1502/756/825 1504/758/827 1694/962/998 1793/1071/1096 
f 1794/1072/1097 1700/968/1004 1725/998/1029 1724/995/1028 
f 1526/780/846 1528/782/848 1700/968/1004 1794/1072/1097 
f 1795/1073/1098 1688/956/992 1729/1002/1033 1728/999/1032 
f 1425/679/768 1428/680/771 1688/956/992 1795/1073/1098 
f 1768/1042/1072 1796/1074/1099 1732/1004/1036 1696/966/1000 
f 1770/1044/1074 1797/1075/1100 1796/1074/1099 1768/1042/1072 
f 1796/1074/1099 1781/1059/1084 1708/979/1012 1732/1004/1036 
f 1797/1075/1100 1783/1061/1086 1781/1059/1084 1796/1074/1099 
f 1774/1048/1078 1798/1076/1101 1734/1006/1038 1702/972/1006 
f 1776/1050/1080 1799/1077/1102 1798/1076/1101 1774/1048/1078 
f 1798/1076/1101 1785/1063/1088 1712/983/1016 1734/1006/1038 
f 1799/1077/1102 1787/1065/1090 1785/1063/1088 1798/1076/1101 
f 1762/1036/1066 1800/1078/1103 1736/1008/1040 1690/960/994 
f 1764/1038/1068 1801/1079/1104 1800/1078/1103 1762/1036/1066 
f 1800/1078/1103 1789/1067/1092 1716/987/1020 1736/1008/1040 
f 1801/1079/1104 1791/1069/1094 1789/1067/1092 1800/1078/1103 
f 1751/1022/1055 1802/1080/1105 1739/1012/1043 1738/1009/1042 
f 1431/685/774 1430/686/773 1802/1080/1105 1751/1022/1055 
f 1802/1080/1105 1793/1071/1096 1720/991/1024 1739/1012/1043 
f 1430/686/773 1502/756/825 1793/1071/1096 1802/1080/1105 
f 1758/1032/1062 1803/1081/1106 1743/1016/1047 1742/1013/1046 
f 1455/709/797 1454/710/796 1803/1081/1106 1758/1032/1062 
f 1803/1081/1106 1794/1072/1097 1724/995/1028 1743/1016/1047 
f 1454/710/796 1526/780/846 1794/1072/1097 1803/1081/1106 
f 1755/1026/1059 1804/1082/1107 1747/1020/1051 1746/1017/1050 
f 1499/753/822 1497/751/820 1804/1082/1107 1755/1026/1059 
f 1804/1082/1107 1795/1073/1098 1728/999/1032 1747/1020/1051 
f 1497/751/820 1425/679/768 1795/1073/1098 1804/1082/1107 
f 1805/1083/1108 1759/1033/1063 1687/955/991 1750/1021/1054 
f 1806/1084/1109 1760/1034/1064 1759/1033/1063 1805/1083/1108 
f 1738/1009/1042 1805/1083/1108 1750/1021/1054 1751/1022/1055 
f 1741/1010/1045 1806/1084/1109 1805/1083/1108 1738/1009/1042 
f 1807/1085/1110 1761/1035/1065 1689/957/993 1752/1023/1056 
f 1808/1086/1111 1763/1037/1067 1761/1035/1065 1807/1085/1110 
f 1782/1060/1085 1807/1085/1110 1752/1023/1056 1709/982/1013 
f 1784/1062/1087 1808/1086/1111 1807/1085/1110 1782/1060/1085 
f 1809/1087/1112 1771/1045/1075 1699/967/1003 1754/1025/1058 
f 1810/1088/1113 1772/1046/1076 1771/1045/1075 1809/1087/1112 
f 1746/1017/1050 1809/1087/1112 1754/1025/1058 1755/1026/1059 
f 1749/1018/1053 1810/1088/1113 1809/1087/1112 1746/1017/1050 
f 1811/1089/1114 1773/1047/1077 1701/969/1005 1756/1027/1060 
f 1812/1090/1115 1775/1049/1079 1773/1047/1077 1811/1089/1114 
f 1790/1068/1093 1811/1089/1114 1756/1027/1060 1717/990/1021 
f 1792/1070/1095 1812/1090/1115 1811/1089/1114 1790/1068/1093 
f 1141/1091/548 1765/1039/1069 1693/961/997 1079/1029/486 
f 1142/1092/549 1766/1040/1070 1765/1039/1069 1141/1091/548 
f 1143/1093/550 1767/1041/1071 1695/963/999 1080/1030/487 
f 1144/1094/551 1769/1043/1073 1767/1041/1071 1143/1093/550 
f 1742/1013/1046 1777/1051/1081 1705/973/1009 1758/1032/1062 
f 1745/1014/1049 1778/1053/510 1777/1051/1081 1742/1013/1046 
f 1786/1064/1089 1779/1055/1082 1706/975/1010 1713/986/1017 
f 1788/1066/1091 1780/1057/1083 1779/1055/1082 1786/1064/1089 
f 1808/1086/1111 1375/611/148 1378/612/150 1763/1037/1067 
f 1683/948/987 1377/613/150 1376/614/217 1645/907/949 
f 1144/1094/551 665/615/148 1380/616/149 1769/1043/1073 
f 1655/918/959 1379/617/149 668/618/148 969/919/376 
f 1812/1090/1115 1381/619/149 1384/620/217 1775/1049/1079 
f 1686/951/990 1383/621/217 1382/622/148 1653/915/957 
f 1780/1057/1083 1411/659/150 710/660/148 1108/1058/515 
f 1004/954/411 711/661/149 1412/662/217 1649/911/953 
f 1468/720/150 1467/721/150 1616/872/920 1615/873/919 
f 1466/722/149 1465/719/148 1801/1079/1104 1764/1038/1068 
f 1783/1061/1086 1469/723/149 1472/724/149 1784/1062/1087 
f 1646/908/950 1471/725/149 1470/726/149 1677/942/981 
f 1787/1065/1090 1473/727/148 1476/728/149 1788/1066/1091 
f 1609/867/913 1475/729/148 1474/730/148 1610/866/914 
f 1596/852/900 1537/791/148 1468/720/150 1615/873/919 
f 1801/1079/1104 1465/719/148 1538/792/217 1791/1069/1094 
f 1595/853/899 1539/793/149 1537/791/148 1596/852/900 
f 1791/1069/1094 1538/792/217 1540/794/149 1792/1070/1095 
f 1797/1075/1100 1541/795/149 1469/723/149 1783/1061/1086 
f 1677/942/981 1470/726/149 1542/796/149 1665/930/969 
f 1544/798/149 1541/795/149 1797/1075/1100 1770/1044/1074 
f 1542/796/149 1543/797/149 1666/931/970 1665/930/969 
f 1799/1077/1102 1545/799/217 1473/727/148 1787/1065/1090 
f 1610/866/914 1474/730/148 1546/800/217 1625/883/929 
f 1548/802/217 1545/799/217 1799/1077/1102 1776/1050/1080 
f 1546/800/217 1547/801/217 1626/882/930 1625/883/929 
f 1784/1062/1087 1472/724/149 1375/611/148 1808/1086/1111 
f 1645/907/949 1376/614/217 1471/725/149 1646/908/950 
f 1467/721/150 1377/613/150 1683/948/987 1616/872/920 
f 1378/612/150 1466/722/149 1764/1038/1068 1763/1037/1067 
f 1792/1070/1095 1540/794/149 1381/619/149 1812/1090/1115 
f 1653/915/957 1382/622/148 1539/793/149 1595/853/899 
f 1547/801/217 1383/621/217 1686/951/990 1626/882/930 
f 1384/620/217 1548/802/217 1776/1050/1080 1775/1049/1079 
f 1543/797/149 1379/617/149 1655/918/959 1666/931/970 
f 1380/616/149 1544/798/149 1770/1044/1074 1769/1043/1073 
f 1788/1066/1091 1476/728/149 1411/659/150 1780/1057/1083 
f 1649/911/953 1412/662/217 1475/729/148 1609/867/913 
f 1813/1095/1116 1814/1098/1117 1815/1097/1118 1816/1096/1119 
f 1817/1099/1120 1818/1102/1121 1819/1101/1122 1820/1100/1123 
f 1821/1103/1124 1822/1106/1125 1823/1105/1126 1824/1104/1127 
f 1825/1107/1128 1826/1110/1129 1827/1109/1130 1828/1108/1131 
f 1829/1111/1132 1830/1114/1133 1831/1113/1134 1832/1112/1135 
f 1833/1115/1136 1834/1118/1137 1835/1117/1138 1836/1116/1139 
f 1837/1119/1140 1172/1122/579 1171/1121/578 1838/1120/1141 
f 1839/1123/1142 1176/1126/583 1175/1125/582 1840/1124/1143 
f 1841/1127/1144 1842/1130/1145 1843/1129/1146 1844/1128/1147 
f 1845/1131/1148 1846/1134/1149 1847/1133/1150 1848/1132/1151 
f 1849/1135/1152 1850/1138/1153 1851/1137/1154 1852/1136/1155 
f 1853/1139/1156 1854/1142/1157 1855/1141/1158 1856/1140/1159 
f 1857/1143/1160 1858/1146/1161 1859/1145/1162 1860/1144/1163 
f 1861/1147/1164 1862/1150/1165 1863/1149/1166 1864/1148/1167 
f 1814/1098/1117 1865/1152/1168 1866/1151/1169 1815/1097/1118 
f 1865/1152/1168 1841/1127/1144 1844/1128/1147 1866/1151/1169 
f 1818/1102/1121 1867/1154/1170 1868/1153/1171 1819/1101/1122 
f 1867/1154/1170 1845/1131/1148 1848/1132/1151 1868/1153/1171 
f 1822/1106/1125 1869/1156/1172 1870/1155/1173 1823/1105/1126 
f 1869/1156/1172 1849/1135/1152 1852/1136/1155 1870/1155/1173 
f 1826/1110/1129 1871/1158/1174 1872/1157/1175 1827/1109/1130 
f 1871/1158/1174 1853/1139/1156 1856/1140/1159 1872/1157/1175 
f 1830/1114/1133 1873/1160/1176 1874/1159/1177 1831/1113/1134 
f 1873/1160/1176 1857/1143/1160 1860/1144/1163 1874/1159/1177 
f 1834/1118/1137 1875/1162/1178 1876/1161/1179 1835/1117/1138 
f 1875/1162/1178 1861/1147/1164 1864/1148/1167 1876/1161/1179 
f 1877/1163/1180 1813/1095/1116 1816/1096/1119 1878/1164/1181 
f 1846/1134/1149 1877/1163/1180 1878/1164/1181 1847/1133/1150 
f 1879/1165/1182 1817/1099/1120 1820/1100/1123 1880/1166/1183 
f 1850/1138/1153 1879/1165/1182 1880/1166/1183 1851/1137/1154 
f 1881/1167/1184 1825/1107/1128 1828/1108/1131 1882/1168/1185 
f 1858/1146/1161 1881/1167/1184 1882/1168/1185 1859/1145/1162 
f 1883/1169/1186 1833/1115/1136 1836/1116/1139 1884/1170/1187 
f 1854/1142/1157 1883/1169/1186 1884/1170/1187 1855/1141/1158 
f 1221/1171/628 1821/1103/1124 1824/1104/1127 1222/1172/629 
f 1223/1173/630 1829/1111/1132 1832/1112/1135 1224/1174/631 
f 1842/1130/1145 1837/1119/1140 1838/1120/1141 1843/1129/1146 
f 1862/1150/1165 1839/1123/1142 1840/1124/1143 1863/1149/1166 
f 1885/1175/1188 1886/1176/1189 1814/1098/1117 1813/1095/1116 
f 1887/1177/1190 1888/1178/1191 1886/1176/1189 1885/1175/1188 
f 1889/1179/1192 1890/1180/1193 1818/1102/1121 1817/1099/1120 
f 1891/1181/1194 1892/1182/1195 1890/1180/1193 1889/1179/1192 
f 1893/1183/1196 1894/1184/1197 1822/1106/1125 1821/1103/1124 
f 1895/1185/1198 1896/1186/1199 1894/1184/1197 1893/1183/1196 
f 1897/1187/1200 1898/1188/1201 1826/1110/1129 1825/1107/1128 
f 1899/1189/1202 1900/1190/1203 1898/1188/1201 1897/1187/1200 
f 1901/1191/1204 1902/1192/1205 1830/1114/1133 1829/1111/1132 
f 1903/1193/1206 1904/1194/1207 1902/1192/1205 1901/1191/1204 
f 1905/1195/1208 1906/1196/1209 1834/1118/1137 1833/1115/1136 
f 1907/1197/1210 1908/1198/1211 1906/1196/1209 1905/1195/1208 
f 1909/1199/1212 1250/1200/657 1172/1122/579 1837/1119/1140 
f 1910/1201/658 1252/1202/659 1250/1200/657 1909/1199/1212 
f 1911/1203/1213 1254/1204/661 1176/1126/583 1839/1123/1142 
f 1912/1205/1214 1256/1206/663 1254/1204/661 1911/1203/1213 
f 1913/1207/1215 1914/1208/1216 1842/1130/1145 1841/1127/1144 
f 1915/1209/1217 1916/1210/1218 1914/1208/1216 1913/1207/1215 
f 1917/1211/1219 1918/1212/1220 1846/1134/1149 1845/1131/1148 
f 1919/1213/1221 1920/1214/1222 1918/1212/1220 1917/1211/1219 
f 1921/1215/1223 1922/1216/1224 1850/1138/1153 1849/1135/1152 
f 1923/1217/1225 1924/1218/1226 1922/1216/1224 1921/1215/1223 
f 1925/1219/1227 1926/1220/1228 1854/1142/1157 1853/1139/1156 
f 1927/1221/1229 1928/1222/1230 1926/1220/1228 1925/1219/1227 
f 1929/1223/1231 1930/1224/1232 1858/1146/1161 1857/1143/1160 
f 1931/1225/1233 1932/1226/1234 1930/1224/1232 1929/1223/1231 
f 1933/1227/1235 1934/1228/1236 1862/1150/1165 1861/1147/1164 
f 1935/1229/1237 1936/1230/1238 1934/1228/1236 1933/1227/1235 
f 1886/1176/1189 1937/1231/1239 1865/1152/1168 1814/1098/1117 
f 1888/1178/1191 1938/1232/1240 1937/1231/1239 1886/1176/1189 
f 1937/1231/1239 1913/1207/1215 1841/1127/1144 1865/1152/1168 
f 1938/1232/1240 1915/1209/1217 1913/1207/1215 1937/1231/1239 
f 1890/1180/1193 1939/1233/1241 1867/1154/1170 1818/1102/1121 
f 1892/1182/1195 1940/1234/1242 1939/1233/1241 1890/1180/1193 
f 1939/1233/1241 1917/1211/1219 1845/1131/1148 1867/1154/1170 
f 1940/1234/1242 1919/1213/1221 1917/1211/1219 1939/1233/1241 
f 1894/1184/1197 1941/1235/1243 1869/1156/1172 1822/1106/1125 
f 1896/1186/1199 1942/1236/1244 1941/1235/1243 1894/1184/1197 
f 1941/1235/1243 1921/1215/1223 1849/1135/1152 1869/1156/1172 
f 1942/1236/1244 1923/1217/1225 1921/1215/1223 1941/1235/1243 
f 1898/1188/1201 1943/1237/1245 1871/1158/1174 1826/1110/1129 
f 1900/1190/1203 1944/1238/1246 1943/1237/1245 1898/1188/1201 
f 1943/1237/1245 1925/1219/1227 1853/1139/1156 1871/1158/1174 
f 1944/1238/1246 1927/1221/1229 1925/1219/1227 1943/1237/1245 
f 1902/1192/1205 1945/1239/1247 1873/1160/1176 1830/1114/1133 
f 1904/1194/1207 1946/1240/1248 1945/1239/1247 1902/1192/1205 
f 1945/1239/1247 1929/1223/1231 1857/1143/1160 1873/1160/1176 
f 1946/1240/1248 1931/1225/1233 1929/1223/1231 1945/1239/1247 
f 1906/1196/1209 1947/1241/1249 1875/1162/1178 1834/1118/1137 
f 1908/1198/1211 1948/1242/1250 1947/1241/1249 1906/1196/1209 
f 1947/1241/1249 1933/1227/1235 1861/1147/1164 1875/1162/1178 
f 1948/1242/1250 1935/1229/1237 1933/1227/1235 1947/1241/1249 
f 1949/1243/1251 1885/1175/1188 1813/1095/1116 1877/1163/1180 
f 1950/1244/1252 1887/1177/1190 1885/1175/1188 1949/1243/1251 
f 1918/1212/1220 1949/1243/1251 1877/1163/1180 1846/1134/1149 
f 1920/1214/1222 1950/1244/1252 1949/1243/1251 1918/1212/1220 
f 1951/1245/1253 1889/1179/1192 1817/1099/1120 1879/1165/1182 
f 1952/1246/1254 1891/1181/1194 1889/1179/1192 1951/1245/1253 
f 1922/1216/1224 1951/1245/1253 1879/1165/1182 1850/1138/1153 
f 1924/1218/1226 1952/1246/1254 1951/1245/1253 1922/1216/1224 
f 1953/1247/1255 1897/1187/1200 1825/1107/1128 1881/1167/1184 
f 1954/1248/1256 1899/1189/1202 1897/1187/1200 1953/1247/1255 
f 1930/1224/1232 1953/1247/1255 1881/1167/1184 1858/1146/1161 
f 1932/1226/1234 1954/1248/1256 1953/1247/1255 1930/1224/1232 
f 1955/1249/1257 1905/1195/1208 1833/1115/1136 1883/1169/1186 
f 1956/1250/1258 1907/1197/1210 1905/1195/1208 1955/1249/1257 
f 1926/1220/1228 1955/1249/1257 1883/1169/1186 1854/1142/1157 
f 1928/1222/1230 1956/1250/1258 1955/1249/1257 1926/1220/1228 
f 1301/1251/708 1893/1183/1196 1821/1103/1124 1221/1171/628 
f 1302/1252/709 1895/1185/1198 1893/1183/1196 1301/1251/708 
f 1303/1253/710 1901/1191/1204 1829/1111/1132 1223/1173/630 
f 1304/1254/711 1903/1193/1206 1901/1191/1204 1303/1253/710 
f 1914/1208/1216 1909/1199/1212 1837/1119/1140 1842/1130/1145 
f 1916/1210/1218 1910/1201/658 1909/1199/1212 1914/1208/1216 
f 1934/1228/1236 1911/1203/1213 1839/1123/1142 1862/1150/1165 
f 1936/1230/1238 1912/1205/1214 1911/1203/1213 1934/1228/1236 
f 1828/1108/1131 1385/623/746 1388/624/746 1882/1168/1185 
f 1816/1096/1119 1387/625/746 1386/626/746 1878/1164/1181 
f 1175/1125/582 677/627/152 1390/628/152 1840/1124/1143 
f 1824/1104/1127 1389/629/152 680/630/152 1222/1172/629 
f 1836/1116/1139 1391/631/747 1394/632/747 1884/1170/1187 
f 1820/1100/1123 1393/633/747 1392/634/747 1880/1166/1183 
f 1832/1112/1135 1413/663/170 714/664/172 1224/1174/631 
f 1171/1121/578 715/665/172 1414/666/172 1838/1120/1141 
f 1866/1151/1169 1477/731/804 1480/732/806 1815/1097/1118 
f 1859/1145/1162 1479/733/806 1478/734/805 1860/1144/1163 
f 1872/1157/1175 1481/735/807 1484/736/809 1827/1109/1130 
f 1847/1133/1150 1483/737/808 1482/738/807 1848/1132/1151 
f 1870/1155/1173 1485/739/810 1488/740/812 1823/1105/1126 
f 1863/1149/1166 1487/741/811 1486/742/810 1864/1148/1167 
f 1844/1128/1147 1549/803/856 1477/731/804 1866/1151/1169 
f 1860/1144/1163 1478/734/805 1550/804/857 1874/1159/1177 
f 1843/1129/1146 1551/805/858 1549/803/856 1844/1128/1147 
f 1874/1159/1177 1550/804/857 1552/806/859 1831/1113/1134 
f 1856/1140/1159 1553/807/860 1481/735/807 1872/1157/1175 
f 1848/1132/1151 1482/738/807 1554/808/860 1868/1153/1171 
f 1855/1141/1158 1555/809/861 1553/807/860 1856/1140/1159 
f 1868/1153/1171 1554/808/860 1556/810/861 1819/1101/1122 
f 1852/1136/1155 1557/811/862 1485/739/810 1870/1155/1173 
f 1864/1148/1167 1486/742/810 1558/812/862 1876/1161/1179 
f 1851/1137/1154 1559/813/863 1557/811/862 1852/1136/1155 
f 1876/1161/1179 1558/812/862 1560/814/864 1835/1117/1138 
f 1827/1109/1130 1484/736/809 1385/623/746 1828/1108/1131 
f 1878/1164/1181 1386/626/746 1483/737/808 1847/1133/1150 
f 1815/1097/1118 1480/732/806 1387/625/746 1816/1096/1119 
f 1882/1168/1185 1388/624/746 1479/733/806 1859/1145/1162 
f 1835/1117/1138 1560/814/864 1391/631/747 1836/1116/1139 
f 1880/1166/1183 1392/634/747 1559/813/863 1851/1137/1154 
f 1819/1101/1122 1556/810/861 1393/633/747 1820/1100/1123 
f 1884/1170/1187 1394/632/747 1555/809/861 1855/1141/1158 
f 1823/1105/1126 1488/740/812 1389/629/152 1824/1104/1127 
f 1840/1124/1143 1390/628/152 1487/741/811 1863/1149/1166 
f 1831/1113/1134 1552/806/859 1413/663/170 1832/1112/1135 
f 1838/1120/1141 1414/666/172 1551/805/858 1843/1129/1146 
f 1954/1248/1256 1345/575/726 1348/576/729 1899/1189/1202 
f 1564/816/868 1347/577/728 1346/578/727 1628/886/932 
f 1304/1254/711 637/587/129 1358/588/130 1903/1193/1206 
f 1572/824/876 1357/589/130 640/590/129 950/900/357 
f 1956/1250/1258 1363/599/737 1366/600/740 1907/1197/1210 
f 1580/832/884 1365/601/739 1364/602/738 1636/894/940 
f 1950/1244/1252 1395/635/748 1398/636/751 1887/1177/1190 
f 1568/820/872 1397/637/750 1396/638/749 1632/890/936 
f 1952/1246/1254 1399/639/752 1402/640/755 1891/1181/1194 
f 1584/836/888 1401/641/754 1400/642/753 1638/896/942 
f 1302/1252/709 693/643/162 1404/644/162 1895/1185/1198 
f 1576/828/880 1403/645/756 696/646/162 952/902/359 
f 1912/1205/1214 1406/648/164 699/649/164 1256/1206/663 
f 895/845/302 700/650/164 1405/647/164 1588/844/892 
f 1910/1201/658 1416/668/759 719/669/173 1252/1202/659 
f 891/841/298 720/670/173 1415/667/173 1586/840/890 
f 1612/869/916 1417/671/760 1420/672/763 1563/817/867 
f 1900/1190/1203 1419/673/762 1418/674/761 1944/1238/1246 
f 1424/676/767 1423/677/766 1932/1226/1234 1931/1225/1233 
f 1422/678/765 1421/675/764 1675/940/979 1630/888/934 
f 1444/696/787 1443/697/786 1920/1214/1222 1919/1213/1221 
f 1442/698/785 1441/695/784 1673/938/977 1634/892/938 
f 1620/877/924 1445/699/788 1448/700/791 1567/821/871 
f 1888/1178/1191 1447/701/790 1446/702/789 1938/1232/1240 
f 1452/704/794 1451/705/793 1936/1230/1238 1935/1229/1237 
f 1450/706/793 1449/703/792 1606/862/910 1605/863/909 
f 1670/935/974 1461/715/801 1464/716/803 1575/829/879 
f 1896/1186/1199 1463/717/803 1462/718/802 1942/1236/1244 
f 1489/743/813 1417/671/760 1612/869/916 1592/848/896 
f 1418/674/761 1490/744/814 1927/1221/1229 1944/1238/1246 
f 1492/746/816 1489/743/813 1592/848/896 1591/849/895 
f 1490/744/814 1491/745/815 1928/1222/1230 1927/1221/1229 
f 1946/1240/1248 1493/747/817 1424/676/767 1931/1225/1233 
f 1675/940/979 1421/675/764 1494/748/818 1662/927/966 
f 1904/1194/1207 1495/749/819 1493/747/817 1946/1240/1248 
f 1662/927/966 1494/748/818 1496/750/819 1571/825/875 
f 1940/1234/1242 1513/767/834 1444/696/787 1919/1213/1221 
f 1673/938/977 1441/695/784 1514/768/835 1660/925/964 
f 1892/1182/1195 1515/769/836 1513/767/834 1940/1234/1242 
f 1660/925/964 1514/768/835 1516/770/837 1583/837/887 
f 1602/858/906 1517/771/838 1445/699/788 1620/877/924 
f 1938/1232/1240 1446/702/789 1518/772/839 1915/1209/1217 
f 1520/774/840 1517/771/838 1602/858/906 1601/859/905 
f 1518/772/839 1519/773/840 1916/1210/1218 1915/1209/1217 
f 1948/1242/1250 1521/775/841 1452/704/794 1935/1229/1237 
f 1449/703/792 1522/776/842 1622/879/926 1606/862/910 
f 1908/1198/1211 1523/777/843 1521/775/841 1948/1242/1250 
f 1622/879/926 1522/776/842 1524/778/844 1579/833/883 
f 1680/945/984 1533/787/852 1461/715/801 1670/935/974 
f 1942/1236/1244 1462/718/802 1534/788/853 1923/1217/1225 
f 1536/790/855 1533/787/852 1680/945/984 1640/898/944 
f 1534/788/853 1535/789/854 1924/1218/1226 1923/1217/1225 
f 1423/677/766 1345/575/726 1954/1248/1256 1932/1226/1234 
f 1346/578/727 1422/678/765 1630/888/934 1628/886/932 
f 1563/817/867 1420/672/763 1347/577/728 1564/816/868 
f 1899/1189/1202 1348/576/729 1419/673/762 1900/1190/1203 
f 1491/745/815 1363/599/737 1956/1250/1258 1928/1222/1230 
f 1364/602/738 1492/746/816 1591/849/895 1636/894/940 
f 1579/833/883 1524/778/844 1365/601/739 1580/832/884 
f 1907/1197/1210 1366/600/740 1523/777/843 1908/1198/1211 
f 1443/697/786 1395/635/748 1950/1244/1252 1920/1214/1222 
f 1396/638/749 1442/698/785 1634/892/938 1632/890/936 
f 1567/821/871 1448/700/791 1397/637/750 1568/820/872 
f 1887/1177/1190 1398/636/751 1447/701/790 1888/1178/1191 
f 1535/789/854 1399/639/752 1952/1246/1254 1924/1218/1226 
f 1400/642/753 1536/790/855 1640/898/944 1638/896/942 
f 1583/837/887 1516/770/837 1401/641/754 1584/836/888 
f 1891/1181/1194 1402/640/755 1515/769/836 1892/1182/1195 
f 1571/825/875 1496/750/819 1357/589/130 1572/824/876 
f 1903/1193/1206 1358/588/130 1495/749/819 1904/1194/1207 
f 1575/829/879 1464/716/803 1403/645/756 1576/828/880 
f 1895/1185/1198 1404/644/162 1463/717/803 1896/1186/1199 
f 1451/705/793 1406/648/164 1912/1205/1214 1936/1230/1238 
f 1405/647/164 1450/706/793 1605/863/909 1588/844/892 
f 1519/773/840 1416/668/759 1910/1201/658 1916/1210/1218 
f 1415/667/173 1520/774/840 1601/859/905 1586/840/890 
f 1806/1084/1109 1957/1256/734 1958/1255/734 1760/1034/1064 
f 1692/958/996 1959/1258/734 1960/1257/734 1753/1024/1057 
f 1142/1092/549 1310/1260/712 1961/1259/712 1766/1040/1070 
f 1698/964/1002 1962/1262/135 1311/1261/135 1081/1031/488 
f 1810/1088/1113 1963/1264/745 1964/1263/745 1772/1046/1076 
f 1704/970/1008 1965/1266/1259 1966/1265/745 1757/1028/1061 
f 1778/1053/510 1967/1268/171 1317/1267/171 1104/1054/511 
f 1027/977/434 1320/1270/171 1968/1269/169 1707/976/1011 
f 1737/1007/1041 1969/1272/1260 1970/1271/779 1691/959/995 
f 1730/1001/1034 1971/1274/779 1972/1273/1261 1731/1000/1035 
f 1740/1011/1044 1973/1276/780 1974/1275/783 1741/1010/1045 
f 1710/981/1014 1975/1278/783 1976/1277/1262 1711/980/1015 
f 1744/1015/1048 1977/1280/1263 1978/1279/1264 1745/1014/1049 
f 1714/985/1018 1979/1282/800 1980/1281/799 1715/984/1019 
f 1719/988/1023 1981/1283/828 1969/1272/1260 1737/1007/1041 
f 1731/1000/1035 1972/1273/1261 1982/1284/829 1748/1019/1052 
f 1718/989/1022 1983/1285/1265 1981/1283/828 1719/988/1023 
f 1748/1019/1052 1982/1284/829 1984/1286/1265 1749/1018/1053 
f 1723/992/1027 1985/1287/832 1973/1276/780 1740/1011/1044 
f 1711/980/1015 1976/1277/1262 1986/1288/832 1733/1003/1037 
f 1722/993/1026 1987/1289/1266 1985/1287/832 1723/992/1027 
f 1733/1003/1037 1986/1288/832 1988/1290/833 1697/965/1001 
f 1727/996/1031 1989/1291/1267 1977/1280/1263 1744/1015/1048 
f 1715/984/1019 1980/1281/799 1990/1292/849 1735/1005/1039 
f 1726/997/1030 1991/1293/851 1989/1291/1267 1727/996/1031 
f 1735/1005/1039 1990/1292/849 1992/1294/1268 1703/971/1007 
f 1741/1010/1045 1974/1275/783 1957/1256/734 1806/1084/1109 
f 1753/1024/1057 1960/1257/734 1975/1278/783 1710/981/1014 
f 1691/959/995 1970/1271/779 1959/1258/734 1692/958/996 
f 1760/1034/1064 1958/1255/734 1971/1274/779 1730/1001/1034 
f 1749/1018/1053 1984/1286/1265 1963/1264/745 1810/1088/1113 
f 1757/1028/1061 1966/1265/745 1983/1285/1265 1718/989/1022 
f 1703/971/1007 1992/1294/1268 1965/1266/1259 1704/970/1008 
f 1772/1046/1076 1964/1263/745 1991/1293/851 1726/997/1030 
f 1697/965/1001 1988/1290/833 1962/1262/135 1698/964/1002 
f 1766/1040/1070 1961/1259/712 1987/1289/1266 1722/993/1026 
f 1745/1014/1049 1978/1279/1264 1967/1268/171 1778/1053/510 
f 1707/976/1011 1968/1269/169 1979/1282/800 1714/985/1018 
s off
f 1310/1260/149 645/1296/149 1362/1295/149 1961/1259/149 
f 1961/1259/149 1362/1295/149 1511/1297/149 1987/1289/149 
f 1987/1289/217 1511/1297/217 1509/1298/217 1985/1287/217 
f 1985/1287/148 1509/1298/148 1437/1299/148 1973/1276/148 
f 1973/1276/148 1437/1299/148 1440/1300/148 1974/1275/148 
f 1974/1275/149 1440/1300/149 1353/1301/149 1957/1256/149 
f 1957/1256/150 1353/1301/150 1356/1302/150 1958/1255/150 
f 1958/1255/150 1356/1302/150 1435/1303/150 1971/1274/150 
f 1971/1274/150 1435/1303/150 1434/1304/150 1972/1273/150 
f 1972/1273/217 1434/1304/217 1506/1305/217 1982/1284/217 
f 1982/1284/217 1506/1305/217 1508/1306/217 1984/1286/217 
f 1984/1286/150 1508/1306/150 1371/1307/150 1963/1264/150 
f 1963/1264/217 1371/1307/217 1374/1308/217 1964/1263/217 
f 1964/1263/150 1374/1308/150 1531/1309/150 1991/1293/150 
f 1991/1293/149 1531/1309/149 1529/1310/149 1989/1291/149 
f 1989/1291/148 1529/1310/148 1457/1311/148 1977/1280/148 
f 1977/1280/150 1457/1311/150 1460/1312/150 1978/1279/150 
f 1978/1279/149 1460/1312/149 1409/1313/149 1967/1268/149 
f 1967/1268/149 1409/1313/149 706/1314/149 1317/1267/149 
f 1320/1270/722 707/1316/722 1410/1315/722 1968/1269/722 
f 1968/1269/723 1410/1315/723 1459/1317/723 1979/1282/723 
f 1979/1282/725 1459/1317/725 1458/1318/725 1980/1281/725 
f 1980/1281/725 1458/1318/725 1530/1319/725 1990/1292/725 
f 1990/1292/722 1530/1319/722 1532/1320/722 1992/1294/722 
f 1992/1294/724 1532/1320/724 1373/1321/724 1965/1266/724 
f 1965/1266/724 1373/1321/724 1372/1322/724 1966/1265/724 
f 1966/1265/724 1372/1322/724 1507/1323/724 1983/1285/724 
f 1983/1285/724 1507/1323/724 1505/1324/724 1981/1283/724 
f 1981/1283/724 1505/1324/724 1433/1325/724 1969/1272/724 
f 1969/1272/725 1433/1325/725 1436/1326/725 1970/1271/725 
f 1970/1271/723 1436/1326/723 1355/1327/723 1959/1258/723 
f 1959/1258/724 1355/1327/724 1354/1328/724 1960/1257/724 
f 1960/1257/724 1354/1328/724 1439/1329/724 1975/1278/724 
f 1975/1278/724 1439/1329/724 1438/1330/724 1976/1277/724 
f 1976/1277/725 1438/1330/725 1510/1331/725 1986/1288/725 
f 1986/1288/723 1510/1331/723 1512/1332/723 1988/1290/723 
f 1988/1290/724 1512/1332/724 1361/1333/724 1962/1262/724 
f 1962/1262/722 1361/1333/722 648/1334/722 1311/1261/722 
s 1
f 1993/575/1269 1994/578/1270 1995/577/1271 1996/576/1272 
f 1997/579/1273 1998/582/1274 1999/581/1275 2000/580/1276 
usemtl Studio_Endo_Orbis_m1_3
f 2001/583/1277 2002/586/1277 2003/585/1277 2004/584/1277 
usemtl Studio_Endo_Orbis_m2_1
f 2005/599/1278 2006/602/1279 2007/601/1280 2008/600/1281 
f 2009/603/1282 2010/606/1283 2011/605/1284 2012/604/1285 
usemtl Studio_Endo_Orbis_m1_3
f 2013/607/1286 2014/610/1287 2015/609/1286 2016/608/1286 
usemtl Studio_Endo_Orbis_m2_1
f 2017/611/1288 2018/614/1289 2019/613/1288 2020/612/1288 
f 2021/619/1288 2022/622/1288 2023/621/1289 2024/620/1289 
f 2025/623/1290 2026/626/1290 2027/625/1290 2028/624/1290 
f 2029/631/1291 2030/634/1291 2031/633/1292 2032/632/1292 
f 2033/635/1293 2034/638/1294 2035/637/1295 2036/636/1296 
f 2037/639/1297 2038/642/1298 2039/641/1299 2040/640/1300 
f 2041/647/1301 2042/1335/1302 2043/1336/1303 2044/648/1304 
f 2045/652/1305 2046/651/1306 2047/1337/1307 2048/1338/1308 
usemtl Studio_Endo_Orbis_m1_3
f 2049/655/1309 2050/658/1309 2051/1339/1310 2052/1340/1311 
usemtl Studio_Endo_Orbis_m2_1
f 2053/659/1289 2054/662/1289 2055/1341/1312 2056/1342/1313 
f 2057/663/1314 2058/666/1314 2059/1343/1315 2060/1344/1315 
f 2061/667/1316 2062/1345/1317 2063/1346/1316 2064/668/1318 
f 2065/671/1319 2066/674/1320 2067/673/1321 2068/672/1322 
f 2069/675/1323 2070/678/1324 2071/677/1325 2072/676/1326 
f 2073/679/1327 2074/682/1328 2075/681/1329 2076/680/1330 
f 2077/683/1331 2078/686/1332 2079/685/1333 2080/684/1334 
usemtl Studio_Endo_Orbis_m1_3
f 2081/687/1335 2082/690/1335 2083/689/1336 2084/688/1336 
f 2085/691/1337 2086/694/1338 2087/693/1339 2088/692/1340 
usemtl Studio_Endo_Orbis_m2_1
f 2089/695/1341 2090/698/1342 2091/697/1343 2092/696/1344 
f 2093/699/1345 2094/702/1346 2095/701/1347 2096/700/1348 
f 2097/703/1349 2098/706/1350 2099/705/1351 2100/704/1352 
f 2101/707/1353 2102/710/1354 2103/709/1355 2104/708/1356 
usemtl Studio_Endo_Orbis_m1_3
f 2105/711/1357 2106/714/1357 2107/713/1358 2108/712/1358 
usemtl Studio_Endo_Orbis_m2_1
f 2109/715/1359 2110/718/1360 2111/717/1361 2112/716/1361 
f 2113/719/1288 2114/722/1288 2115/721/1288 2116/720/1288 
f 2117/723/1288 2118/726/1289 2119/725/1289 2120/724/1288 
f 2121/727/1289 2122/730/1288 2123/729/1289 2124/728/1289 
f 2125/731/1362 2126/734/1362 2127/733/1363 2128/732/1364 
f 2129/735/1365 2130/738/1365 2131/737/1366 2132/736/1366 
f 2133/739/1367 2134/742/1368 2135/741/1369 2136/740/1369 
f 2137/743/1370 2138/744/1371 2066/674/1320 2065/671/1319 
f 2139/745/1372 2138/744/1371 2137/743/1370 2140/746/1373 
f 2141/747/1374 2142/748/1375 2069/675/1323 2072/676/1326 
f 2143/749/1376 2144/750/1376 2142/748/1375 2141/747/1374 
f 2145/751/1377 2146/752/1378 2074/682/1328 2073/679/1327 
f 2147/753/1379 2148/754/1380 2146/752/1378 2145/751/1377 
f 2149/755/1381 2150/756/1382 2078/686/1332 2077/683/1331 
f 2151/757/1383 2152/758/1384 2150/756/1382 2149/755/1381 
usemtl Studio_Endo_Orbis_m1_3
f 2153/759/1385 2154/760/1385 2082/690/1335 2081/687/1335 
f 2155/761/1386 2156/762/1386 2154/760/1385 2153/759/1385 
f 2157/763/1387 2158/764/1387 2086/694/1338 2085/691/1337 
f 2159/765/1388 2160/766/1388 2158/764/1387 2157/763/1387 
usemtl Studio_Endo_Orbis_m2_1
f 2161/767/1389 2162/768/1390 2089/695/1341 2092/696/1344 
f 2163/769/1391 2164/770/1392 2162/768/1390 2161/767/1389 
f 2165/771/1393 2166/772/1394 2094/702/1346 2093/699/1345 
f 2167/773/1395 2166/772/1394 2165/771/1393 2168/774/1396 
f 2169/775/1397 2170/776/1398 2097/703/1349 2100/704/1352 
f 2171/777/1399 2172/778/1400 2170/776/1398 2169/775/1397 
f 2173/779/1401 2174/780/1402 2102/710/1354 2101/707/1353 
f 2175/781/1403 2176/782/1404 2174/780/1402 2173/779/1401 
usemtl Studio_Endo_Orbis_m1_3
f 2177/783/1405 2178/784/1405 2106/714/1357 2105/711/1357 
f 2179/785/1406 2180/786/1406 2178/784/1405 2177/783/1405 
usemtl Studio_Endo_Orbis_m2_1
f 2181/787/1407 2182/788/1408 2110/718/1360 2109/715/1359 
f 2183/789/1409 2182/788/1408 2181/787/1407 2184/790/1410 
f 2185/791/1288 2186/792/1288 2113/719/1288 2116/720/1288 
f 2187/793/1288 2188/794/1288 2186/792/1288 2185/791/1288 
f 2189/795/1288 2190/796/1289 2118/726/1289 2117/723/1288 
f 2191/797/1288 2190/796/1289 2189/795/1288 2192/798/1288 
f 2193/799/1288 2194/800/1289 2122/730/1288 2121/727/1289 
f 2195/801/1289 2194/800/1289 2193/799/1288 2196/802/1289 
f 2197/803/1411 2198/804/1411 2126/734/1362 2125/731/1362 
f 2199/805/1412 2200/806/1412 2198/804/1411 2197/803/1411 
f 2201/807/1413 2202/808/1413 2130/738/1365 2129/735/1365 
f 2203/809/1414 2204/810/1414 2202/808/1413 2201/807/1413 
f 2205/811/1415 2206/812/1415 2134/742/1368 2133/739/1367 
f 2207/813/1416 2208/814/1416 2206/812/1415 2205/811/1415 
f 2070/678/1324 1994/578/1270 1993/575/1269 2071/677/1325 
f 2068/672/1322 2067/673/1321 1996/576/1272 1995/577/1271 
f 2079/685/1333 1997/579/1273 2000/580/1276 2080/684/1334 
f 1999/581/1275 1998/582/1274 2076/680/1330 2075/681/1329 
usemtl Studio_Endo_Orbis_m1_3
f 2088/692/1340 2087/693/1339 2002/586/1277 2001/583/1277 
f 2084/688/1336 2083/689/1336 2004/584/1277 2003/585/1277 
usemtl Studio_Endo_Orbis_m2_1
f 2140/746/1373 2006/602/1279 2005/599/1278 2139/745/1372 
f 2172/778/1400 2171/777/1399 2008/600/1281 2007/601/1280 
f 2147/753/1379 2009/603/1282 2012/604/1285 2148/754/1380 
f 2011/605/1284 2010/606/1283 2176/782/1404 2175/781/1403 
usemtl Studio_Endo_Orbis_m1_3
f 2156/762/1386 2155/761/1386 2014/610/1287 2013/607/1286 
f 2180/786/1406 2179/785/1406 2016/608/1286 2015/609/1286 
usemtl Studio_Endo_Orbis_m2_1
f 2120/724/1288 2119/725/1289 2018/614/1289 2017/611/1288 
f 2114/722/1288 2020/612/1288 2019/613/1288 2115/721/1288 
f 2188/794/1288 2187/793/1288 2022/622/1288 2021/619/1288 
f 2196/802/1289 2024/620/1289 2023/621/1289 2195/801/1289 
f 2132/736/1366 2131/737/1366 2026/626/1290 2025/623/1290 
f 2128/732/1364 2127/733/1363 2028/624/1290 2027/625/1290 
f 2208/814/1416 2207/813/1416 2030/634/1291 2029/631/1291 
f 2204/810/1414 2203/809/1414 2032/632/1292 2031/633/1292 
f 2090/698/1342 2034/638/1294 2033/635/1293 2091/697/1343 
f 2096/700/1348 2095/701/1347 2036/636/1296 2035/637/1295 
f 2184/790/1410 2038/642/1298 2037/639/1297 2183/789/1409 
f 2164/770/1392 2163/769/1391 2040/640/1300 2039/641/1299 
f 2144/750/1376 2143/749/1376 2209/588/1417 2210/589/1418 
f 2211/593/1419 2212/594/1420 2152/758/1384 2151/757/1383 
usemtl Studio_Endo_Orbis_m1_3
f 2160/766/1388 2159/765/1388 2213/596/1421 2214/597/1422 
usemtl Studio_Endo_Orbis_m2_1
f 2192/798/1288 2215/616/1288 2216/617/1288 2191/797/1288 
f 2136/740/1369 2135/741/1369 2217/628/1423 2218/629/1423 
f 2112/716/1361 2111/717/1361 2219/644/1424 2220/645/1425 
f 2098/706/1350 2041/647/1301 2044/648/1304 2099/705/1351 
f 2103/709/1355 2046/651/1306 2045/652/1305 2104/708/1356 
usemtl Studio_Endo_Orbis_m1_3
f 2108/712/1358 2107/713/1358 2050/658/1309 2049/655/1309 
usemtl Studio_Endo_Orbis_m2_1
f 2124/728/1289 2123/729/1289 2054/662/1289 2053/659/1289 
f 2200/806/1412 2199/805/1412 2058/666/1314 2057/663/1314 
f 2168/774/1396 2061/667/1316 2064/668/1318 2167/773/1395 
f 2221/815/1426 2222/818/1427 2223/817/1428 2224/816/1429 
f 2225/819/1430 2226/822/1431 2227/821/1432 2228/820/1433 
f 2229/823/1434 2230/826/1435 2231/825/1436 2232/824/1437 
f 2233/827/1438 2234/830/1439 2235/829/1440 2236/828/1441 
f 2237/831/1442 2238/834/1443 2239/833/1444 2240/832/1445 
f 2241/835/1446 2242/838/1447 2243/837/1448 2244/836/1449 
f 2245/847/1450 2246/850/1451 2247/849/1452 2248/848/1453 
f 2249/851/1454 2250/854/1455 2251/853/1456 2252/852/1457 
f 2253/855/1458 2254/856/1459 2151/757/1383 2149/755/1381 
f 2255/857/1460 2256/860/1461 2257/859/1462 2258/858/1463 
f 2259/861/1464 2260/864/1465 2261/863/1466 2262/862/1467 
f 2263/865/1468 2264/868/1469 2265/867/1470 2266/866/1471 
f 2222/818/1427 2267/870/1472 2268/869/1473 2223/817/1428 
f 2267/870/1472 2245/847/1450 2248/848/1453 2268/869/1473 
f 2269/871/1474 2270/874/1475 2271/873/1476 2272/872/1477 
f 2270/874/1475 2249/851/1454 2252/852/1457 2271/873/1476 
f 2273/875/1478 2274/876/1479 2077/683/1331 2080/684/1334 
f 2274/876/1479 2253/855/1458 2149/755/1381 2077/683/1331 
f 2226/822/1431 2275/878/1480 2276/877/1481 2227/821/1432 
f 2275/878/1480 2255/857/1460 2258/858/1463 2276/877/1481 
f 2238/834/1443 2277/880/1482 2278/879/1483 2239/833/1444 
f 2277/880/1482 2259/861/1464 2262/862/1467 2278/879/1483 
f 2279/881/1484 2280/884/1485 2281/883/1486 2282/882/1487 
f 2280/884/1485 2263/865/1468 2266/866/1471 2281/883/1486 
f 2283/885/1488 2221/815/1426 2224/816/1429 2284/886/1489 
f 2285/887/1490 2283/885/1488 2284/886/1489 2286/888/1491 
f 2287/889/1492 2225/819/1430 2228/820/1433 2288/890/1493 
f 2289/891/1494 2287/889/1492 2288/890/1493 2290/892/1495 
f 2291/893/1496 2237/831/1442 2240/832/1445 2292/894/1497 
f 2246/850/1451 2291/893/1496 2292/894/1497 2247/849/1452 
f 2293/895/1498 2241/835/1446 2244/836/1449 2294/896/1499 
f 2295/897/1500 2293/895/1498 2294/896/1499 2296/898/1501 
f 2229/823/1434 2232/824/1437 2297/1347/1502 2298/1348/1503 
f 2233/827/1438 2236/828/1441 2299/1349/1504 2300/1350/1505 
f 2256/860/1461 2301/839/1506 2302/840/1507 2257/859/1462 
f 2260/864/1465 2303/843/1508 2304/844/1509 2261/863/1466 
f 2305/903/1510 2306/904/1511 2222/818/1427 2221/815/1426 
f 1999/581/1275 2075/681/1329 2306/904/1511 2305/903/1510 
f 2307/905/1512 2308/906/1513 2226/822/1431 2225/819/1430 
f 2309/907/1514 2310/908/1515 2308/906/1513 2307/905/1512 
f 2311/909/1516 2254/856/1459 2230/826/1435 2229/823/1434 
f 2211/593/1419 2151/757/1383 2254/856/1459 2311/909/1516 
f 2312/910/1517 2264/868/1469 2234/830/1439 2233/827/1438 
f 2313/911/1518 2265/867/1470 2264/868/1469 2312/910/1517 
f 2314/912/1519 2315/913/1520 2238/834/1443 2237/831/1442 
f 2011/605/1284 2175/781/1403 2315/913/1520 2314/912/1519 
f 2316/914/1521 2250/854/1455 2242/838/1447 2241/835/1446 
f 2317/915/1522 2251/853/1456 2250/854/1455 2316/914/1521 
f 2318/922/1523 2319/923/1524 2246/850/1451 2245/847/1450 
f 2146/752/1378 2148/754/1380 2319/923/1524 2318/922/1523 
f 2320/924/1525 2242/838/1447 2250/854/1455 2249/851/1454 
f 2321/925/1526 2243/837/1448 2242/838/1447 2320/924/1525 
f 2322/926/1527 2230/826/1435 2254/856/1459 2253/855/1458 
f 2323/927/1528 2231/825/1436 2230/826/1435 2322/926/1527 
f 2324/928/1529 2325/929/1530 2256/860/1461 2255/857/1460 
f 2326/930/1531 2327/931/1532 2325/929/1530 2324/928/1529 
f 2328/932/1533 2329/933/1534 2260/864/1465 2259/861/1464 
f 2101/707/1353 2104/708/1356 2329/933/1534 2328/932/1533 
f 2330/934/1535 2234/830/1439 2264/868/1469 2263/865/1468 
f 2331/935/1536 2235/829/1440 2234/830/1439 2330/934/1535 
f 2306/904/1511 2332/936/1537 2267/870/1472 2222/818/1427 
f 2075/681/1329 2074/682/1328 2332/936/1537 2306/904/1511 
f 2332/936/1537 2318/922/1523 2245/847/1450 2267/870/1472 
f 2074/682/1328 2146/752/1378 2318/922/1523 2332/936/1537 
f 2289/891/1494 2333/937/1538 2270/874/1475 2269/871/1474 
f 2290/892/1495 2334/938/1539 2333/937/1538 2289/891/1494 
f 2333/937/1538 2320/924/1525 2249/851/1454 2270/874/1475 
f 2334/938/1539 2321/925/1526 2320/924/1525 2333/937/1538 
f 2285/887/1490 2335/939/1540 2274/876/1479 2273/875/1478 
f 2286/888/1491 2336/940/1541 2335/939/1540 2285/887/1490 
f 2335/939/1540 2322/926/1527 2253/855/1458 2274/876/1479 
f 2336/940/1541 2323/927/1528 2322/926/1527 2335/939/1540 
f 2308/906/1513 2337/941/1542 2275/878/1480 2226/822/1431 
f 2310/908/1515 2338/942/1543 2337/941/1542 2308/906/1513 
f 2337/941/1542 2324/928/1529 2255/857/1460 2275/878/1480 
f 2338/942/1543 2326/930/1531 2324/928/1529 2337/941/1542 
f 2315/913/1520 2339/943/1544 2277/880/1482 2238/834/1443 
f 2175/781/1403 2173/779/1401 2339/943/1544 2315/913/1520 
f 2339/943/1544 2328/932/1533 2259/861/1464 2277/880/1482 
f 2173/779/1401 2101/707/1353 2328/932/1533 2339/943/1544 
f 2295/897/1500 2340/944/1545 2280/884/1485 2279/881/1484 
f 2296/898/1501 2341/945/1546 2340/944/1545 2295/897/1500 
f 2340/944/1545 2330/934/1535 2263/865/1468 2280/884/1485 
f 2341/945/1546 2331/935/1536 2330/934/1535 2340/944/1545 
f 2342/946/1547 2305/903/1510 2221/815/1426 2283/885/1488 
f 2000/580/1276 1999/581/1275 2305/903/1510 2342/946/1547 
f 2273/875/1478 2342/946/1547 2283/885/1488 2285/887/1490 
f 2080/684/1334 2000/580/1276 2342/946/1547 2273/875/1478 
f 2343/947/1548 2307/905/1512 2225/819/1430 2287/889/1492 
f 2344/948/1549 2309/907/1514 2307/905/1512 2343/947/1548 
f 2269/871/1474 2343/947/1548 2287/889/1492 2289/891/1494 
f 2272/872/1477 2344/948/1549 2343/947/1548 2269/871/1474 
f 2345/949/1550 2314/912/1519 2237/831/1442 2291/893/1496 
f 2012/604/1285 2011/605/1284 2314/912/1519 2345/949/1550 
f 2319/923/1524 2345/949/1550 2291/893/1496 2246/850/1451 
f 2148/754/1380 2012/604/1285 2345/949/1550 2319/923/1524 
f 2346/950/1551 2316/914/1521 2241/835/1446 2293/895/1498 
f 2347/951/1552 2317/915/1522 2316/914/1521 2346/950/1551 
f 2279/881/1484 2346/950/1551 2293/895/1498 2295/897/1500 
f 2282/882/1487 2347/951/1552 2346/950/1551 2279/881/1484 
f 2311/909/1516 2229/823/1434 2298/1348/1503 2348/1351/1553 
f 2211/593/1419 2311/909/1516 2348/1351/1553 2349/1352/1554 
f 2312/910/1517 2233/827/1438 2300/1350/1505 2350/1353/1555 
f 2313/911/1518 2312/910/1517 2350/1353/1555 2055/1341/1312 
f 2325/929/1530 2351/916/1556 2301/839/1506 2256/860/1461 
f 2327/931/1532 2352/918/1557 2351/916/1556 2325/929/1530 
f 2329/933/1534 2353/920/1558 2303/843/1508 2260/864/1465 
f 2104/708/1356 2045/652/1305 2353/920/1558 2329/933/1534 
f 2354/955/1559 2355/956/1560 2076/680/1330 1998/582/1274 
f 2356/957/1561 2357/960/1562 2358/959/1563 2359/958/1564 
f 2360/961/1565 2361/962/1566 2152/758/1384 2212/594/1420 
f 2362/963/1567 2363/966/1568 2364/965/1569 2365/964/1570 
f 2366/967/1571 2367/968/1572 2176/782/1404 2010/606/1283 
f 2368/969/1573 2369/972/1574 2370/971/1575 2371/970/1576 
f 2372/979/1577 2373/982/1578 2374/981/1579 2375/980/1580 
f 2376/983/1581 2377/986/1582 2378/985/1583 2379/984/1584 
f 2380/987/1585 2381/990/1586 2382/989/1587 2383/988/1588 
f 2384/991/1589 2385/994/1590 2386/993/1591 2387/992/1592 
f 2388/995/1593 2389/998/1594 2390/997/1595 2391/996/1596 
f 2392/999/1597 2393/1002/1598 2394/1001/1599 2395/1000/1600 
f 2363/966/1568 2396/1004/1601 2397/1003/1602 2364/965/1569 
f 2396/1004/1601 2372/979/1577 2375/980/1580 2397/1003/1602 
f 2369/972/1574 2398/1006/1603 2399/1005/1604 2370/971/1575 
f 2398/1006/1603 2376/983/1581 2379/984/1584 2399/1005/1604 
f 2357/960/1562 2400/1008/1605 2401/1007/1606 2358/959/1563 
f 2400/1008/1605 2380/987/1585 2383/988/1588 2401/1007/1606 
f 2402/1009/1607 2403/1012/1608 2404/1011/1609 2405/1010/1610 
f 2403/1012/1608 2384/991/1589 2387/992/1592 2404/1011/1609 
f 2406/1013/1611 2407/1016/1612 2408/1015/1613 2409/1014/1614 
f 2407/1016/1612 2388/995/1593 2391/996/1596 2408/1015/1613 
f 2410/1017/1615 2411/1020/1616 2412/1019/1617 2413/1018/1618 
f 2411/1020/1616 2392/999/1597 2395/1000/1600 2412/1019/1617 
f 2414/1021/1619 2354/955/1559 1998/582/1274 1997/579/1273 
f 2415/1022/1620 2414/1021/1619 1997/579/1273 2079/685/1333 
f 2416/1023/1621 2356/957/1561 2359/958/1564 2417/1024/1622 
f 2373/982/1578 2416/1023/1621 2417/1024/1622 2374/981/1579 
f 2418/1025/1623 2366/967/1571 2010/606/1283 2009/603/1282 
f 2419/1026/1624 2418/1025/1623 2009/603/1282 2147/753/1379 
f 2420/1027/1625 2368/969/1573 2371/970/1576 2421/1028/1626 
f 2381/990/1586 2420/1027/1625 2421/1028/1626 2382/989/1587 
f 2360/961/1565 2212/594/1420 2422/1354/1627 2423/1355/1628 
f 2362/963/1567 2365/964/1570 2424/1356/1629 2425/1357/1630 
f 2426/1032/1631 2427/973/1632 2046/651/1306 2103/709/1355 
f 2377/986/1582 2428/975/1633 2429/976/1634 2378/985/1583 
f 2430/1033/1635 2393/1002/1598 2355/956/1560 2354/955/1559 
f 2431/1034/1636 2394/1001/1599 2393/1002/1598 2430/1033/1635 
f 2432/1035/1637 2433/1036/1638 2357/960/1562 2356/957/1561 
f 2434/1037/1639 2435/1038/1640 2433/1036/1638 2432/1035/1637 
f 2436/1039/1641 2385/994/1590 2361/962/1566 2360/961/1565 
f 2437/1040/1642 2386/993/1591 2385/994/1590 2436/1039/1641 
f 2438/1041/1643 2439/1042/1644 2363/966/1568 2362/963/1567 
f 2440/1043/1645 2441/1044/1646 2439/1042/1644 2438/1041/1643 
f 2442/1045/1647 2389/998/1594 2367/968/1572 2366/967/1571 
f 2443/1046/1648 2390/997/1595 2389/998/1594 2442/1045/1647 
f 2444/1047/1649 2445/1048/1650 2369/972/1574 2368/969/1573 
f 2446/1049/1651 2447/1050/1652 2445/1048/1650 2444/1047/1649 
f 2448/1059/1653 2449/1060/1654 2373/982/1578 2372/979/1577 
f 2450/1061/1655 2451/1062/1656 2449/1060/1654 2448/1059/1653 
f 2452/1063/1657 2453/1064/1658 2377/986/1582 2376/983/1581 
f 2454/1065/1659 2455/1066/1660 2453/1064/1658 2452/1063/1657 
f 2456/1067/1661 2457/1068/1662 2381/990/1586 2380/987/1585 
f 2458/1069/1663 2459/1070/1664 2457/1068/1662 2456/1067/1661 
f 2460/1071/1665 2361/962/1566 2385/994/1590 2384/991/1589 
f 2150/756/1382 2152/758/1384 2361/962/1566 2460/1071/1665 
f 2461/1072/1666 2367/968/1572 2389/998/1594 2388/995/1593 
f 2174/780/1402 2176/782/1404 2367/968/1572 2461/1072/1666 
f 2462/1073/1667 2355/956/1560 2393/1002/1598 2392/999/1597 
f 2073/679/1327 2076/680/1330 2355/956/1560 2462/1073/1667 
f 2439/1042/1644 2463/1074/1668 2396/1004/1601 2363/966/1568 
f 2441/1044/1646 2464/1075/1669 2463/1074/1668 2439/1042/1644 
f 2463/1074/1668 2448/1059/1653 2372/979/1577 2396/1004/1601 
f 2464/1075/1669 2450/1061/1655 2448/1059/1653 2463/1074/1668 
f 2445/1048/1650 2465/1076/1670 2398/1006/1603 2369/972/1574 
f 2447/1050/1652 2466/1077/1671 2465/1076/1670 2445/1048/1650 
f 2465/1076/1670 2452/1063/1657 2376/983/1581 2398/1006/1603 
f 2466/1077/1671 2454/1065/1659 2452/1063/1657 2465/1076/1670 
f 2433/1036/1638 2467/1078/1672 2400/1008/1605 2357/960/1562 
f 2435/1038/1640 2468/1079/1673 2467/1078/1672 2433/1036/1638 
f 2467/1078/1672 2456/1067/1661 2380/987/1585 2400/1008/1605 
f 2468/1079/1673 2458/1069/1663 2456/1067/1661 2467/1078/1672 
f 2415/1022/1620 2469/1080/1674 2403/1012/1608 2402/1009/1607 
f 2079/685/1333 2078/686/1332 2469/1080/1674 2415/1022/1620 
f 2469/1080/1674 2460/1071/1665 2384/991/1589 2403/1012/1608 
f 2078/686/1332 2150/756/1382 2460/1071/1665 2469/1080/1674 
f 2426/1032/1631 2470/1081/1675 2407/1016/1612 2406/1013/1611 
f 2103/709/1355 2102/710/1354 2470/1081/1675 2426/1032/1631 
f 2470/1081/1675 2461/1072/1666 2388/995/1593 2407/1016/1612 
f 2102/710/1354 2174/780/1402 2461/1072/1666 2470/1081/1675 
f 2419/1026/1624 2471/1082/1676 2411/1020/1616 2410/1017/1615 
f 2147/753/1379 2145/751/1377 2471/1082/1676 2419/1026/1624 
f 2471/1082/1676 2462/1073/1667 2392/999/1597 2411/1020/1616 
f 2145/751/1377 2073/679/1327 2462/1073/1667 2471/1082/1676 
f 2472/1083/1677 2430/1033/1635 2354/955/1559 2414/1021/1619 
f 2473/1084/1678 2431/1034/1636 2430/1033/1635 2472/1083/1677 
f 2402/1009/1607 2472/1083/1677 2414/1021/1619 2415/1022/1620 
f 2405/1010/1610 2473/1084/1678 2472/1083/1677 2402/1009/1607 
f 2474/1085/1679 2432/1035/1637 2356/957/1561 2416/1023/1621 
f 2475/1086/1680 2434/1037/1639 2432/1035/1637 2474/1085/1679 
f 2449/1060/1654 2474/1085/1679 2416/1023/1621 2373/982/1578 
f 2451/1062/1656 2475/1086/1680 2474/1085/1679 2449/1060/1654 
f 2476/1087/1681 2442/1045/1647 2366/967/1571 2418/1025/1623 
f 2477/1088/1682 2443/1046/1648 2442/1045/1647 2476/1087/1681 
f 2410/1017/1615 2476/1087/1681 2418/1025/1623 2419/1026/1624 
f 2413/1018/1618 2477/1088/1682 2476/1087/1681 2410/1017/1615 
f 2478/1089/1683 2444/1047/1649 2368/969/1573 2420/1027/1625 
f 2479/1090/1684 2446/1049/1651 2444/1047/1649 2478/1089/1683 
f 2457/1068/1662 2478/1089/1683 2420/1027/1625 2381/990/1586 
f 2459/1070/1664 2479/1090/1684 2478/1089/1683 2457/1068/1662 
f 2360/961/1565 2423/1355/1628 2436/1039/1641 
f 2437/1040/1642 2436/1039/1641 2423/1355/1628 2480/1358/1685 
f 2362/963/1567 2425/1357/1630 2438/1041/1643 
f 2440/1043/1645 2438/1041/1643 2425/1357/1630 2481/1359/1686 
f 2406/1013/1611 2482/1051/1687 2427/973/1632 2426/1032/1631 
f 2409/1014/1614 2483/1053/1688 2482/1051/1687 2406/1013/1611 
f 2453/1064/1658 2484/1055/1689 2428/975/1633 2377/986/1582 
f 2455/1066/1660 2485/1057/1690 2484/1055/1689 2453/1064/1658 
f 2475/1086/1680 2017/611/1288 2020/612/1288 2434/1037/1639 
f 2344/948/1549 2019/613/1288 2018/614/1289 2309/907/1514 
f 2216/617/1288 2486/1360/1691 2352/918/1557 
f 2479/1090/1684 2021/619/1288 2024/620/1289 2446/1049/1651 
f 2347/951/1552 2023/621/1289 2022/622/1288 2317/915/1522 
f 2053/659/1289 2056/1342/1313 2485/1057/1690 
f 2116/720/1288 2115/721/1288 2272/872/1477 2271/873/1476 
f 2114/722/1288 2113/719/1288 2468/1079/1673 2435/1038/1640 
f 2450/1061/1655 2117/723/1288 2120/724/1288 2451/1062/1656 
f 2310/908/1515 2119/725/1289 2118/726/1289 2338/942/1543 
f 2454/1065/1659 2121/727/1289 2124/728/1289 2455/1066/1660 
f 2265/867/1470 2123/729/1289 2122/730/1288 2266/866/1471 
f 2252/852/1457 2185/791/1288 2116/720/1288 2271/873/1476 
f 2468/1079/1673 2113/719/1288 2186/792/1288 2458/1069/1663 
f 2251/853/1456 2187/793/1288 2185/791/1288 2252/852/1457 
f 2458/1069/1663 2186/792/1288 2188/794/1288 2459/1070/1664 
f 2464/1075/1669 2189/795/1288 2117/723/1288 2450/1061/1655 
f 2338/942/1543 2118/726/1289 2190/796/1289 2326/930/1531 
f 2192/798/1288 2189/795/1288 2464/1075/1669 2441/1044/1646 
f 2190/796/1289 2191/797/1288 2327/931/1532 2326/930/1531 
f 2466/1077/1671 2193/799/1288 2121/727/1289 2454/1065/1659 
f 2266/866/1471 2122/730/1288 2194/800/1289 2281/883/1486 
f 2196/802/1289 2193/799/1288 2466/1077/1671 2447/1050/1652 
f 2194/800/1289 2195/801/1289 2282/882/1487 2281/883/1486 
f 2451/1062/1656 2120/724/1288 2017/611/1288 2475/1086/1680 
f 2309/907/1514 2018/614/1289 2119/725/1289 2310/908/1515 
f 2115/721/1288 2019/613/1288 2344/948/1549 2272/872/1477 
f 2020/612/1288 2114/722/1288 2435/1038/1640 2434/1037/1639 
f 2459/1070/1664 2188/794/1288 2021/619/1288 2479/1090/1684 
f 2317/915/1522 2022/622/1288 2187/793/1288 2251/853/1456 
f 2195/801/1289 2023/621/1289 2347/951/1552 2282/882/1487 
f 2024/620/1289 2196/802/1289 2447/1050/1652 2446/1049/1651 
f 2191/797/1288 2216/617/1288 2352/918/1557 2327/931/1532 
f 2215/616/1288 2192/798/1288 2441/1044/1646 2440/1043/1645 
f 2455/1066/1660 2124/728/1289 2053/659/1289 2485/1057/1690 
f 2313/911/1518 2054/662/1289 2123/729/1289 2265/867/1470 
f 2487/1095/1692 2488/1098/1693 2489/1097/1694 2490/1096/1695 
f 2491/1099/1696 2492/1102/1697 2493/1101/1698 2494/1100/1699 
f 2495/1103/1700 2496/1106/1701 2497/1105/1702 2498/1104/1703 
f 2499/1107/1704 2500/1110/1705 2501/1109/1706 2502/1108/1707 
f 2503/1111/1708 2504/1114/1709 2505/1113/1710 2506/1112/1711 
f 2507/1115/1712 2508/1118/1713 2509/1117/1714 2510/1116/1715 
f 2511/1127/1716 2512/1130/1717 2513/1129/1718 2514/1128/1719 
f 2515/1131/1720 2516/1134/1721 2517/1133/1722 2518/1132/1723 
f 2519/1135/1724 2520/1138/1725 2521/1137/1726 2522/1136/1727 
f 2523/1139/1728 2524/1142/1729 2525/1141/1730 2526/1140/1731 
f 2527/1143/1732 2528/1146/1733 2529/1145/1734 2530/1144/1735 
f 2531/1147/1736 2532/1150/1737 2533/1149/1738 2534/1148/1739 
f 2488/1098/1693 2535/1152/1740 2536/1151/1741 2489/1097/1694 
f 2535/1152/1740 2511/1127/1716 2514/1128/1719 2536/1151/1741 
f 2492/1102/1697 2537/1154/1742 2538/1153/1743 2493/1101/1698 
f 2537/1154/1742 2515/1131/1720 2518/1132/1723 2538/1153/1743 
f 2496/1106/1701 2539/1156/1744 2540/1155/1745 2497/1105/1702 
f 2539/1156/1744 2519/1135/1724 2522/1136/1727 2540/1155/1745 
f 2500/1110/1705 2541/1158/1746 2542/1157/1747 2501/1109/1706 
f 2541/1158/1746 2523/1139/1728 2526/1140/1731 2542/1157/1747 
f 2504/1114/1709 2543/1160/1748 2544/1159/1749 2505/1113/1710 
f 2543/1160/1748 2527/1143/1732 2530/1144/1735 2544/1159/1749 
f 2508/1118/1713 2545/1162/1750 2546/1161/1751 2509/1117/1714 
f 2545/1162/1750 2531/1147/1736 2534/1148/1739 2546/1161/1751 
f 2547/1163/1752 2487/1095/1692 2490/1096/1695 2548/1164/1753 
f 2516/1134/1721 2547/1163/1752 2548/1164/1753 2517/1133/1722 
f 2549/1165/1754 2491/1099/1696 2494/1100/1699 2550/1166/1755 
f 2520/1138/1725 2549/1165/1754 2550/1166/1755 2521/1137/1726 
f 2551/1167/1756 2499/1107/1704 2502/1108/1707 2552/1168/1757 
f 2528/1146/1733 2551/1167/1756 2552/1168/1757 2529/1145/1734 
f 2553/1169/1758 2507/1115/1712 2510/1116/1715 2554/1170/1759 
f 2524/1142/1729 2553/1169/1758 2554/1170/1759 2525/1141/1730 
f 2495/1103/1700 2498/1104/1703 2555/1361/1760 2556/1362/1761 
f 2503/1111/1708 2506/1112/1711 2557/1363/1762 2558/1364/1763 
f 2512/1130/1717 2559/1119/1764 2560/1120/1765 2513/1129/1718 
f 2532/1150/1737 2561/1123/1766 2562/1124/1767 2533/1149/1738 
f 2563/1175/1768 2564/1176/1769 2488/1098/1693 2487/1095/1692 
f 2565/1177/1770 2566/1178/1771 2564/1176/1769 2563/1175/1768 
f 2567/1179/1772 2568/1180/1773 2492/1102/1697 2491/1099/1696 
f 2569/1181/1774 2570/1182/1775 2568/1180/1773 2567/1179/1772 
f 2571/1183/1776 2572/1184/1777 2496/1106/1701 2495/1103/1700 
f 2573/1185/1778 2574/1186/1779 2572/1184/1777 2571/1183/1776 
f 2575/1187/1780 2576/1188/1781 2500/1110/1705 2499/1107/1704 
f 2577/1189/1782 2578/1190/1783 2576/1188/1781 2575/1187/1780 
f 2579/1191/1784 2580/1192/1785 2504/1114/1709 2503/1111/1708 
f 2581/1193/1786 2582/1194/1787 2580/1192/1785 2579/1191/1784 
f 2583/1195/1788 2584/1196/1789 2508/1118/1713 2507/1115/1712 
f 2585/1197/1790 2586/1198/1791 2584/1196/1789 2583/1195/1788 
f 2587/1207/1792 2588/1208/1793 2512/1130/1717 2511/1127/1716 
f 2589/1209/1794 2590/1210/1795 2588/1208/1793 2587/1207/1792 
f 2591/1211/1796 2592/1212/1797 2516/1134/1721 2515/1131/1720 
f 2593/1213/1798 2594/1214/1799 2592/1212/1797 2591/1211/1796 
f 2595/1215/1800 2596/1216/1801 2520/1138/1725 2519/1135/1724 
f 2597/1217/1802 2598/1218/1803 2596/1216/1801 2595/1215/1800 
f 2599/1219/1804 2600/1220/1805 2524/1142/1729 2523/1139/1728 
f 2601/1221/1806 2602/1222/1807 2600/1220/1805 2599/1219/1804 
f 2603/1223/1808 2604/1224/1809 2528/1146/1733 2527/1143/1732 
f 2605/1225/1810 2606/1226/1811 2604/1224/1809 2603/1223/1808 
f 2607/1227/1812 2608/1228/1813 2532/1150/1737 2531/1147/1736 
f 2609/1229/1814 2610/1230/1815 2608/1228/1813 2607/1227/1812 
f 2564/1176/1769 2611/1231/1816 2535/1152/1740 2488/1098/1693 
f 2566/1178/1771 2612/1232/1817 2611/1231/1816 2564/1176/1769 
f 2611/1231/1816 2587/1207/1792 2511/1127/1716 2535/1152/1740 
f 2612/1232/1817 2589/1209/1794 2587/1207/1792 2611/1231/1816 
f 2568/1180/1773 2613/1233/1818 2537/1154/1742 2492/1102/1697 
f 2570/1182/1775 2614/1234/1819 2613/1233/1818 2568/1180/1773 
f 2613/1233/1818 2591/1211/1796 2515/1131/1720 2537/1154/1742 
f 2614/1234/1819 2593/1213/1798 2591/1211/1796 2613/1233/1818 
f 2572/1184/1777 2615/1235/1820 2539/1156/1744 2496/1106/1701 
f 2574/1186/1779 2616/1236/1821 2615/1235/1820 2572/1184/1777 
f 2615/1235/1820 2595/1215/1800 2519/1135/1724 2539/1156/1744 
f 2616/1236/1821 2597/1217/1802 2595/1215/1800 2615/1235/1820 
f 2576/1188/1781 2617/1237/1822 2541/1158/1746 2500/1110/1705 
f 2578/1190/1783 2618/1238/1823 2617/1237/1822 2576/1188/1781 
f 2617/1237/1822 2599/1219/1804 2523/1139/1728 2541/1158/1746 
f 2618/1238/1823 2601/1221/1806 2599/1219/1804 2617/1237/1822 
f 2580/1192/1785 2619/1239/1824 2543/1160/1748 2504/1114/1709 
f 2582/1194/1787 2620/1240/1825 2619/1239/1824 2580/1192/1785 
f 2619/1239/1824 2603/1223/1808 2527/1143/1732 2543/1160/1748 
f 2620/1240/1825 2605/1225/1810 2603/1223/1808 2619/1239/1824 
f 2584/1196/1789 2621/1241/1826 2545/1162/1750 2508/1118/1713 
f 2586/1198/1791 2622/1242/1827 2621/1241/1826 2584/1196/1789 
f 2621/1241/1826 2607/1227/1812 2531/1147/1736 2545/1162/1750 
f 2622/1242/1827 2609/1229/1814 2607/1227/1812 2621/1241/1826 
f 2623/1243/1828 2563/1175/1768 2487/1095/1692 2547/1163/1752 
f 2624/1244/1829 2565/1177/1770 2563/1175/1768 2623/1243/1828 
f 2592/1212/1797 2623/1243/1828 2547/1163/1752 2516/1134/1721 
f 2594/1214/1799 2624/1244/1829 2623/1243/1828 2592/1212/1797 
f 2625/1245/1830 2567/1179/1772 2491/1099/1696 2549/1165/1754 
f 2626/1246/1831 2569/1181/1774 2567/1179/1772 2625/1245/1830 
f 2596/1216/1801 2625/1245/1830 2549/1165/1754 2520/1138/1725 
f 2598/1218/1803 2626/1246/1831 2625/1245/1830 2596/1216/1801 
f 2627/1247/1832 2575/1187/1780 2499/1107/1704 2551/1167/1756 
f 2628/1248/1833 2577/1189/1782 2575/1187/1780 2627/1247/1832 
f 2604/1224/1809 2627/1247/1832 2551/1167/1756 2528/1146/1733 
f 2606/1226/1811 2628/1248/1833 2627/1247/1832 2604/1224/1809 
f 2629/1249/1834 2583/1195/1788 2507/1115/1712 2553/1169/1758 
f 2630/1250/1835 2585/1197/1790 2583/1195/1788 2629/1249/1834 
f 2600/1220/1805 2629/1249/1834 2553/1169/1758 2524/1142/1729 
f 2602/1222/1807 2630/1250/1835 2629/1249/1834 2600/1220/1805 
f 2571/1183/1776 2495/1103/1700 2556/1362/1761 2631/1365/1836 
f 2573/1185/1778 2571/1183/1776 2631/1365/1836 2632/1366/1837 
f 2579/1191/1784 2503/1111/1708 2558/1364/1763 2633/1367/1838 
f 2581/1193/1786 2579/1191/1784 2633/1367/1838 2634/1368/1839 
f 2588/1208/1793 2635/1199/1840 2559/1119/1764 2512/1130/1717 
f 2590/1210/1795 2636/1201/1841 2635/1199/1840 2588/1208/1793 
f 2608/1228/1813 2637/1203/1842 2561/1123/1766 2532/1150/1737 
f 2610/1230/1815 2638/1205/1843 2637/1203/1842 2608/1228/1813 
f 2502/1108/1707 2025/623/1290 2028/624/1290 2552/1168/1757 
f 2490/1096/1695 2027/625/1290 2026/626/1290 2548/1164/1753 
f 2498/1104/1703 2218/629/1423 2639/1369/1844 2555/1361/1760 
f 2510/1116/1715 2029/631/1291 2032/632/1292 2554/1170/1759 
f 2494/1100/1699 2031/633/1292 2030/634/1291 2550/1166/1755 
f 2506/1112/1711 2057/663/1314 2060/1344/1315 2557/1363/1762 
f 2536/1151/1741 2125/731/1362 2128/732/1364 2489/1097/1694 
f 2529/1145/1734 2127/733/1363 2126/734/1362 2530/1144/1735 
f 2542/1157/1747 2129/735/1365 2132/736/1366 2501/1109/1706 
f 2517/1133/1722 2131/737/1366 2130/738/1365 2518/1132/1723 
f 2540/1155/1745 2133/739/1367 2136/740/1369 2497/1105/1702 
f 2533/1149/1738 2135/741/1369 2134/742/1368 2534/1148/1739 
f 2514/1128/1719 2197/803/1411 2125/731/1362 2536/1151/1741 
f 2530/1144/1735 2126/734/1362 2198/804/1411 2544/1159/1749 
f 2513/1129/1718 2199/805/1412 2197/803/1411 2514/1128/1719 
f 2544/1159/1749 2198/804/1411 2200/806/1412 2505/1113/1710 
f 2526/1140/1731 2201/807/1413 2129/735/1365 2542/1157/1747 
f 2518/1132/1723 2130/738/1365 2202/808/1413 2538/1153/1743 
f 2525/1141/1730 2203/809/1414 2201/807/1413 2526/1140/1731 
f 2538/1153/1743 2202/808/1413 2204/810/1414 2493/1101/1698 
f 2522/1136/1727 2205/811/1415 2133/739/1367 2540/1155/1745 
f 2534/1148/1739 2134/742/1368 2206/812/1415 2546/1161/1751 
f 2521/1137/1726 2207/813/1416 2205/811/1415 2522/1136/1727 
f 2546/1161/1751 2206/812/1415 2208/814/1416 2509/1117/1714 
f 2501/1109/1706 2132/736/1366 2025/623/1290 2502/1108/1707 
f 2548/1164/1753 2026/626/1290 2131/737/1366 2517/1133/1722 
f 2489/1097/1694 2128/732/1364 2027/625/1290 2490/1096/1695 
f 2552/1168/1757 2028/624/1290 2127/733/1363 2529/1145/1734 
f 2509/1117/1714 2208/814/1416 2029/631/1291 2510/1116/1715 
f 2550/1166/1755 2030/634/1291 2207/813/1416 2521/1137/1726 
f 2493/1101/1698 2204/810/1414 2031/633/1292 2494/1100/1699 
f 2554/1170/1759 2032/632/1292 2203/809/1414 2525/1141/1730 
f 2497/1105/1702 2136/740/1369 2218/629/1423 2498/1104/1703 
f 2562/1124/1767 2217/628/1423 2135/741/1369 2533/1149/1738 
f 2505/1113/1710 2200/806/1412 2057/663/1314 2506/1112/1711 
f 2560/1120/1765 2058/666/1314 2199/805/1412 2513/1129/1718 
f 2628/1248/1833 1993/575/1269 1996/576/1272 2577/1189/1782 
f 2224/816/1429 1995/577/1271 1994/578/1270 2284/886/1489 
f 2232/824/1437 2210/589/1418 2640/1370/1417 2297/1347/1502 
f 2630/1250/1835 2005/599/1278 2008/600/1281 2585/1197/1790 
f 2240/832/1445 2007/601/1280 2006/602/1279 2292/894/1497 
f 2624/1244/1829 2033/635/1293 2036/636/1296 2565/1177/1770 
f 2228/820/1433 2035/637/1295 2034/638/1294 2288/890/1493 
f 2626/1246/1831 2037/639/1297 2040/640/1300 2569/1181/1774 
f 2244/836/1449 2039/641/1299 2038/642/1298 2294/896/1499 
f 2236/828/1441 2220/645/1425 2641/1371/1425 2299/1349/1504 
f 2638/1205/1843 2044/648/1304 2043/1336/1303 2642/1372/1845 
f 2636/1201/1841 2064/668/1318 2063/1346/1316 2643/1373/1846 
f 2268/869/1473 2065/671/1319 2068/672/1322 2223/817/1428 
f 2578/1190/1783 2067/673/1321 2066/674/1320 2618/1238/1823 
f 2072/676/1326 2071/677/1325 2606/1226/1811 2605/1225/1810 
f 2070/678/1324 2069/675/1323 2336/940/1541 2286/888/1491 
f 2092/696/1344 2091/697/1343 2594/1214/1799 2593/1213/1798 
f 2090/698/1342 2089/695/1341 2334/938/1539 2290/892/1495 
f 2276/877/1481 2093/699/1345 2096/700/1348 2227/821/1432 
f 2566/1178/1771 2095/701/1347 2094/702/1346 2612/1232/1817 
f 2100/704/1352 2099/705/1351 2610/1230/1815 2609/1229/1814 
f 2098/706/1350 2097/703/1349 2262/862/1467 2261/863/1466 
f 2331/935/1536 2109/715/1359 2112/716/1361 2235/829/1440 
f 2574/1186/1779 2111/717/1361 2110/718/1360 2616/1236/1821 
f 2137/743/1370 2065/671/1319 2268/869/1473 2248/848/1453 
f 2066/674/1320 2138/744/1371 2601/1221/1806 2618/1238/1823 
f 2140/746/1373 2137/743/1370 2248/848/1453 2247/849/1452 
f 2138/744/1371 2139/745/1372 2602/1222/1807 2601/1221/1806 
f 2620/1240/1825 2141/747/1374 2072/676/1326 2605/1225/1810 
f 2336/940/1541 2069/675/1323 2142/748/1375 2323/927/1528 
f 2582/1194/1787 2143/749/1376 2141/747/1374 2620/1240/1825 
f 2323/927/1528 2142/748/1375 2144/750/1376 2231/825/1436 
f 2614/1234/1819 2161/767/1389 2092/696/1344 2593/1213/1798 
f 2334/938/1539 2089/695/1341 2162/768/1390 2321/925/1526 
f 2570/1182/1775 2163/769/1391 2161/767/1389 2614/1234/1819 
f 2321/925/1526 2162/768/1390 2164/770/1392 2243/837/1448 
f 2258/858/1463 2165/771/1393 2093/699/1345 2276/877/1481 
f 2612/1232/1817 2094/702/1346 2166/772/1394 2589/1209/1794 
f 2168/774/1396 2165/771/1393 2258/858/1463 2257/859/1462 
f 2166/772/1394 2167/773/1395 2590/1210/1795 2589/1209/1794 
f 2622/1242/1827 2169/775/1397 2100/704/1352 2609/1229/1814 
f 2097/703/1349 2170/776/1398 2278/879/1483 2262/862/1467 
f 2586/1198/1791 2171/777/1399 2169/775/1397 2622/1242/1827 
f 2278/879/1483 2170/776/1398 2172/778/1400 2239/833/1444 
f 2341/945/1546 2181/787/1407 2109/715/1359 2331/935/1536 
f 2616/1236/1821 2110/718/1360 2182/788/1408 2597/1217/1802 
f 2184/790/1410 2181/787/1407 2341/945/1546 2296/898/1501 
f 2182/788/1408 2183/789/1409 2598/1218/1803 2597/1217/1802 
f 2071/677/1325 1993/575/1269 2628/1248/1833 2606/1226/1811 
f 1994/578/1270 2070/678/1324 2286/888/1491 2284/886/1489 
f 2223/817/1428 2068/672/1322 1995/577/1271 2224/816/1429 
f 2577/1189/1782 1996/576/1272 2067/673/1321 2578/1190/1783 
f 2139/745/1372 2005/599/1278 2630/1250/1835 2602/1222/1807 
f 2006/602/1279 2140/746/1373 2247/849/1452 2292/894/1497 
f 2239/833/1444 2172/778/1400 2007/601/1280 2240/832/1445 
f 2585/1197/1790 2008/600/1281 2171/777/1399 2586/1198/1791 
f 2091/697/1343 2033/635/1293 2624/1244/1829 2594/1214/1799 
f 2034/638/1294 2090/698/1342 2290/892/1495 2288/890/1493 
f 2227/821/1432 2096/700/1348 2035/637/1295 2228/820/1433 
f 2565/1177/1770 2036/636/1296 2095/701/1347 2566/1178/1771 
f 2183/789/1409 2037/639/1297 2626/1246/1831 2598/1218/1803 
f 2038/642/1298 2184/790/1410 2296/898/1501 2294/896/1499 
f 2243/837/1448 2164/770/1392 2039/641/1299 2244/836/1449 
f 2569/1181/1774 2040/640/1300 2163/769/1391 2570/1182/1775 
f 2231/825/1436 2144/750/1376 2210/589/1418 2232/824/1437 
f 2581/1193/1786 2209/588/1417 2143/749/1376 2582/1194/1787 
f 2235/829/1440 2112/716/1361 2220/645/1425 2236/828/1441 
f 2573/1185/1778 2219/644/1424 2111/717/1361 2574/1186/1779 
f 2099/705/1351 2044/648/1304 2638/1205/1843 2610/1230/1815 
f 2041/647/1301 2098/706/1350 2261/863/1466 2304/844/1509 
f 2167/773/1395 2064/668/1318 2636/1201/1841 2590/1210/1795 
f 2061/667/1316 2168/774/1396 2257/859/1462 2302/840/1507 
f 2473/1084/1678 2644/1256/1277 2645/1255/1847 2431/1034/1636 
f 2359/958/1564 2646/1258/1847 2647/1257/1277 2417/1024/1622 
f 2365/964/1570 2648/1262/1423 2649/1374/1844 2424/1356/1629 
f 2477/1088/1682 2650/1264/1286 2651/1263/1286 2443/1046/1648 
f 2371/970/1576 2652/1266/1286 2653/1265/1286 2421/1028/1626 
f 2483/1053/1688 2654/1268/1848 2052/1375/1311 2655/1376/1849 
f 2401/1007/1606 2656/1272/1850 2657/1271/1336 2358/959/1563 
f 2394/1001/1599 2658/1274/1336 2659/1273/1850 2395/1000/1600 
f 2404/1011/1609 2660/1276/1337 2661/1275/1339 2405/1010/1610 
f 2374/981/1579 2662/1278/1339 2663/1277/1337 2375/980/1580 
f 2408/1015/1613 2664/1280/1357 2665/1279/1358 2409/1014/1614 
f 2378/985/1583 2666/1282/1358 2667/1281/1357 2379/984/1584 
f 2383/988/1588 2668/1283/1385 2656/1272/1850 2401/1007/1606 
f 2395/1000/1600 2659/1273/1850 2669/1284/1385 2412/1019/1617 
f 2382/989/1587 2670/1285/1386 2668/1283/1385 2383/988/1588 
f 2412/1019/1617 2669/1284/1385 2671/1286/1386 2413/1018/1618 
f 2387/992/1592 2672/1287/1387 2660/1276/1337 2404/1011/1609 
f 2375/980/1580 2663/1277/1337 2673/1288/1387 2397/1003/1602 
f 2386/993/1591 2674/1289/1851 2672/1287/1387 2387/992/1592 
f 2397/1003/1602 2673/1288/1387 2675/1290/1388 2364/965/1569 
f 2391/996/1596 2676/1291/1405 2664/1280/1357 2408/1015/1613 
f 2379/984/1584 2667/1281/1357 2677/1292/1405 2399/1005/1604 
f 2390/997/1595 2678/1293/1852 2676/1291/1405 2391/996/1596 
f 2399/1005/1604 2677/1292/1405 2679/1294/1852 2370/971/1575 
f 2405/1010/1610 2661/1275/1339 2644/1256/1277 2473/1084/1678 
f 2417/1024/1622 2647/1257/1277 2662/1278/1339 2374/981/1579 
f 2358/959/1563 2657/1271/1336 2646/1258/1847 2359/958/1564 
f 2431/1034/1636 2645/1255/1847 2658/1274/1336 2394/1001/1599 
f 2413/1018/1618 2671/1286/1386 2650/1264/1286 2477/1088/1682 
f 2421/1028/1626 2653/1265/1286 2670/1285/1386 2382/989/1587 
f 2370/971/1575 2679/1294/1852 2652/1266/1286 2371/970/1576 
f 2443/1046/1648 2651/1263/1286 2678/1293/1852 2390/997/1595 
f 2364/965/1569 2675/1290/1388 2648/1262/1423 2365/964/1570 
f 2437/1040/1642 2680/1259/1853 2674/1289/1851 2386/993/1591 
f 2409/1014/1614 2665/1279/1358 2654/1268/1848 2483/1053/1688 
f 2429/976/1634 2681/1269/1848 2666/1282/1358 2378/985/1583 
s off
f 2680/1259/1288 2213/1295/1288 2159/1297/1288 2674/1289/1288 
f 2674/1289/1289 2159/1297/1289 2157/1298/1289 2672/1287/1289 
f 2672/1287/1289 2157/1298/1289 2085/1299/1289 2660/1276/1289 
f 2660/1276/1288 2085/1299/1288 2088/1300/1288 2661/1275/1288 
f 2661/1275/1288 2088/1300/1288 2001/1301/1288 2644/1256/1288 
f 2644/1256/1288 2001/1301/1288 2004/1302/1288 2645/1255/1288 
f 2645/1255/1288 2004/1302/1288 2083/1303/1288 2658/1274/1288 
f 2658/1274/1288 2083/1303/1288 2082/1304/1288 2659/1273/1288 
f 2659/1273/1289 2082/1304/1289 2154/1305/1289 2669/1284/1289 
f 2669/1284/1288 2154/1305/1288 2156/1306/1288 2671/1286/1288 
f 2671/1286/1289 2156/1306/1289 2013/1307/1289 2650/1264/1289 
f 2650/1264/1288 2013/1307/1288 2016/1308/1288 2651/1263/1288 
f 2651/1263/1288 2016/1308/1288 2179/1309/1288 2678/1293/1288 
f 2678/1293/1288 2179/1309/1288 2177/1310/1288 2676/1291/1288 
f 2676/1291/1288 2177/1310/1288 2105/1311/1288 2664/1280/1288 
f 2664/1280/1288 2105/1311/1288 2108/1312/1288 2665/1279/1288 
f 2665/1279/1288 2108/1312/1288 2049/1313/1288 2654/1268/1288 
f 2654/1268/1288 2049/1313/1288 2052/1375/1288 
f 2681/1269/1854 2050/1315/1854 2107/1317/1854 2666/1282/1854 
f 2666/1282/1855 2107/1317/1855 2106/1318/1855 2667/1281/1855 
f 2667/1281/1855 2106/1318/1855 2178/1319/1855 2677/1292/1855 
f 2677/1292/1855 2178/1319/1855 2180/1320/1855 2679/1294/1855 
f 2679/1294/1855 2180/1320/1855 2015/1321/1855 2652/1266/1855 
f 2652/1266/1855 2015/1321/1855 2014/1322/1855 2653/1265/1855 
f 2653/1265/1855 2014/1322/1855 2155/1323/1855 2670/1285/1855 
f 2670/1285/1855 2155/1323/1855 2153/1324/1855 2668/1283/1855 
f 2668/1283/1855 2153/1324/1855 2081/1325/1855 2656/1272/1855 
f 2656/1272/1855 2081/1325/1855 2084/1326/1855 2657/1271/1855 
f 2657/1271/1854 2084/1326/1854 2003/1327/1854 2646/1258/1854 
f 2646/1258/1854 2003/1327/1854 2002/1328/1854 2647/1257/1854 
f 2647/1257/1854 2002/1328/1854 2087/1329/1854 2662/1278/1854 
f 2662/1278/1854 2087/1329/1854 2086/1330/1854 2663/1277/1854 
f 2663/1277/1854 2086/1330/1854 2158/1331/1854 2673/1288/1854 
f 2673/1288/1854 2158/1331/1854 2160/1332/1854 2675/1290/1854 
f 2675/1290/1854 2160/1332/1854 2214/1333/1854 2648/1262/1854 
f 2649/1374/1856 2648/1262/1856 2214/1333/1856 2682/1377/1856 
s 1
f 2683/1378/1418 2640/1370/1417 2210/589/1418 2209/588/1417 
f 2211/593/1419 2349/1352/1554 2422/1354/1627 2212/594/1420 
usemtl Studio_Endo_Orbis_m1_3
f 2213/596/1421 2684/1379/1857 2682/1380/1858 2214/597/1422 
usemtl Studio_Endo_Orbis_m2_1
f 2215/616/1288 2481/1359/1686 2486/1360/1691 2216/617/1288 
f 2217/628/1423 2685/1381/1423 2639/1369/1844 2218/629/1423 
f 2686/1382/1425 2641/1371/1425 2220/645/1425 2219/644/1424 
f 2301/839/1506 2687/1383/1859 2688/1384/1860 2302/840/1507 
f 2303/843/1508 2689/1385/1861 2690/1386/1862 2304/844/1509 
f 2351/916/1556 2691/1387/1863 2687/1383/1859 2301/839/1506 
f 2352/918/1557 2486/1360/1691 2691/1387/1863 2351/916/1556 
f 2353/920/1558 2692/1388/1864 2689/1385/1861 2303/843/1508 
f 2045/652/1305 2048/1338/1308 2692/1388/1864 2353/920/1558 
f 2427/973/1632 2693/1389/1865 2047/1337/1307 2046/651/1306 
f 2428/975/1633 2694/1390/1866 2695/1391/1867 2429/976/1634 
f 2693/1389/1865 2427/973/1632 2482/1051/1687 
f 2483/1053/1688 2655/1376/1849 2693/1389/1865 2482/1051/1687 
f 2694/1390/1866 2428/975/1633 2484/1055/1689 
f 2485/1057/1690 2056/1342/1313 2694/1390/1866 2484/1055/1689 
f 2481/1359/1686 2215/616/1288 2440/1043/1645 
f 2055/1341/1312 2054/662/1289 2313/911/1518 
f 2559/1119/1764 2696/1392/1868 2697/1393/1869 2560/1120/1765 
f 2561/1123/1766 2698/1394/1870 2699/1395/1871 2562/1124/1767 
f 2635/1199/1840 2700/1396/1872 2696/1392/1868 2559/1119/1764 
f 2636/1201/1841 2643/1373/1846 2700/1396/1872 2635/1199/1840 
f 2637/1203/1842 2701/1397/1873 2698/1394/1870 2561/1123/1766 
f 2638/1205/1843 2642/1372/1845 2701/1397/1873 2637/1203/1842 
f 2562/1124/1767 2699/1395/1871 2685/1381/1423 2217/628/1423 
f 2560/1120/1765 2697/1393/1869 2059/1343/1315 2058/666/1314 
f 2581/1193/1786 2634/1368/1839 2683/1378/1418 2209/588/1417 
f 2573/1185/1778 2632/1366/1837 2686/1382/1425 2219/644/1424 
f 2304/844/1509 2690/1386/1862 2042/1335/1302 2041/647/1301 
f 2302/840/1507 2688/1384/1860 2062/1345/1317 2061/667/1316 
f 2437/1040/1642 2480/1358/1685 2684/1398/1857 2680/1259/1853 
f 2429/976/1634 2695/1391/1867 2051/1399/1310 2681/1269/1848 
s off
f 2684/1398/1288 2213/1295/1288 2680/1259/1288 
f 2051/1399/1855 2050/1315/1855 2681/1269/1855 
s 1
f 2702/575/1874 2703/576/1875 2704/577/1876 2705/578/1877 
f 2706/579/1878 2707/580/1879 2708/581/1880 2709/582/1881 
usemtl Studio_Endo_Orbis_m1_3
f 2710/583/1882 2711/584/1882 2712/585/1882 2713/586/1882 
usemtl Studio_Endo_Orbis_m2_1
f 2714/599/1883 2715/600/1884 2716/601/1885 2717/602/1886 
f 2718/603/1887 2719/604/1888 2720/605/1889 2721/606/1890 
usemtl Studio_Endo_Orbis_m1_3
f 2722/607/1891 2723/608/1891 2724/609/1891 2725/610/1891 
usemtl Studio_Endo_Orbis_m2_1
f 2726/611/1289 2727/612/1289 2728/613/1289 2729/614/1288 
f 2730/619/1289 2731/620/1289 2732/621/1288 2733/622/1289 
f 2734/623/1892 2735/624/1892 2736/625/1892 2737/626/1892 
f 2738/631/1893 2739/632/1893 2740/633/1893 2741/634/1893 
f 2742/635/1894 2743/636/1895 2744/637/1896 2745/638/1897 
f 2746/639/1898 2747/640/1899 2748/641/1900 2749/642/1901 
f 2750/647/1304 2751/648/1902 2043/1400/1303 2042/1401/1302 
f 2752/652/1903 2048/1402/1308 2047/1403/1307 2753/651/1904 
usemtl Studio_Endo_Orbis_m1_3
f 2754/655/1848 2052/1404/1311 2051/1405/1310 2755/658/1848 
usemtl Studio_Endo_Orbis_m2_1
f 2756/659/1288 2056/1406/1313 2055/1407/1312 2757/662/1289 
f 2758/663/1315 2060/1408/1315 2059/1409/1315 2759/666/1315 
f 2760/667/1318 2761/668/1316 2063/1410/1316 2062/1411/1317 
f 2762/671/1905 2763/672/1906 2764/673/1907 2765/674/1908 
f 2766/675/1909 2767/676/1910 2768/677/1911 2769/678/1912 
f 2770/679/1913 2771/680/1914 2772/681/1915 2773/682/1916 
f 2774/683/1917 2775/684/1918 2776/685/1919 2777/686/1920 
usemtl Studio_Endo_Orbis_m1_3
f 2778/687/1921 2779/688/1922 2780/689/1922 2781/690/1921 
f 2782/691/1923 2783/692/1924 2784/693/1924 2785/694/1923 
usemtl Studio_Endo_Orbis_m2_1
f 2786/695/1925 2787/696/1926 2788/697/1927 2789/698/1928 
f 2790/699/1929 2791/700/1930 2792/701/1931 2793/702/1929 
f 2794/703/1932 2795/704/1933 2796/705/1934 2797/706/1935 
f 2798/707/1936 2799/708/1937 2800/709/1938 2801/710/1939 
usemtl Studio_Endo_Orbis_m1_3
f 2802/711/1940 2803/712/1941 2804/713/1941 2805/714/1940 
usemtl Studio_Endo_Orbis_m2_1
f 2806/715/1942 2807/716/1943 2808/717/1944 2809/718/1945 
f 2810/719/1289 2811/720/1289 2812/721/1289 2813/722/1289 
f 2814/723/1289 2815/724/1289 2816/725/1289 2817/726/1289 
f 2818/727/1289 2819/728/1288 2820/729/1288 2821/730/1288 
f 2822/731/1946 2823/732/1947 2824/733/1947 2825/734/1946 
f 2826/735/1948 2827/736/1949 2828/737/1949 2829/738/1948 
f 2830/739/1950 2831/740/1951 2832/741/1951 2833/742/1950 
f 2834/743/1952 2762/671/1905 2765/674/1908 2835/744/1953 
f 2836/745/1954 2837/746/1955 2834/743/1952 2835/744/1953 
f 2838/747/1956 2767/676/1910 2766/675/1909 2839/748/1957 
f 2840/749/1958 2838/747/1956 2839/748/1957 2841/750/1958 
f 2842/751/1959 2770/679/1913 2773/682/1916 2843/752/1960 
f 2844/753/1961 2842/751/1959 2843/752/1960 2845/754/1962 
f 2846/755/1963 2774/683/1917 2777/686/1920 2847/756/1964 
f 2848/757/1965 2846/755/1963 2847/756/1964 2849/758/1966 
usemtl Studio_Endo_Orbis_m1_3
f 2850/759/1967 2778/687/1921 2781/690/1921 2851/760/1967 
f 2852/761/1968 2850/759/1967 2851/760/1967 2853/762/1968 
f 2854/763/1969 2782/691/1923 2785/694/1923 2855/764/1969 
f 2856/765/1970 2854/763/1969 2855/764/1969 2857/766/1970 
usemtl Studio_Endo_Orbis_m2_1
f 2858/767/1971 2787/696/1926 2786/695/1925 2859/768/1972 
f 2860/769/1973 2858/767/1971 2859/768/1972 2861/770/1974 
f 2862/771/1975 2790/699/1929 2793/702/1929 2863/772/1976 
f 2864/773/1977 2865/774/1977 2862/771/1975 2863/772/1976 
f 2866/775/1978 2795/704/1933 2794/703/1932 2867/776/1979 
f 2868/777/1980 2866/775/1978 2867/776/1979 2869/778/1981 
f 2870/779/1982 2798/707/1936 2801/710/1939 2871/780/1983 
f 2872/781/1984 2870/779/1982 2871/780/1983 2873/782/1985 
usemtl Studio_Endo_Orbis_m1_3
f 2874/783/1986 2802/711/1940 2805/714/1940 2875/784/1986 
f 2876/785/1987 2874/783/1986 2875/784/1986 2877/786/1987 
usemtl Studio_Endo_Orbis_m2_1
f 2878/787/1988 2806/715/1942 2809/718/1945 2879/788/1989 
f 2880/789/1990 2881/790/1991 2878/787/1988 2879/788/1989 
f 2882/791/1289 2811/720/1289 2810/719/1289 2883/792/1289 
f 2884/793/1289 2882/791/1289 2883/792/1289 2885/794/1289 
f 2886/795/1288 2814/723/1289 2817/726/1289 2887/796/1289 
f 2888/797/1289 2889/798/1288 2886/795/1288 2887/796/1289 
f 2890/799/1289 2818/727/1289 2821/730/1288 2891/800/1288 
f 2892/801/1288 2893/802/1289 2890/799/1289 2891/800/1288 
f 2894/803/1992 2822/731/1946 2825/734/1946 2895/804/1992 
f 2896/805/1993 2894/803/1992 2895/804/1992 2897/806/1993 
f 2898/807/1994 2826/735/1948 2829/738/1948 2899/808/1994 
f 2900/809/1995 2898/807/1994 2899/808/1994 2901/810/1995 
f 2902/811/1996 2830/739/1950 2833/742/1950 2903/812/1996 
f 2904/813/1997 2902/811/1996 2903/812/1996 2905/814/1997 
f 2769/678/1912 2768/677/1911 2702/575/1874 2705/578/1877 
f 2763/672/1906 2704/577/1876 2703/576/1875 2764/673/1907 
f 2776/685/1919 2775/684/1918 2707/580/1879 2706/579/1878 
f 2708/581/1880 2772/681/1915 2771/680/1914 2709/582/1881 
usemtl Studio_Endo_Orbis_m1_3
f 2783/692/1924 2710/583/1882 2713/586/1882 2784/693/1924 
f 2779/688/1922 2712/585/1882 2711/584/1882 2780/689/1922 
usemtl Studio_Endo_Orbis_m2_1
f 2837/746/1955 2836/745/1954 2714/599/1883 2717/602/1886 
f 2869/778/1981 2716/601/1885 2715/600/1884 2868/777/1980 
f 2844/753/1961 2845/754/1962 2719/604/1888 2718/603/1887 
f 2720/605/1889 2872/781/1984 2873/782/1985 2721/606/1890 
usemtl Studio_Endo_Orbis_m1_3
f 2853/762/1968 2722/607/1891 2725/610/1891 2852/761/1968 
f 2877/786/1987 2724/609/1891 2723/608/1891 2876/785/1987 
usemtl Studio_Endo_Orbis_m2_1
f 2815/724/1289 2726/611/1289 2729/614/1288 2816/725/1289 
f 2813/722/1289 2812/721/1289 2728/613/1289 2727/612/1289 
f 2885/794/1289 2730/619/1289 2733/622/1289 2884/793/1289 
f 2893/802/1289 2892/801/1288 2732/621/1288 2731/620/1289 
f 2827/736/1949 2734/623/1892 2737/626/1892 2828/737/1949 
f 2823/732/1947 2736/625/1892 2735/624/1892 2824/733/1947 
f 2905/814/1997 2738/631/1893 2741/634/1893 2904/813/1997 
f 2901/810/1995 2740/633/1893 2739/632/1893 2900/809/1995 
f 2789/698/1928 2788/697/1927 2742/635/1894 2745/638/1897 
f 2791/700/1930 2744/637/1896 2743/636/1895 2792/701/1931 
f 2881/790/1991 2880/789/1990 2746/639/1898 2749/642/1901 
f 2861/770/1974 2748/641/1900 2747/640/1899 2860/769/1973 
f 2841/750/1958 2906/589/1418 2907/588/1417 2840/749/1958 
f 2908/593/1998 2848/757/1965 2849/758/1966 2909/594/1999 
usemtl Studio_Endo_Orbis_m1_3
f 2857/766/1970 2910/597/1423 2911/596/2000 2856/765/1970 
usemtl Studio_Endo_Orbis_m2_1
f 2889/798/1288 2888/797/1289 2912/617/1289 2913/616/1289 
f 2831/740/1951 2914/629/1422 2915/628/1422 2832/741/1951 
f 2807/716/1943 2916/645/1425 2917/644/1425 2808/717/1944 
f 2797/706/1935 2796/705/1934 2751/648/1902 2750/647/1304 
f 2800/709/1938 2799/708/1937 2752/652/1903 2753/651/1904 
usemtl Studio_Endo_Orbis_m1_3
f 2803/712/1941 2754/655/1848 2755/658/1848 2804/713/1941 
usemtl Studio_Endo_Orbis_m2_1
f 2819/728/1288 2756/659/1288 2757/662/1289 2820/729/1288 
f 2897/806/1993 2758/663/1315 2759/666/1315 2896/805/1993 
f 2865/774/1977 2864/773/1977 2761/668/1316 2760/667/1318 
f 2918/815/2001 2919/816/2002 2920/817/2003 2921/818/2004 
f 2922/819/2005 2923/820/2006 2924/821/2007 2925/822/2008 
f 2926/823/2009 2927/824/2010 2928/825/2011 2929/826/2012 
f 2930/827/2013 2931/828/2014 2932/829/2015 2933/830/2016 
f 2934/831/2017 2935/832/2018 2936/833/2019 2937/834/2020 
f 2938/835/2021 2939/836/2022 2940/837/2023 2941/838/2024 
f 2942/847/2025 2943/848/2026 2944/849/2027 2945/850/2028 
f 2946/851/2029 2947/852/2030 2948/853/2031 2949/854/2032 
f 2950/855/2033 2846/755/1963 2848/757/1965 2951/856/2034 
f 2952/857/2035 2953/858/2036 2954/859/2037 2955/860/2038 
f 2956/861/2039 2957/862/2040 2958/863/2041 2959/864/2042 
f 2960/865/2043 2961/866/2044 2962/867/2045 2963/868/2046 
f 2921/818/2004 2920/817/2003 2964/869/2047 2965/870/2048 
f 2965/870/2048 2964/869/2047 2943/848/2026 2942/847/2025 
f 2966/871/2049 2967/872/2050 2968/873/2051 2969/874/2052 
f 2969/874/2052 2968/873/2051 2947/852/2030 2946/851/2029 
f 2970/875/2053 2775/684/1918 2774/683/1917 2971/876/2054 
f 2971/876/2054 2774/683/1917 2846/755/1963 2950/855/2033 
f 2925/822/2008 2924/821/2007 2972/877/2055 2973/878/2056 
f 2973/878/2056 2972/877/2055 2953/858/2036 2952/857/2035 
f 2937/834/2020 2936/833/2019 2974/879/2057 2975/880/2058 
f 2975/880/2058 2974/879/2057 2957/862/2040 2956/861/2039 
f 2976/881/2059 2977/882/2060 2978/883/2061 2979/884/2062 
f 2979/884/2062 2978/883/2061 2961/866/2044 2960/865/2043 
f 2980/885/2063 2981/886/2064 2919/816/2002 2918/815/2001 
f 2982/887/2065 2983/888/2066 2981/886/2064 2980/885/2063 
f 2984/889/2067 2985/890/2068 2923/820/2006 2922/819/2005 
f 2986/891/2069 2987/892/2070 2985/890/2068 2984/889/2067 
f 2988/893/2071 2989/894/2072 2935/832/2018 2934/831/2017 
f 2945/850/2028 2944/849/2027 2989/894/2072 2988/893/2071 
f 2990/895/2073 2991/896/2074 2939/836/2022 2938/835/2021 
f 2992/897/2075 2993/898/2076 2991/896/2074 2990/895/2073 
f 2926/823/2009 2298/1412/1503 2297/1413/1502 2927/824/2010 
f 2930/827/2013 2300/1414/1505 2299/1415/1504 2931/828/2014 
f 2955/860/2038 2954/859/2037 2994/840/2077 2995/839/2078 
f 2959/864/2042 2958/863/2041 2996/844/2079 2997/843/2080 
f 2998/903/2081 2918/815/2001 2921/818/2004 2999/904/2082 
f 2708/581/1880 2998/903/2081 2999/904/2082 2772/681/1915 
f 3000/905/2083 2922/819/2005 2925/822/2008 3001/906/2084 
f 3002/907/2085 3000/905/2083 3001/906/2084 3003/908/2086 
f 3004/909/2087 2926/823/2009 2929/826/2012 2951/856/2034 
f 2908/593/1998 3004/909/2087 2951/856/2034 2848/757/1965 
f 3005/910/2088 2930/827/2013 2933/830/2016 2963/868/2046 
f 3006/911/2089 3005/910/2088 2963/868/2046 2962/867/2045 
f 3007/912/2090 2934/831/2017 2937/834/2020 3008/913/2091 
f 2720/605/1889 3007/912/2090 3008/913/2091 2872/781/1984 
f 3009/914/2092 2938/835/2021 2941/838/2024 2949/854/2032 
f 3010/915/2093 3009/914/2092 2949/854/2032 2948/853/2031 
f 3011/922/2094 2942/847/2025 2945/850/2028 3012/923/2095 
f 2843/752/1960 3011/922/2094 3012/923/2095 2845/754/1962 
f 3013/924/2096 2946/851/2029 2949/854/2032 2941/838/2024 
f 3014/925/2097 3013/924/2096 2941/838/2024 2940/837/2023 
f 3015/926/2098 2950/855/2033 2951/856/2034 2929/826/2012 
f 3016/927/2099 3015/926/2098 2929/826/2012 2928/825/2011 
f 3017/928/2100 2952/857/2035 2955/860/2038 3018/929/2101 
f 3019/930/2102 3017/928/2100 3018/929/2101 3020/931/2103 
f 3021/932/2104 2956/861/2039 2959/864/2042 3022/933/2105 
f 2798/707/1936 3021/932/2104 3022/933/2105 2799/708/1937 
f 3023/934/2106 2960/865/2043 2963/868/2046 2933/830/2016 
f 3024/935/2107 3023/934/2106 2933/830/2016 2932/829/2015 
f 2999/904/2082 2921/818/2004 2965/870/2048 3025/936/2108 
f 2772/681/1915 2999/904/2082 3025/936/2108 2773/682/1916 
f 3025/936/2108 2965/870/2048 2942/847/2025 3011/922/2094 
f 2773/682/1916 3025/936/2108 3011/922/2094 2843/752/1960 
f 2986/891/2069 2966/871/2049 2969/874/2052 3026/937/2109 
f 2987/892/2070 2986/891/2069 3026/937/2109 3027/938/2110 
f 3026/937/2109 2969/874/2052 2946/851/2029 3013/924/2096 
f 3027/938/2110 3026/937/2109 3013/924/2096 3014/925/2097 
f 2982/887/2065 2970/875/2053 2971/876/2054 3028/939/2111 
f 2983/888/2066 2982/887/2065 3028/939/2111 3029/940/2112 
f 3028/939/2111 2971/876/2054 2950/855/2033 3015/926/2098 
f 3029/940/2112 3028/939/2111 3015/926/2098 3016/927/2099 
f 3001/906/2084 2925/822/2008 2973/878/2056 3030/941/2113 
f 3003/908/2086 3001/906/2084 3030/941/2113 3031/942/2114 
f 3030/941/2113 2973/878/2056 2952/857/2035 3017/928/2100 
f 3031/942/2114 3030/941/2113 3017/928/2100 3019/930/2102 
f 3008/913/2091 2937/834/2020 2975/880/2058 3032/943/2115 
f 2872/781/1984 3008/913/2091 3032/943/2115 2870/779/1982 
f 3032/943/2115 2975/880/2058 2956/861/2039 3021/932/2104 
f 2870/779/1982 3032/943/2115 3021/932/2104 2798/707/1936 
f 2992/897/2075 2976/881/2059 2979/884/2062 3033/944/2116 
f 2993/898/2076 2992/897/2075 3033/944/2116 3034/945/2117 
f 3033/944/2116 2979/884/2062 2960/865/2043 3023/934/2106 
f 3034/945/2117 3033/944/2116 3023/934/2106 3024/935/2107 
f 3035/946/2118 2980/885/2063 2918/815/2001 2998/903/2081 
f 2707/580/1879 3035/946/2118 2998/903/2081 2708/581/1880 
f 2970/875/2053 2982/887/2065 2980/885/2063 3035/946/2118 
f 2775/684/1918 2970/875/2053 3035/946/2118 2707/580/1879 
f 3036/947/2119 2984/889/2067 2922/819/2005 3000/905/2083 
f 3037/948/2120 3036/947/2119 3000/905/2083 3002/907/2085 
f 2966/871/2049 2986/891/2069 2984/889/2067 3036/947/2119 
f 2967/872/2050 2966/871/2049 3036/947/2119 3037/948/2120 
f 3038/949/2121 2988/893/2071 2934/831/2017 3007/912/2090 
f 2719/604/1888 3038/949/2121 3007/912/2090 2720/605/1889 
f 3012/923/2095 2945/850/2028 2988/893/2071 3038/949/2121 
f 2845/754/1962 3012/923/2095 3038/949/2121 2719/604/1888 
f 3039/950/2122 2990/895/2073 2938/835/2021 3009/914/2092 
f 3040/951/2123 3039/950/2122 3009/914/2092 3010/915/2093 
f 2976/881/2059 2992/897/2075 2990/895/2073 3039/950/2122 
f 2977/882/2060 2976/881/2059 3039/950/2122 3040/951/2123 
f 3004/909/2087 2348/1416/1553 2298/1412/1503 2926/823/2009 
f 2908/593/1998 2349/1417/1554 2348/1416/1553 3004/909/2087 
f 3005/910/2088 2350/1418/1555 2300/1414/1505 2930/827/2013 
f 3006/911/2089 2055/1407/1312 2350/1418/1555 3005/910/2088 
f 3018/929/2101 2955/860/2038 2995/839/2078 3041/916/2124 
f 3020/931/2103 3018/929/2101 3041/916/2124 3042/918/2125 
f 3022/933/2105 2959/864/2042 2997/843/2080 3043/920/2126 
f 2799/708/1937 3022/933/2105 3043/920/2126 2752/652/1903 
f 3044/955/2127 2709/582/1881 2771/680/1914 3045/956/2128 
f 3046/957/2129 3047/958/2130 3048/959/2131 3049/960/2132 
f 3050/961/2133 2909/594/1999 2849/758/1966 3051/962/2134 
f 3052/963/2135 3053/964/2136 3054/965/2137 3055/966/2138 
f 3056/967/2139 2721/606/1890 2873/782/1985 3057/968/2140 
f 3058/969/2141 3059/970/2142 3060/971/2143 3061/972/2144 
f 3062/979/2145 3063/980/2146 3064/981/2147 3065/982/2148 
f 3066/983/2149 3067/984/2150 3068/985/2151 3069/986/2152 
f 3070/987/2153 3071/988/2154 3072/989/2155 3073/990/2156 
f 3074/991/2157 3075/992/2158 3076/993/2159 3077/994/2160 
f 3078/995/2161 3079/996/2162 3080/997/2163 3081/998/2164 
f 3082/999/2165 3083/1000/2166 3084/1001/2167 3085/1002/2168 
f 3055/966/2138 3054/965/2137 3086/1003/2169 3087/1004/2170 
f 3087/1004/2170 3086/1003/2169 3063/980/2146 3062/979/2145 
f 3061/972/2144 3060/971/2143 3088/1005/2171 3089/1006/2172 
f 3089/1006/2172 3088/1005/2171 3067/984/2150 3066/983/2149 
f 3049/960/2132 3048/959/2131 3090/1007/2173 3091/1008/2174 
f 3091/1008/2174 3090/1007/2173 3071/988/2154 3070/987/2153 
f 3092/1009/2175 3093/1010/2176 3094/1011/2177 3095/1012/2178 
f 3095/1012/2178 3094/1011/2177 3075/992/2158 3074/991/2157 
f 3096/1013/2179 3097/1014/2180 3098/1015/2181 3099/1016/2182 
f 3099/1016/2182 3098/1015/2181 3079/996/2162 3078/995/2161 
f 3100/1017/2183 3101/1018/2184 3102/1019/2185 3103/1020/2186 
f 3103/1020/2186 3102/1019/2185 3083/1000/2166 3082/999/2165 
f 3104/1021/2187 2706/579/1878 2709/582/1881 3044/955/2127 
f 3105/1022/2188 2776/685/1919 2706/579/1878 3104/1021/2187 
f 3106/1023/2189 3107/1024/2190 3047/958/2130 3046/957/2129 
f 3065/982/2148 3064/981/2147 3107/1024/2190 3106/1023/2189 
f 3108/1025/2191 2718/603/1887 2721/606/1890 3056/967/2139 
f 3109/1026/2192 2844/753/1961 2718/603/1887 3108/1025/2191 
f 3110/1027/2193 3111/1028/2194 3059/970/2142 3058/969/2141 
f 3073/990/2156 3072/989/2155 3111/1028/2194 3110/1027/2193 
f 3050/961/2133 2423/1419/1628 2422/1420/1627 2909/594/1999 
f 3052/963/2135 2425/1421/1630 2424/1422/1629 3053/964/2136 
f 3112/1032/2195 2800/709/1938 2753/651/1904 3113/973/2196 
f 3069/986/2152 3068/985/2151 3114/976/2197 3115/975/2198 
f 3116/1033/2199 3044/955/2127 3045/956/2128 3085/1002/2168 
f 3117/1034/2200 3116/1033/2199 3085/1002/2168 3084/1001/2167 
f 3118/1035/2201 3046/957/2129 3049/960/2132 3119/1036/2202 
f 3120/1037/2203 3118/1035/2201 3119/1036/2202 3121/1038/2204 
f 3122/1039/2205 3050/961/2133 3051/962/2134 3077/994/2160 
f 3123/1040/2206 3122/1039/2205 3077/994/2160 3076/993/2159 
f 3124/1041/2207 3052/963/2135 3055/966/2138 3125/1042/2208 
f 3126/1043/2209 3124/1041/2207 3125/1042/2208 3127/1044/2210 
f 3128/1045/2211 3056/967/2139 3057/968/2140 3081/998/2164 
f 3129/1046/2212 3128/1045/2211 3081/998/2164 3080/997/2163 
f 3130/1047/2213 3058/969/2141 3061/972/2144 3131/1048/2214 
f 3132/1049/2215 3130/1047/2213 3131/1048/2214 3133/1050/2216 
f 3134/1059/2217 3062/979/2145 3065/982/2148 3135/1060/2218 
f 3136/1061/2219 3134/1059/2217 3135/1060/2218 3137/1062/2220 
f 3138/1063/2221 3066/983/2149 3069/986/2152 3139/1064/2222 
f 3140/1065/2223 3138/1063/2221 3139/1064/2222 3141/1066/2224 
f 3142/1067/2225 3070/987/2153 3073/990/2156 3143/1068/2226 
f 3144/1069/2227 3142/1067/2225 3143/1068/2226 3145/1070/2228 
f 3146/1071/2229 3074/991/2157 3077/994/2160 3051/962/2134 
f 2847/756/1964 3146/1071/2229 3051/962/2134 2849/758/1966 
f 3147/1072/2230 3078/995/2161 3081/998/2164 3057/968/2140 
f 2871/780/1983 3147/1072/2230 3057/968/2140 2873/782/1985 
f 3148/1073/2231 3082/999/2165 3085/1002/2168 3045/956/2128 
f 2770/679/1913 3148/1073/2231 3045/956/2128 2771/680/1914 
f 3125/1042/2208 3055/966/2138 3087/1004/2170 3149/1074/2232 
f 3127/1044/2210 3125/1042/2208 3149/1074/2232 3150/1075/2233 
f 3149/1074/2232 3087/1004/2170 3062/979/2145 3134/1059/2217 
f 3150/1075/2233 3149/1074/2232 3134/1059/2217 3136/1061/2219 
f 3131/1048/2214 3061/972/2144 3089/1006/2172 3151/1076/2234 
f 3133/1050/2216 3131/1048/2214 3151/1076/2234 3152/1077/2235 
f 3151/1076/2234 3089/1006/2172 3066/983/2149 3138/1063/2221 
f 3152/1077/2235 3151/1076/2234 3138/1063/2221 3140/1065/2223 
f 3119/1036/2202 3049/960/2132 3091/1008/2174 3153/1078/2236 
f 3121/1038/2204 3119/1036/2202 3153/1078/2236 3154/1079/2237 
f 3153/1078/2236 3091/1008/2174 3070/987/2153 3142/1067/2225 
f 3154/1079/2237 3153/1078/2236 3142/1067/2225 3144/1069/2227 
f 3105/1022/2188 3092/1009/2175 3095/1012/2178 3155/1080/2238 
f 2776/685/1919 3105/1022/2188 3155/1080/2238 2777/686/1920 
f 3155/1080/2238 3095/1012/2178 3074/991/2157 3146/1071/2229 
f 2777/686/1920 3155/1080/2238 3146/1071/2229 2847/756/1964 
f 3112/1032/2195 3096/1013/2179 3099/1016/2182 3156/1081/2239 
f 2800/709/1938 3112/1032/2195 3156/1081/2239 2801/710/1939 
f 3156/1081/2239 3099/1016/2182 3078/995/2161 3147/1072/2230 
f 2801/710/1939 3156/1081/2239 3147/1072/2230 2871/780/1983 
f 3109/1026/2192 3100/1017/2183 3103/1020/2186 3157/1082/2240 
f 2844/753/1961 3109/1026/2192 3157/1082/2240 2842/751/1959 
f 3157/1082/2240 3103/1020/2186 3082/999/2165 3148/1073/2231 
f 2842/751/1959 3157/1082/2240 3148/1073/2231 2770/679/1913 
f 3158/1083/2241 3104/1021/2187 3044/955/2127 3116/1033/2199 
f 3159/1084/2242 3158/1083/2241 3116/1033/2199 3117/1034/2200 
f 3092/1009/2175 3105/1022/2188 3104/1021/2187 3158/1083/2241 
f 3093/1010/2176 3092/1009/2175 3158/1083/2241 3159/1084/2242 
f 3160/1085/2243 3106/1023/2189 3046/957/2129 3118/1035/2201 
f 3161/1086/2244 3160/1085/2243 3118/1035/2201 3120/1037/2203 
f 3135/1060/2218 3065/982/2148 3106/1023/2189 3160/1085/2243 
f 3137/1062/2220 3135/1060/2218 3160/1085/2243 3161/1086/2244 
f 3162/1087/2245 3108/1025/2191 3056/967/2139 3128/1045/2211 
f 3163/1088/2246 3162/1087/2245 3128/1045/2211 3129/1046/2212 
f 3100/1017/2183 3109/1026/2192 3108/1025/2191 3162/1087/2245 
f 3101/1018/2184 3100/1017/2183 3162/1087/2245 3163/1088/2246 
f 3164/1089/2247 3110/1027/2193 3058/969/2141 3130/1047/2213 
f 3165/1090/2248 3164/1089/2247 3130/1047/2213 3132/1049/2215 
f 3143/1068/2226 3073/990/2156 3110/1027/2193 3164/1089/2247 
f 3145/1070/2228 3143/1068/2226 3164/1089/2247 3165/1090/2248 
f 3050/961/2133 3122/1039/2205 2423/1419/1628 
f 3123/1040/2206 2480/1423/1685 2423/1419/1628 3122/1039/2205 
f 3052/963/2135 3124/1041/2207 2425/1421/1630 
f 3126/1043/2209 2481/1424/1686 2425/1421/1630 3124/1041/2207 
f 3096/1013/2179 3112/1032/2195 3113/973/2196 3166/1051/2249 
f 3097/1014/2180 3096/1013/2179 3166/1051/2249 3167/1053/2250 
f 3139/1064/2222 3069/986/2152 3115/975/2198 3168/1055/2251 
f 3141/1066/2224 3139/1064/2222 3168/1055/2251 3169/1057/2252 
f 3161/1086/2244 3120/1037/2203 2727/612/1289 2726/611/1289 
f 3037/948/2120 3002/907/2085 2729/614/1288 2728/613/1289 
f 2912/617/1289 3042/918/2125 2486/1425/1691 
f 3165/1090/2248 3132/1049/2215 2731/620/1289 2730/619/1289 
f 3040/951/2123 3010/915/2093 2733/622/1289 2732/621/1288 
f 2756/659/1288 3169/1057/2252 2056/1406/1313 
f 2811/720/1289 2968/873/2051 2967/872/2050 2812/721/1289 
f 2813/722/1289 3121/1038/2204 3154/1079/2237 2810/719/1289 
f 3136/1061/2219 3137/1062/2220 2815/724/1289 2814/723/1289 
f 3003/908/2086 3031/942/2114 2817/726/1289 2816/725/1289 
f 3140/1065/2223 3141/1066/2224 2819/728/1288 2818/727/1289 
f 2962/867/2045 2961/866/2044 2821/730/1288 2820/729/1288 
f 2947/852/2030 2968/873/2051 2811/720/1289 2882/791/1289 
f 3154/1079/2237 3144/1069/2227 2883/792/1289 2810/719/1289 
f 2948/853/2031 2947/852/2030 2882/791/1289 2884/793/1289 
f 3144/1069/2227 3145/1070/2228 2885/794/1289 2883/792/1289 
f 3150/1075/2233 3136/1061/2219 2814/723/1289 2886/795/1288 
f 3031/942/2114 3019/930/2102 2887/796/1289 2817/726/1289 
f 2889/798/1288 3127/1044/2210 3150/1075/2233 2886/795/1288 
f 2887/796/1289 3019/930/2102 3020/931/2103 2888/797/1289 
f 3152/1077/2235 3140/1065/2223 2818/727/1289 2890/799/1289 
f 2961/866/2044 2978/883/2061 2891/800/1288 2821/730/1288 
f 2893/802/1289 3133/1050/2216 3152/1077/2235 2890/799/1289 
f 2891/800/1288 2978/883/2061 2977/882/2060 2892/801/1288 
f 3137/1062/2220 3161/1086/2244 2726/611/1289 2815/724/1289 
f 3002/907/2085 3003/908/2086 2816/725/1289 2729/614/1288 
f 2812/721/1289 2967/872/2050 3037/948/2120 2728/613/1289 
f 2727/612/1289 3120/1037/2203 3121/1038/2204 2813/722/1289 
f 3145/1070/2228 3165/1090/2248 2730/619/1289 2885/794/1289 
f 3010/915/2093 2948/853/2031 2884/793/1289 2733/622/1289 
f 2892/801/1288 2977/882/2060 3040/951/2123 2732/621/1288 
f 2731/620/1289 3132/1049/2215 3133/1050/2216 2893/802/1289 
f 2888/797/1289 3020/931/2103 3042/918/2125 2912/617/1289 
f 2913/616/1289 3126/1043/2209 3127/1044/2210 2889/798/1288 
f 3141/1066/2224 3169/1057/2252 2756/659/1288 2819/728/1288 
f 3006/911/2089 2962/867/2045 2820/729/1288 2757/662/1289 
f 3170/1095/2253 3171/1096/2254 3172/1097/2255 3173/1098/2256 
f 3174/1099/2257 3175/1100/2258 3176/1101/2259 3177/1102/2260 
f 3178/1103/2261 3179/1104/2262 3180/1105/2263 3181/1106/2264 
f 3182/1107/2265 3183/1108/2266 3184/1109/2267 3185/1110/2268 
f 3186/1111/1708 3187/1112/2269 3188/1113/2270 3189/1114/2271 
f 3190/1115/2272 3191/1116/2273 3192/1117/2274 3193/1118/2275 
f 3194/1127/2276 3195/1128/2277 3196/1129/2278 3197/1130/2279 
f 3198/1131/2280 3199/1132/2281 3200/1133/2282 3201/1134/2283 
f 3202/1135/2284 3203/1136/2285 3204/1137/2286 3205/1138/2287 
f 3206/1139/2288 3207/1140/2289 3208/1141/2290 3209/1142/2291 
f 3210/1143/2292 3211/1144/2293 3212/1145/2294 3213/1146/2295 
f 3214/1147/2296 3215/1148/2297 3216/1149/2298 3217/1150/2299 
f 3173/1098/2256 3172/1097/2255 3218/1151/2300 3219/1152/2301 
f 3219/1152/2301 3218/1151/2300 3195/1128/2277 3194/1127/2276 
f 3177/1102/2260 3176/1101/2259 3220/1153/2302 3221/1154/2303 
f 3221/1154/2303 3220/1153/2302 3199/1132/2281 3198/1131/2280 
f 3181/1106/2264 3180/1105/2263 3222/1155/2304 3223/1156/2305 
f 3223/1156/2305 3222/1155/2304 3203/1136/2285 3202/1135/2284 
f 3185/1110/2268 3184/1109/2267 3224/1157/2306 3225/1158/2307 
f 3225/1158/2307 3224/1157/2306 3207/1140/2289 3206/1139/2288 
f 3189/1114/2271 3188/1113/2270 3226/1159/2308 3227/1160/2309 
f 3227/1160/2309 3226/1159/2308 3211/1144/2293 3210/1143/2292 
f 3193/1118/2275 3192/1117/2274 3228/1161/2310 3229/1162/2311 
f 3229/1162/2311 3228/1161/2310 3215/1148/2297 3214/1147/2296 
f 3230/1163/2312 3231/1164/2313 3171/1096/2254 3170/1095/2253 
f 3201/1134/2283 3200/1133/2282 3231/1164/2313 3230/1163/2312 
f 3232/1165/2314 3233/1166/2315 3175/1100/2258 3174/1099/2257 
f 3205/1138/2287 3204/1137/2286 3233/1166/2315 3232/1165/2314 
f 3234/1167/2316 3235/1168/2317 3183/1108/2266 3182/1107/2265 
f 3213/1146/2295 3212/1145/2294 3235/1168/2317 3234/1167/2316 
f 3236/1169/2318 3237/1170/2319 3191/1116/2273 3190/1115/2272 
f 3209/1142/2291 3208/1141/2290 3237/1170/2319 3236/1169/2318 
f 3178/1103/2261 2556/1426/1761 2555/1427/1760 3179/1104/2262 
f 3186/1111/1708 2558/1428/1763 2557/1429/1762 3187/1112/2269 
f 3197/1130/2279 3196/1129/2278 3238/1120/1765 3239/1119/2320 
f 3217/1150/2299 3216/1149/2298 3240/1124/2321 3241/1123/2322 
f 3242/1175/2323 3170/1095/2253 3173/1098/2256 3243/1176/2324 
f 3244/1177/2325 3242/1175/2323 3243/1176/2324 3245/1178/2326 
f 3246/1179/2327 3174/1099/2257 3177/1102/2260 3247/1180/2328 
f 3248/1181/2329 3246/1179/2327 3247/1180/2328 3249/1182/2330 
f 3250/1183/2331 3178/1103/2261 3181/1106/2264 3251/1184/2332 
f 3252/1185/2333 3250/1183/2331 3251/1184/2332 3253/1186/2334 
f 3254/1187/2335 3182/1107/2265 3185/1110/2268 3255/1188/2336 
f 3256/1189/2337 3254/1187/2335 3255/1188/2336 3257/1190/2338 
f 3258/1191/2339 3186/1111/1708 3189/1114/2271 3259/1192/2340 
f 3260/1193/1786 3258/1191/2339 3259/1192/2340 3261/1194/2341 
f 3262/1195/2342 3190/1115/2272 3193/1118/2275 3263/1196/2343 
f 3264/1197/2344 3262/1195/2342 3263/1196/2343 3265/1198/2345 
f 3266/1207/2346 3194/1127/2276 3197/1130/2279 3267/1208/2347 
f 3268/1209/2348 3266/1207/2346 3267/1208/2347 3269/1210/2349 
f 3270/1211/2350 3198/1131/2280 3201/1134/2283 3271/1212/2351 
f 3272/1213/2352 3270/1211/2350 3271/1212/2351 3273/1214/2353 
f 3274/1215/2354 3202/1135/2284 3205/1138/2287 3275/1216/2355 
f 3276/1217/2356 3274/1215/2354 3275/1216/2355 3277/1218/2357 
f 3278/1219/2358 3206/1139/2288 3209/1142/2291 3279/1220/2359 
f 3280/1221/2360 3278/1219/2358 3279/1220/2359 3281/1222/2361 
f 3282/1223/2362 3210/1143/2292 3213/1146/2295 3283/1224/2363 
f 3284/1225/2364 3282/1223/2362 3283/1224/2363 3285/1226/2365 
f 3286/1227/2366 3214/1147/2296 3217/1150/2299 3287/1228/2367 
f 3288/1229/2368 3286/1227/2366 3287/1228/2367 3289/1230/2369 
f 3243/1176/2324 3173/1098/2256 3219/1152/2301 3290/1231/2370 
f 3245/1178/2326 3243/1176/2324 3290/1231/2370 3291/1232/2371 
f 3290/1231/2370 3219/1152/2301 3194/1127/2276 3266/1207/2346 
f 3291/1232/2371 3290/1231/2370 3266/1207/2346 3268/1209/2348 
f 3247/1180/2328 3177/1102/2260 3221/1154/2303 3292/1233/2372 
f 3249/1182/2330 3247/1180/2328 3292/1233/2372 3293/1234/2373 
f 3292/1233/2372 3221/1154/2303 3198/1131/2280 3270/1211/2350 
f 3293/1234/2373 3292/1233/2372 3270/1211/2350 3272/1213/2352 
f 3251/1184/2332 3181/1106/2264 3223/1156/2305 3294/1235/2374 
f 3253/1186/2334 3251/1184/2332 3294/1235/2374 3295/1236/2375 
f 3294/1235/2374 3223/1156/2305 3202/1135/2284 3274/1215/2354 
f 3295/1236/2375 3294/1235/2374 3274/1215/2354 3276/1217/2356 
f 3255/1188/2336 3185/1110/2268 3225/1158/2307 3296/1237/2376 
f 3257/1190/2338 3255/1188/2336 3296/1237/2376 3297/1238/2377 
f 3296/1237/2376 3225/1158/2307 3206/1139/2288 3278/1219/2358 
f 3297/1238/2377 3296/1237/2376 3278/1219/2358 3280/1221/2360 
f 3259/1192/2340 3189/1114/2271 3227/1160/2309 3298/1239/2378 
f 3261/1194/2341 3259/1192/2340 3298/1239/2378 3299/1240/2379 
f 3298/1239/2378 3227/1160/2309 3210/1143/2292 3282/1223/2362 
f 3299/1240/2379 3298/1239/2378 3282/1223/2362 3284/1225/2364 
f 3263/1196/2343 3193/1118/2275 3229/1162/2311 3300/1241/2380 
f 3265/1198/2345 3263/1196/2343 3300/1241/2380 3301/1242/2381 
f 3300/1241/2380 3229/1162/2311 3214/1147/2296 3286/1227/2366 
f 3301/1242/2381 3300/1241/2380 3286/1227/2366 3288/1229/2368 
f 3302/1243/2382 3230/1163/2312 3170/1095/2253 3242/1175/2323 
f 3303/1244/2383 3302/1243/2382 3242/1175/2323 3244/1177/2325 
f 3271/1212/2351 3201/1134/2283 3230/1163/2312 3302/1243/2382 
f 3273/1214/2353 3271/1212/2351 3302/1243/2382 3303/1244/2383 
f 3304/1245/2384 3232/1165/2314 3174/1099/2257 3246/1179/2327 
f 3305/1246/2385 3304/1245/2384 3246/1179/2327 3248/1181/2329 
f 3275/1216/2355 3205/1138/2287 3232/1165/2314 3304/1245/2384 
f 3277/1218/2357 3275/1216/2355 3304/1245/2384 3305/1246/2385 
f 3306/1247/2386 3234/1167/2316 3182/1107/2265 3254/1187/2335 
f 3307/1248/2387 3306/1247/2386 3254/1187/2335 3256/1189/2337 
f 3283/1224/2363 3213/1146/2295 3234/1167/2316 3306/1247/2386 
f 3285/1226/2365 3283/1224/2363 3306/1247/2386 3307/1248/2387 
f 3308/1249/2388 3236/1169/2318 3190/1115/2272 3262/1195/2342 
f 3309/1250/2389 3308/1249/2388 3262/1195/2342 3264/1197/2344 
f 3279/1220/2359 3209/1142/2291 3236/1169/2318 3308/1249/2388 
f 3281/1222/2361 3279/1220/2359 3308/1249/2388 3309/1250/2389 
f 3250/1183/2331 2631/1430/1836 2556/1426/1761 3178/1103/2261 
f 3252/1185/2333 2632/1431/1837 2631/1430/1836 3250/1183/2331 
f 3258/1191/2339 2633/1432/1838 2558/1428/1763 3186/1111/1708 
f 3260/1193/1786 2634/1433/1839 2633/1432/1838 3258/1191/2339 
f 3267/1208/2347 3197/1130/2279 3239/1119/2320 3310/1199/2390 
f 3269/1210/2349 3267/1208/2347 3310/1199/2390 3311/1201/1841 
f 3287/1228/2367 3217/1150/2299 3241/1123/2322 3312/1203/2391 
f 3289/1230/2369 3287/1228/2367 3312/1203/2391 3313/1205/2392 
f 3183/1108/2266 3235/1168/2317 2735/624/1892 2734/623/1892 
f 3171/1096/2254 3231/1164/2313 2737/626/1892 2736/625/1892 
f 3179/1104/2262 2555/1427/1760 2639/1434/1844 2914/629/1422 
f 3191/1116/2273 3237/1170/2319 2739/632/1893 2738/631/1893 
f 3175/1100/2258 3233/1166/2315 2741/634/1893 2740/633/1893 
f 3187/1112/2269 2557/1429/1762 2060/1408/1315 2758/663/1315 
f 3218/1151/2300 3172/1097/2255 2823/732/1947 2822/731/1946 
f 3212/1145/2294 3211/1144/2293 2825/734/1946 2824/733/1947 
f 3224/1157/2306 3184/1109/2267 2827/736/1949 2826/735/1948 
f 3200/1133/2282 3199/1132/2281 2829/738/1948 2828/737/1949 
f 3222/1155/2304 3180/1105/2263 2831/740/1951 2830/739/1950 
f 3216/1149/2298 3215/1148/2297 2833/742/1950 2832/741/1951 
f 3195/1128/2277 3218/1151/2300 2822/731/1946 2894/803/1992 
f 3211/1144/2293 3226/1159/2308 2895/804/1992 2825/734/1946 
f 3196/1129/2278 3195/1128/2277 2894/803/1992 2896/805/1993 
f 3226/1159/2308 3188/1113/2270 2897/806/1993 2895/804/1992 
f 3207/1140/2289 3224/1157/2306 2826/735/1948 2898/807/1994 
f 3199/1132/2281 3220/1153/2302 2899/808/1994 2829/738/1948 
f 3208/1141/2290 3207/1140/2289 2898/807/1994 2900/809/1995 
f 3220/1153/2302 3176/1101/2259 2901/810/1995 2899/808/1994 
f 3203/1136/2285 3222/1155/2304 2830/739/1950 2902/811/1996 
f 3215/1148/2297 3228/1161/2310 2903/812/1996 2833/742/1950 
f 3204/1137/2286 3203/1136/2285 2902/811/1996 2904/813/1997 
f 3228/1161/2310 3192/1117/2274 2905/814/1997 2903/812/1996 
f 3184/1109/2267 3183/1108/2266 2734/623/1892 2827/736/1949 
f 3231/1164/2313 3200/1133/2282 2828/737/1949 2737/626/1892 
f 3172/1097/2255 3171/1096/2254 2736/625/1892 2823/732/1947 
f 3235/1168/2317 3212/1145/2294 2824/733/1947 2735/624/1892 
f 3192/1117/2274 3191/1116/2273 2738/631/1893 2905/814/1997 
f 3233/1166/2315 3204/1137/2286 2904/813/1997 2741/634/1893 
f 3176/1101/2259 3175/1100/2258 2740/633/1893 2901/810/1995 
f 3237/1170/2319 3208/1141/2290 2900/809/1995 2739/632/1893 
f 3180/1105/2263 3179/1104/2262 2914/629/1422 2831/740/1951 
f 3240/1124/2321 3216/1149/2298 2832/741/1951 2915/628/1422 
f 3188/1113/2270 3187/1112/2269 2758/663/1315 2897/806/1993 
f 3238/1120/1765 3196/1129/2278 2896/805/1993 2759/666/1315 
f 3307/1248/2387 3256/1189/2337 2703/576/1875 2702/575/1874 
f 2919/816/2002 2981/886/2064 2705/578/1877 2704/577/1876 
f 2927/824/2010 2297/1413/1502 2640/1435/1417 2906/589/1418 
f 3309/1250/2389 3264/1197/2344 2715/600/1884 2714/599/1883 
f 2935/832/2018 2989/894/2072 2717/602/1886 2716/601/1885 
f 3303/1244/2383 3244/1177/2325 2743/636/1895 2742/635/1894 
f 2923/820/2006 2985/890/2068 2745/638/1897 2744/637/1896 
f 3305/1246/2385 3248/1181/2329 2747/640/1899 2746/639/1898 
f 2939/836/2022 2991/896/2074 2749/642/1901 2748/641/1900 
f 2931/828/2014 2299/1415/1504 2641/1436/1425 2916/645/1425 
f 3313/1205/2392 2642/1437/1845 2043/1400/1303 2751/648/1902 
f 3311/1201/1841 2643/1438/1846 2063/1410/1316 2761/668/1316 
f 2964/869/2047 2920/817/2003 2763/672/1906 2762/671/1905 
f 3257/1190/2338 3297/1238/2377 2765/674/1908 2764/673/1907 
f 2767/676/1910 3284/1225/2364 3285/1226/2365 2768/677/1911 
f 2769/678/1912 2983/888/2066 3029/940/2112 2766/675/1909 
f 2787/696/1926 3272/1213/2352 3273/1214/2353 2788/697/1927 
f 2789/698/1928 2987/892/2070 3027/938/2110 2786/695/1925 
f 2972/877/2055 2924/821/2007 2791/700/1930 2790/699/1929 
f 3245/1178/2326 3291/1232/2371 2793/702/1929 2792/701/1931 
f 2795/704/1933 3288/1229/2368 3289/1230/2369 2796/705/1934 
f 2797/706/1935 2958/863/2041 2957/862/2040 2794/703/1932 
f 3024/935/2107 2932/829/2015 2807/716/1943 2806/715/1942 
f 3253/1186/2334 3295/1236/2375 2809/718/1945 2808/717/1944 
f 2834/743/1952 2943/848/2026 2964/869/2047 2762/671/1905 
f 2765/674/1908 3297/1238/2377 3280/1221/2360 2835/744/1953 
f 2837/746/1955 2944/849/2027 2943/848/2026 2834/743/1952 
f 2835/744/1953 3280/1221/2360 3281/1222/2361 2836/745/1954 
f 3299/1240/2379 3284/1225/2364 2767/676/1910 2838/747/1956 
f 3029/940/2112 3016/927/2099 2839/748/1957 2766/675/1909 
f 3261/1194/2341 3299/1240/2379 2838/747/1956 2840/749/1958 
f 3016/927/2099 2928/825/2011 2841/750/1958 2839/748/1957 
f 3293/1234/2373 3272/1213/2352 2787/696/1926 2858/767/1971 
f 3027/938/2110 3014/925/2097 2859/768/1972 2786/695/1925 
f 3249/1182/2330 3293/1234/2373 2858/767/1971 2860/769/1973 
f 3014/925/2097 2940/837/2023 2861/770/1974 2859/768/1972 
f 2953/858/2036 2972/877/2055 2790/699/1929 2862/771/1975 
f 3291/1232/2371 3268/1209/2348 2863/772/1976 2793/702/1929 
f 2865/774/1977 2954/859/2037 2953/858/2036 2862/771/1975 
f 2863/772/1976 3268/1209/2348 3269/1210/2349 2864/773/1977 
f 3301/1242/2381 3288/1229/2368 2795/704/1933 2866/775/1978 
f 2794/703/1932 2957/862/2040 2974/879/2057 2867/776/1979 
f 3265/1198/2345 3301/1242/2381 2866/775/1978 2868/777/1980 
f 2974/879/2057 2936/833/2019 2869/778/1981 2867/776/1979 
f 3034/945/2117 3024/935/2107 2806/715/1942 2878/787/1988 
f 3295/1236/2375 3276/1217/2356 2879/788/1989 2809/718/1945 
f 2881/790/1991 2993/898/2076 3034/945/2117 2878/787/1988 
f 2879/788/1989 3276/1217/2356 3277/1218/2357 2880/789/1990 
f 2768/677/1911 3285/1226/2365 3307/1248/2387 2702/575/1874 
f 2705/578/1877 2981/886/2064 2983/888/2066 2769/678/1912 
f 2920/817/2003 2919/816/2002 2704/577/1876 2763/672/1906 
f 3256/1189/2337 3257/1190/2338 2764/673/1907 2703/576/1875 
f 2836/745/1954 3281/1222/2361 3309/1250/2389 2714/599/1883 
f 2717/602/1886 2989/894/2072 2944/849/2027 2837/746/1955 
f 2936/833/2019 2935/832/2018 2716/601/1885 2869/778/1981 
f 3264/1197/2344 3265/1198/2345 2868/777/1980 2715/600/1884 
f 2788/697/1927 3273/1214/2353 3303/1244/2383 2742/635/1894 
f 2745/638/1897 2985/890/2068 2987/892/2070 2789/698/1928 
f 2924/821/2007 2923/820/2006 2744/637/1896 2791/700/1930 
f 3244/1177/2325 3245/1178/2326 2792/701/1931 2743/636/1895 
f 2880/789/1990 3277/1218/2357 3305/1246/2385 2746/639/1898 
f 2749/642/1901 2991/896/2074 2993/898/2076 2881/790/1991 
f 2940/837/2023 2939/836/2022 2748/641/1900 2861/770/1974 
f 3248/1181/2329 3249/1182/2330 2860/769/1973 2747/640/1899 
f 2928/825/2011 2927/824/2010 2906/589/1418 2841/750/1958 
f 3260/1193/1786 3261/1194/2341 2840/749/1958 2907/588/1417 
f 2932/829/2015 2931/828/2014 2916/645/1425 2807/716/1943 
f 3252/1185/2333 3253/1186/2334 2808/717/1944 2917/644/1425 
f 2796/705/1934 3289/1230/2369 3313/1205/2392 2751/648/1902 
f 2750/647/1304 2996/844/2079 2958/863/2041 2797/706/1935 
f 2864/773/1977 3269/1210/2349 3311/1201/1841 2761/668/1316 
f 2760/667/1318 2994/840/2077 2954/859/2037 2865/774/1977 
f 3159/1084/2242 3117/1034/2200 3314/1255/1882 3315/1256/2393 
f 3047/958/2130 3107/1024/2190 3316/1257/1882 3317/1258/1882 
f 3053/964/2136 2424/1422/1629 2649/1439/1844 3318/1262/1423 
f 3163/1088/2246 3129/1046/2212 3319/1263/1891 3320/1264/1891 
f 3059/970/2142 3111/1028/2194 3321/1265/1891 3322/1266/1891 
f 3167/1053/2250 2655/1440/1849 2052/1441/1311 3323/1268/1309 
f 3090/1007/2173 3048/959/2131 3324/1271/1922 3325/1272/2394 
f 3084/1001/2167 3083/1000/2166 3326/1273/2394 3327/1274/1922 
f 3094/1011/2177 3093/1010/2176 3328/1275/1924 3329/1276/2395 
f 3064/981/2147 3063/980/2146 3330/1277/2395 3331/1278/1924 
f 3098/1015/2181 3097/1014/2180 3332/1279/1941 3333/1280/1940 
f 3068/985/2151 3067/984/2150 3334/1281/1940 3335/1282/1941 
f 3071/988/2154 3090/1007/2173 3325/1272/2394 3336/1283/1967 
f 3083/1000/2166 3102/1019/2185 3337/1284/1967 3326/1273/2394 
f 3072/989/2155 3071/988/2154 3336/1283/1967 3338/1285/1968 
f 3102/1019/2185 3101/1018/2184 3339/1286/1968 3337/1284/1967 
f 3075/992/2158 3094/1011/2177 3329/1276/2395 3340/1287/1969 
f 3063/980/2146 3086/1003/2169 3341/1288/1969 3330/1277/2395 
f 3076/993/2159 3075/992/2158 3340/1287/1969 3342/1289/1970 
f 3086/1003/2169 3054/965/2137 3343/1290/1970 3341/1288/1969 
f 3079/996/2162 3098/1015/2181 3333/1280/1940 3344/1291/1986 
f 3067/984/2150 3088/1005/2171 3345/1292/1986 3334/1281/1940 
f 3080/997/2163 3079/996/2162 3344/1291/1986 3346/1293/1987 
f 3088/1005/2171 3060/971/2143 3347/1294/1987 3345/1292/1986 
f 3093/1010/2176 3159/1084/2242 3315/1256/2393 3328/1275/1924 
f 3107/1024/2190 3064/981/2147 3331/1278/1924 3316/1257/1882 
f 3048/959/2131 3047/958/2130 3317/1258/1882 3324/1271/1922 
f 3117/1034/2200 3084/1001/2167 3327/1274/1922 3314/1255/1882 
f 3101/1018/2184 3163/1088/2246 3320/1264/1891 3339/1286/1968 
f 3111/1028/2194 3072/989/2155 3338/1285/1968 3321/1265/1891 
f 3060/971/2143 3059/970/2142 3322/1266/1891 3347/1294/1987 
f 3129/1046/2212 3080/997/2163 3346/1293/1987 3319/1263/1891 
f 3054/965/2137 3053/964/2136 3318/1262/1423 3343/1290/1970 
f 3123/1040/2206 3076/993/2159 3342/1289/1970 3348/1259/2396 
f 3097/1014/2180 3167/1053/2250 3323/1268/1309 3332/1279/1941 
f 3114/976/2197 3068/985/2151 3335/1282/1941 3349/1269/1309 
s off
f 3348/1259/1288 3342/1289/1288 2856/1297/1288 2911/1295/1288 
f 3342/1289/1288 3340/1287/1288 2854/1298/1288 2856/1297/1288 
f 3340/1287/1288 3329/1276/1288 2782/1299/1288 2854/1298/1288 
f 3329/1276/1288 3328/1275/1288 2783/1300/1288 2782/1299/1288 
f 3328/1275/1288 3315/1256/1288 2710/1301/1288 2783/1300/1288 
f 3315/1256/1288 3314/1255/1288 2711/1302/1288 2710/1301/1288 
f 3314/1255/1288 3327/1274/1288 2780/1303/1288 2711/1302/1288 
f 3327/1274/1289 3326/1273/1289 2781/1304/1289 2780/1303/1289 
f 3326/1273/1289 3337/1284/1289 2851/1305/1289 2781/1304/1289 
f 3337/1284/1289 3339/1286/1289 2853/1306/1289 2851/1305/1289 
f 3339/1286/1289 3320/1264/1289 2722/1307/1289 2853/1306/1289 
f 3320/1264/1289 3319/1263/1289 2723/1308/1289 2722/1307/1289 
f 3319/1263/1289 3346/1293/1289 2876/1309/1289 2723/1308/1289 
f 3346/1293/1289 3344/1291/1289 2874/1310/1289 2876/1309/1289 
f 3344/1291/1288 3333/1280/1288 2802/1311/1288 2874/1310/1288 
f 3333/1280/1289 3332/1279/1289 2803/1312/1289 2802/1311/1289 
f 3332/1279/1288 3323/1268/1288 2754/1313/1288 2803/1312/1288 
f 3323/1268/1288 2052/1441/1288 2754/1313/1288 
f 3349/1269/1854 3335/1282/1854 2804/1317/1854 2755/1315/1854 
f 3335/1282/1855 3334/1281/1855 2805/1318/1855 2804/1317/1855 
f 3334/1281/1854 3345/1292/1854 2875/1319/1854 2805/1318/1854 
f 3345/1292/1854 3347/1294/1854 2877/1320/1854 2875/1319/1854 
f 3347/1294/1854 3322/1266/1854 2724/1321/1854 2877/1320/1854 
f 3322/1266/1855 3321/1265/1855 2725/1322/1855 2724/1321/1855 
f 3321/1265/1855 3338/1285/1855 2852/1323/1855 2725/1322/1855 
f 3338/1285/1854 3336/1283/1854 2850/1324/1854 2852/1323/1854 
f 3336/1283/1854 3325/1272/1854 2778/1325/1854 2850/1324/1854 
f 3325/1272/1854 3324/1271/1854 2779/1326/1854 2778/1325/1854 
f 3324/1271/1854 3317/1258/1854 2712/1327/1854 2779/1326/1854 
f 3317/1258/1855 3316/1257/1855 2713/1328/1855 2712/1327/1855 
f 3316/1257/1855 3331/1278/1855 2784/1329/1855 2713/1328/1855 
f 3331/1278/1855 3330/1277/1855 2785/1330/1855 2784/1329/1855 
f 3330/1277/1855 3341/1288/1855 2855/1331/1855 2785/1330/1855 
f 3341/1288/1855 3343/1290/1855 2857/1332/1855 2855/1331/1855 
f 3343/1290/1854 3318/1262/1854 2910/1333/1854 2857/1332/1854 
f 2649/1439/2397 2682/1442/2397 2910/1333/2397 3318/1262/2397 
s 1
f 2683/1443/1418 2907/588/1417 2906/589/1418 2640/1435/1417 
f 2908/593/1998 2909/594/1999 2422/1420/1627 2349/1417/1554 
usemtl Studio_Endo_Orbis_m1_3
f 2911/596/2000 2910/597/1423 2682/1444/1858 2684/1445/1857 
usemtl Studio_Endo_Orbis_m2_1
f 2913/616/1289 2912/617/1289 2486/1425/1691 2481/1424/1686 
f 2915/628/1422 2914/629/1422 2639/1434/1844 2685/1446/1423 
f 2686/1447/1425 2917/644/1425 2916/645/1425 2641/1436/1425 
f 2995/839/2078 2994/840/2077 2688/1448/1860 2687/1449/1859 
f 2997/843/2080 2996/844/2079 2690/1450/1862 2689/1451/1861 
f 3041/916/2124 2995/839/2078 2687/1449/1859 2691/1452/1863 
f 3042/918/2125 3041/916/2124 2691/1452/1863 2486/1425/1691 
f 3043/920/2126 2997/843/2080 2689/1451/1861 2692/1453/1864 
f 2752/652/1903 3043/920/2126 2692/1453/1864 2048/1402/1308 
f 3113/973/2196 2753/651/1904 2047/1403/1307 2693/1454/1865 
f 3115/975/2198 3114/976/2197 2695/1455/1867 2694/1456/1866 
f 2693/1454/1865 3166/1051/2249 3113/973/2196 
f 3167/1053/2250 3166/1051/2249 2693/1454/1865 2655/1440/1849 
f 2694/1456/1866 3168/1055/2251 3115/975/2198 
f 3169/1057/2252 3168/1055/2251 2694/1456/1866 2056/1406/1313 
f 2481/1424/1686 3126/1043/2209 2913/616/1289 
f 2055/1407/1312 3006/911/2089 2757/662/1289 
f 3239/1119/2320 3238/1120/1765 2697/1457/1869 2696/1458/1868 
f 3241/1123/2322 3240/1124/2321 2699/1459/1871 2698/1460/1870 
f 3310/1199/2390 3239/1119/2320 2696/1458/1868 2700/1461/1872 
f 3311/1201/1841 3310/1199/2390 2700/1461/1872 2643/1438/1846 
f 3312/1203/2391 3241/1123/2322 2698/1460/1870 2701/1462/1873 
f 3313/1205/2392 3312/1203/2391 2701/1462/1873 2642/1437/1845 
f 3240/1124/2321 2915/628/1422 2685/1446/1423 2699/1459/1871 
f 3238/1120/1765 2759/666/1315 2059/1409/1315 2697/1457/1869 
f 3260/1193/1786 2907/588/1417 2683/1443/1418 2634/1433/1839 
f 3252/1185/2333 2917/644/1425 2686/1447/1425 2632/1431/1837 
f 2996/844/2079 2750/647/1304 2042/1401/1302 2690/1450/1862 
f 2994/840/2077 2760/667/1318 2062/1411/1317 2688/1448/1860 
f 3123/1040/2206 3348/1259/2396 2684/1463/1857 2480/1423/1685 
f 3114/976/2197 3349/1269/1309 2051/1464/1310 2695/1455/1867 
s off
f 2684/1463/1288 3348/1259/1288 2911/1295/1288 
f 2051/1464/1855 3349/1269/1855 2755/1315/1855 
s 1
f 3350/575/2398 3351/576/2399 3352/577/2400 3353/578/2401 
f 3354/579/2402 3355/580/2403 3356/581/2404 3357/582/2405 
usemtl Studio_Endo_Orbis_m1_3
f 3358/583/2406 3359/584/2407 3360/585/2407 3361/586/2406 
usemtl Studio_Endo_Orbis_m2_1
f 3362/599/2408 3363/600/2409 3364/601/2410 3365/602/2411 
f 3366/603/2412 3367/604/2413 3368/605/2414 3369/606/2415 
usemtl Studio_Endo_Orbis_m1_3
f 3370/607/2416 3371/608/2416 3372/609/2416 3373/610/2417 
usemtl Studio_Endo_Orbis_m2_1
f 3374/611/2418 3375/612/2418 3376/613/2418 3377/614/2419 
f 3378/619/2418 3379/620/2419 3380/621/2418 3381/622/2418 
f 3382/623/2420 3383/624/2420 3384/625/2420 3385/626/2420 
f 3386/631/2421 3387/632/2422 3388/633/2422 3389/634/2421 
f 3390/635/2423 3391/636/2424 3392/637/2425 3393/638/2426 
f 3394/639/2427 3395/640/2428 3396/641/2429 3397/642/2430 
f 3398/647/2431 3399/648/2432 3400/1465/2431 3401/1466/2432 
f 3402/651/2433 3403/652/2434 3404/1467/2435 3405/1468/2436 
usemtl Studio_Endo_Orbis_m1_3
f 3406/655/2437 3407/1469/2437 3408/1470/2437 3409/658/2437 
usemtl Studio_Endo_Orbis_m2_1
f 3410/659/2419 3411/1471/2438 3412/1472/2439 3413/662/2418 
f 3414/663/2440 3415/1473/2440 3416/1474/2440 3417/666/2441 
f 3418/667/2442 3419/668/2443 3420/1475/2444 3421/1476/2444 
f 3422/671/2445 3423/672/2446 3424/673/2447 3425/674/2448 
f 3426/675/2449 3427/676/2450 3428/677/2451 3429/678/2452 
f 3430/679/2453 3431/680/2454 3432/681/2455 3433/682/2456 
f 3434/683/2457 3435/684/2458 3436/685/2459 3437/686/2460 
usemtl Studio_Endo_Orbis_m1_3
f 3438/687/2461 3439/688/2462 3440/689/2462 3441/690/2463 
f 3442/691/2464 3443/692/2465 3444/693/2465 3445/694/2466 
usemtl Studio_Endo_Orbis_m2_1
f 3446/695/2467 3447/696/2468 3448/697/2469 3449/698/2470 
f 3450/699/2471 3451/700/2472 3452/701/2473 3453/702/2474 
f 3454/703/2475 3455/704/2476 3456/705/2477 3457/706/2478 
f 3458/707/2479 3459/708/2480 3460/709/2481 3461/710/2482 
usemtl Studio_Endo_Orbis_m1_3
f 3462/711/2483 3463/712/2484 3464/713/2484 3465/714/2483 
usemtl Studio_Endo_Orbis_m2_1
f 3466/715/2485 3467/716/2486 3468/717/2487 3469/718/2488 
f 3470/719/2419 3471/720/2418 3472/721/2489 3473/722/2418 
f 3474/723/2418 3475/724/2489 3476/725/2419 3477/726/2419 
f 3478/727/2418 3479/728/2418 3480/729/2418 3481/730/2438 
f 3482/731/2490 3483/732/2491 3484/733/2491 3485/734/2490 
f 3486/735/2492 3487/736/2493 3488/737/2493 3489/738/2492 
f 3490/739/2494 3491/740/2495 3492/741/2495 3493/742/2494 
f 3494/743/2496 3422/671/2445 3425/674/2448 3495/744/2497 
f 3496/745/2498 3497/746/2499 3494/743/2496 3495/744/2497 
f 3498/747/2500 3427/676/2450 3426/675/2449 3499/748/2500 
f 3500/749/2501 3498/747/2500 3499/748/2500 3501/750/2501 
f 3502/751/2502 3430/679/2453 3433/682/2456 3503/752/2503 
f 3504/753/2504 3502/751/2502 3503/752/2503 3505/754/2505 
f 3506/755/2506 3434/683/2457 3437/686/2460 3507/756/2507 
f 3508/757/2508 3506/755/2506 3507/756/2507 3509/758/2509 
usemtl Studio_Endo_Orbis_m1_3
f 3510/759/2510 3438/687/2461 3441/690/2463 3511/760/2510 
f 3512/761/2511 3510/759/2510 3511/760/2510 3513/762/2511 
f 3514/763/2512 3442/691/2464 3445/694/2466 3515/764/2512 
f 3516/765/2513 3514/763/2512 3515/764/2512 3517/766/2513 
usemtl Studio_Endo_Orbis_m2_1
f 3518/767/2514 3447/696/2468 3446/695/2467 3519/768/2515 
f 3520/769/2516 3518/767/2514 3519/768/2515 3521/770/2517 
f 3522/771/2518 3450/699/2471 3453/702/2474 3523/772/2519 
f 3524/773/2520 3525/774/2520 3522/771/2518 3523/772/2519 
f 3526/775/2521 3455/704/2476 3454/703/2475 3527/776/2522 
f 3528/777/2523 3526/775/2521 3527/776/2522 3529/778/2524 
f 3530/779/2525 3458/707/2479 3461/710/2482 3531/780/2526 
f 3532/781/2527 3530/779/2525 3531/780/2526 3533/782/2528 
usemtl Studio_Endo_Orbis_m1_3
f 3534/783/2529 3462/711/2483 3465/714/2483 3535/784/2529 
f 3536/785/2530 3534/783/2529 3535/784/2529 3537/786/2530 
usemtl Studio_Endo_Orbis_m2_1
f 3538/787/2531 3466/715/2485 3469/718/2488 3539/788/2532 
f 3540/789/2533 3541/790/2534 3538/787/2531 3539/788/2532 
f 3542/791/2418 3471/720/2418 3470/719/2419 3543/792/2418 
f 3544/793/2418 3542/791/2418 3543/792/2418 3545/794/2419 
f 3546/795/2438 3474/723/2418 3477/726/2419 3547/796/2419 
f 3548/797/2418 3549/798/2489 3546/795/2438 3547/796/2419 
f 3550/799/2418 3478/727/2418 3481/730/2438 3551/800/2438 
f 3552/801/2438 3553/802/2419 3550/799/2418 3551/800/2438 
f 3554/803/2535 3482/731/2490 3485/734/2490 3555/804/2536 
f 3556/805/2537 3554/803/2535 3555/804/2536 3557/806/2537 
f 3558/807/2538 3486/735/2492 3489/738/2492 3559/808/2538 
f 3560/809/2539 3558/807/2538 3559/808/2538 3561/810/2539 
f 3562/811/2540 3490/739/2494 3493/742/2494 3563/812/2540 
f 3564/813/2541 3562/811/2540 3563/812/2540 3565/814/2541 
f 3429/678/2452 3428/677/2451 3350/575/2398 3353/578/2401 
f 3423/672/2446 3352/577/2400 3351/576/2399 3424/673/2447 
f 3436/685/2459 3435/684/2458 3355/580/2403 3354/579/2402 
f 3356/581/2404 3432/681/2455 3431/680/2454 3357/582/2405 
usemtl Studio_Endo_Orbis_m1_3
f 3443/692/2465 3358/583/2406 3361/586/2406 3444/693/2465 
f 3439/688/2462 3360/585/2407 3359/584/2407 3440/689/2462 
usemtl Studio_Endo_Orbis_m2_1
f 3497/746/2499 3496/745/2498 3362/599/2408 3365/602/2411 
f 3529/778/2524 3364/601/2410 3363/600/2409 3528/777/2523 
f 3504/753/2504 3505/754/2505 3367/604/2413 3366/603/2412 
f 3368/605/2414 3532/781/2527 3533/782/2528 3369/606/2415 
usemtl Studio_Endo_Orbis_m1_3
f 3513/762/2511 3370/607/2416 3373/610/2417 3512/761/2511 
f 3537/786/2530 3372/609/2416 3371/608/2416 3536/785/2530 
usemtl Studio_Endo_Orbis_m2_1
f 3475/724/2489 3374/611/2418 3377/614/2419 3476/725/2419 
f 3473/722/2418 3472/721/2489 3376/613/2418 3375/612/2418 
f 3545/794/2419 3378/619/2418 3381/622/2418 3544/793/2418 
f 3553/802/2419 3552/801/2438 3380/621/2418 3379/620/2419 
f 3487/736/2493 3382/623/2420 3385/626/2420 3488/737/2493 
f 3483/732/2491 3384/625/2420 3383/624/2420 3484/733/2491 
f 3565/814/2541 3386/631/2421 3389/634/2421 3564/813/2541 
f 3561/810/2539 3388/633/2422 3387/632/2422 3560/809/2539 
f 3449/698/2470 3448/697/2469 3390/635/2423 3393/638/2426 
f 3451/700/2472 3392/637/2425 3391/636/2424 3452/701/2473 
f 3541/790/2534 3540/789/2533 3394/639/2427 3397/642/2430 
f 3521/770/2517 3396/641/2429 3395/640/2428 3520/769/2516 
f 3501/750/2501 3566/589/2542 3567/588/2543 3500/749/2501 
f 3568/593/2544 3508/757/2508 3509/758/2509 3569/594/2545 
usemtl Studio_Endo_Orbis_m1_3
f 3517/766/2513 3570/597/2546 3571/596/2546 3516/765/2513 
usemtl Studio_Endo_Orbis_m2_1
f 3549/798/2489 3548/797/2418 3572/617/2489 3573/616/2419 
f 3491/740/2495 3574/629/2547 3575/628/2548 3492/741/2495 
f 3467/716/2486 3576/645/2549 3577/644/2549 3468/717/2487 
f 3457/706/2478 3456/705/2477 3399/648/2432 3398/647/2431 
f 3460/709/2481 3459/708/2480 3403/652/2434 3402/651/2433 
usemtl Studio_Endo_Orbis_m1_3
f 3463/712/2484 3406/655/2437 3409/658/2437 3464/713/2484 
usemtl Studio_Endo_Orbis_m2_1
f 3479/728/2418 3410/659/2419 3413/662/2418 3480/729/2418 
f 3557/806/2537 3414/663/2440 3417/666/2441 3556/805/2537 
f 3525/774/2520 3524/773/2520 3419/668/2443 3418/667/2442 
f 3578/815/2550 3579/816/2551 3580/817/2552 3581/818/2553 
f 3582/819/2554 3583/820/2555 3584/821/2556 3585/822/2557 
f 3586/823/2558 3587/824/2559 3588/825/2560 3589/826/2561 
f 3590/827/2562 3591/828/2563 3592/829/2564 3593/830/2565 
f 3594/831/2566 3595/832/2567 3596/833/2568 3597/834/2569 
f 3598/835/2570 3599/836/2571 3600/837/2572 3601/838/2573 
f 3602/847/2574 3603/848/2575 3604/849/2576 3605/850/2577 
f 3606/851/2578 3607/852/2579 3608/853/2580 3609/854/2581 
f 3610/855/2582 3506/755/2506 3508/757/2508 3611/856/2583 
f 3612/857/2584 3613/858/2585 3614/859/2586 3615/860/2587 
f 3616/861/2588 3617/862/2589 3618/863/2590 3619/864/2591 
f 3620/865/2592 3621/866/2593 3622/867/2594 3623/868/2595 
f 3581/818/2553 3580/817/2552 3624/869/2596 3625/870/2597 
f 3625/870/2597 3624/869/2596 3603/848/2575 3602/847/2574 
f 3626/871/2598 3627/872/2599 3628/873/2600 3629/874/2601 
f 3629/874/2601 3628/873/2600 3607/852/2579 3606/851/2578 
f 3630/875/2602 3435/684/2458 3434/683/2457 3631/876/2603 
f 3631/876/2603 3434/683/2457 3506/755/2506 3610/855/2582 
f 3585/822/2557 3584/821/2556 3632/877/2604 3633/878/2605 
f 3633/878/2605 3632/877/2604 3613/858/2585 3612/857/2584 
f 3597/834/2569 3596/833/2568 3634/879/2606 3635/880/2607 
f 3635/880/2607 3634/879/2606 3617/862/2589 3616/861/2588 
f 3636/881/2608 3637/882/2609 3638/883/2610 3639/884/2611 
f 3639/884/2611 3638/883/2610 3621/866/2593 3620/865/2592 
f 3640/885/2612 3641/886/2613 3579/816/2551 3578/815/2550 
f 3642/887/2614 3643/888/2615 3641/886/2613 3640/885/2612 
f 3644/889/2616 3645/890/2617 3583/820/2555 3582/819/2554 
f 3646/891/2618 3647/892/2619 3645/890/2617 3644/889/2616 
f 3648/893/2620 3649/894/2621 3595/832/2567 3594/831/2566 
f 3605/850/2577 3604/849/2576 3649/894/2621 3648/893/2620 
f 3650/895/2622 3651/896/2623 3599/836/2571 3598/835/2570 
f 3652/897/2624 3653/898/2625 3651/896/2623 3650/895/2622 
f 3586/823/2558 3654/1477/2626 3655/1478/2627 3587/824/2559 
f 3590/827/2562 3656/1479/2628 3657/1480/2629 3591/828/2563 
f 3615/860/2587 3614/859/2586 3658/840/2630 3659/839/2631 
f 3619/864/2591 3618/863/2590 3660/844/2632 3661/843/2633 
f 3662/903/2634 3578/815/2550 3581/818/2553 3663/904/2635 
f 3356/581/2404 3662/903/2634 3663/904/2635 3432/681/2455 
f 3664/905/2636 3582/819/2554 3585/822/2557 3665/906/2637 
f 3666/907/2638 3664/905/2636 3665/906/2637 3667/908/2639 
f 3668/909/2640 3586/823/2558 3589/826/2561 3611/856/2583 
f 3568/593/2544 3668/909/2640 3611/856/2583 3508/757/2508 
f 3669/910/2641 3590/827/2562 3593/830/2565 3623/868/2595 
f 3670/911/2642 3669/910/2641 3623/868/2595 3622/867/2594 
f 3671/912/2643 3594/831/2566 3597/834/2569 3672/913/2644 
f 3368/605/2414 3671/912/2643 3672/913/2644 3532/781/2527 
f 3673/914/2645 3598/835/2570 3601/838/2573 3609/854/2581 
f 3674/915/2646 3673/914/2645 3609/854/2581 3608/853/2580 
f 3675/922/2647 3602/847/2574 3605/850/2577 3676/923/2648 
f 3503/752/2503 3675/922/2647 3676/923/2648 3505/754/2505 
f 3677/924/2649 3606/851/2578 3609/854/2581 3601/838/2573 
f 3678/925/2650 3677/924/2649 3601/838/2573 3600/837/2572 
f 3679/926/2651 3610/855/2582 3611/856/2583 3589/826/2561 
f 3680/927/2652 3679/926/2651 3589/826/2561 3588/825/2560 
f 3681/928/2653 3612/857/2584 3615/860/2587 3682/929/2654 
f 3683/930/2655 3681/928/2653 3682/929/2654 3684/931/2656 
f 3685/932/2657 3616/861/2588 3619/864/2591 3686/933/2658 
f 3458/707/2479 3685/932/2657 3686/933/2658 3459/708/2480 
f 3687/934/2659 3620/865/2592 3623/868/2595 3593/830/2565 
f 3688/935/2660 3687/934/2659 3593/830/2565 3592/829/2564 
f 3663/904/2635 3581/818/2553 3625/870/2597 3689/936/2661 
f 3432/681/2455 3663/904/2635 3689/936/2661 3433/682/2456 
f 3689/936/2661 3625/870/2597 3602/847/2574 3675/922/2647 
f 3433/682/2456 3689/936/2661 3675/922/2647 3503/752/2503 
f 3646/891/2618 3626/871/2598 3629/874/2601 3690/937/2662 
f 3647/892/2619 3646/891/2618 3690/937/2662 3691/938/2663 
f 3690/937/2662 3629/874/2601 3606/851/2578 3677/924/2649 
f 3691/938/2663 3690/937/2662 3677/924/2649 3678/925/2650 
f 3642/887/2614 3630/875/2602 3631/876/2603 3692/939/2664 
f 3643/888/2615 3642/887/2614 3692/939/2664 3693/940/2665 
f 3692/939/2664 3631/876/2603 3610/855/2582 3679/926/2651 
f 3693/940/2665 3692/939/2664 3679/926/2651 3680/927/2652 
f 3665/906/2637 3585/822/2557 3633/878/2605 3694/941/2666 
f 3667/908/2639 3665/906/2637 3694/941/2666 3695/942/2667 
f 3694/941/2666 3633/878/2605 3612/857/2584 3681/928/2653 
f 3695/942/2667 3694/941/2666 3681/928/2653 3683/930/2655 
f 3672/913/2644 3597/834/2569 3635/880/2607 3696/943/2668 
f 3532/781/2527 3672/913/2644 3696/943/2668 3530/779/2525 
f 3696/943/2668 3635/880/2607 3616/861/2588 3685/932/2657 
f 3530/779/2525 3696/943/2668 3685/932/2657 3458/707/2479 
f 3652/897/2624 3636/881/2608 3639/884/2611 3697/944/2669 
f 3653/898/2625 3652/897/2624 3697/944/2669 3698/945/2670 
f 3697/944/2669 3639/884/2611 3620/865/2592 3687/934/2659 
f 3698/945/2670 3697/944/2669 3687/934/2659 3688/935/2660 
f 3699/946/2671 3640/885/2612 3578/815/2550 3662/903/2634 
f 3355/580/2403 3699/946/2671 3662/903/2634 3356/581/2404 
f 3630/875/2602 3642/887/2614 3640/885/2612 3699/946/2671 
f 3435/684/2458 3630/875/2602 3699/946/2671 3355/580/2403 
f 3700/947/2672 3644/889/2616 3582/819/2554 3664/905/2636 
f 3701/948/2673 3700/947/2672 3664/905/2636 3666/907/2638 
f 3626/871/2598 3646/891/2618 3644/889/2616 3700/947/2672 
f 3627/872/2599 3626/871/2598 3700/947/2672 3701/948/2673 
f 3702/949/2674 3648/893/2620 3594/831/2566 3671/912/2643 
f 3367/604/2413 3702/949/2674 3671/912/2643 3368/605/2414 
f 3676/923/2648 3605/850/2577 3648/893/2620 3702/949/2674 
f 3505/754/2505 3676/923/2648 3702/949/2674 3367/604/2413 
f 3703/950/2675 3650/895/2622 3598/835/2570 3673/914/2645 
f 3704/951/2676 3703/950/2675 3673/914/2645 3674/915/2646 
f 3636/881/2608 3652/897/2624 3650/895/2622 3703/950/2675 
f 3637/882/2609 3636/881/2608 3703/950/2675 3704/951/2676 
f 3668/909/2640 3705/1481/2677 3654/1477/2626 3586/823/2558 
f 3568/593/2544 3706/1482/2678 3705/1481/2677 3668/909/2640 
f 3669/910/2641 3707/1483/2679 3656/1479/2628 3590/827/2562 
f 3670/911/2642 3708/1484/2680 3707/1483/2679 3669/910/2641 
f 3682/929/2654 3615/860/2587 3659/839/2631 3709/916/2681 
f 3684/931/2656 3682/929/2654 3709/916/2681 3710/918/2682 
f 3686/933/2658 3619/864/2591 3661/843/2633 3711/920/2683 
f 3459/708/2480 3686/933/2658 3711/920/2683 3403/652/2434 
f 3712/955/2684 3357/582/2405 3431/680/2454 3713/956/2685 
f 3714/957/2686 3715/958/2687 3716/959/2688 3717/960/2689 
f 3718/961/2690 3569/594/2545 3509/758/2509 3719/962/2691 
f 3720/963/2692 3721/964/2693 3722/965/2694 3723/966/2695 
f 3724/967/2696 3369/606/2415 3533/782/2528 3725/968/2697 
f 3726/969/2698 3727/970/2699 3728/971/2700 3729/972/2701 
f 3730/979/2702 3731/980/2703 3732/981/2704 3733/982/2705 
f 3734/983/2706 3735/984/2707 3736/985/2708 3737/986/2709 
f 3738/987/2710 3739/988/2711 3740/989/2712 3741/990/2713 
f 3742/991/2714 3743/992/2715 3744/993/2716 3745/994/2717 
f 3746/995/2718 3747/996/2719 3748/997/2720 3749/998/2721 
f 3750/999/2722 3751/1000/2723 3752/1001/2724 3753/1002/2725 
f 3723/966/2695 3722/965/2694 3754/1003/2726 3755/1004/2727 
f 3755/1004/2727 3754/1003/2726 3731/980/2703 3730/979/2702 
f 3729/972/2701 3728/971/2700 3756/1005/2728 3757/1006/2729 
f 3757/1006/2729 3756/1005/2728 3735/984/2707 3734/983/2706 
f 3717/960/2689 3716/959/2688 3758/1007/2730 3759/1008/2731 
f 3759/1008/2731 3758/1007/2730 3739/988/2711 3738/987/2710 
f 3760/1009/2732 3761/1010/2733 3762/1011/2734 3763/1012/2735 
f 3763/1012/2735 3762/1011/2734 3743/992/2715 3742/991/2714 
f 3764/1013/2736 3765/1014/2737 3766/1015/2738 3767/1016/2739 
f 3767/1016/2739 3766/1015/2738 3747/996/2719 3746/995/2718 
f 3768/1017/2740 3769/1018/2741 3770/1019/2742 3771/1020/2743 
f 3771/1020/2743 3770/1019/2742 3751/1000/2723 3750/999/2722 
f 3772/1021/2744 3354/579/2402 3357/582/2405 3712/955/2684 
f 3773/1022/2745 3436/685/2459 3354/579/2402 3772/1021/2744 
f 3774/1023/2746 3775/1024/2747 3715/958/2687 3714/957/2686 
f 3733/982/2705 3732/981/2704 3775/1024/2747 3774/1023/2746 
f 3776/1025/2748 3366/603/2412 3369/606/2415 3724/967/2696 
f 3777/1026/2749 3504/753/2504 3366/603/2412 3776/1025/2748 
f 3778/1027/2750 3779/1028/2751 3727/970/2699 3726/969/2698 
f 3741/990/2713 3740/989/2712 3779/1028/2751 3778/1027/2750 
f 3718/961/2690 3780/1485/2752 3781/1486/2753 3569/594/2545 
f 3720/963/2692 3782/1487/2754 3783/1488/2755 3721/964/2693 
f 3784/1032/2756 3460/709/2481 3402/651/2433 3785/973/2757 
f 3737/986/2709 3736/985/2708 3786/976/2758 3787/975/2759 
f 3788/1033/2760 3712/955/2684 3713/956/2685 3753/1002/2725 
f 3789/1034/2761 3788/1033/2760 3753/1002/2725 3752/1001/2724 
f 3790/1035/2762 3714/957/2686 3717/960/2689 3791/1036/2763 
f 3792/1037/2764 3790/1035/2762 3791/1036/2763 3793/1038/2765 
f 3794/1039/2766 3718/961/2690 3719/962/2691 3745/994/2717 
f 3795/1040/2767 3794/1039/2766 3745/994/2717 3744/993/2716 
f 3796/1041/2768 3720/963/2692 3723/966/2695 3797/1042/2769 
f 3798/1043/2770 3796/1041/2768 3797/1042/2769 3799/1044/2771 
f 3800/1045/2772 3724/967/2696 3725/968/2697 3749/998/2721 
f 3801/1046/2773 3800/1045/2772 3749/998/2721 3748/997/2720 
f 3802/1047/2774 3726/969/2698 3729/972/2701 3803/1048/2775 
f 3804/1049/2776 3802/1047/2774 3803/1048/2775 3805/1050/2777 
f 3806/1059/2778 3730/979/2702 3733/982/2705 3807/1060/2779 
f 3808/1061/2780 3806/1059/2778 3807/1060/2779 3809/1062/2781 
f 3810/1063/2782 3734/983/2706 3737/986/2709 3811/1064/2783 
f 3812/1065/2784 3810/1063/2782 3811/1064/2783 3813/1066/2785 
f 3814/1067/2786 3738/987/2710 3741/990/2713 3815/1068/2787 
f 3816/1069/2788 3814/1067/2786 3815/1068/2787 3817/1070/2789 
f 3818/1071/2790 3742/991/2714 3745/994/2717 3719/962/2691 
f 3507/756/2507 3818/1071/2790 3719/962/2691 3509/758/2509 
f 3819/1072/2791 3746/995/2718 3749/998/2721 3725/968/2697 
f 3531/780/2526 3819/1072/2791 3725/968/2697 3533/782/2528 
f 3820/1073/2792 3750/999/2722 3753/1002/2725 3713/956/2685 
f 3430/679/2453 3820/1073/2792 3713/956/2685 3431/680/2454 
f 3797/1042/2769 3723/966/2695 3755/1004/2727 3821/1074/2793 
f 3799/1044/2771 3797/1042/2769 3821/1074/2793 3822/1075/2794 
f 3821/1074/2793 3755/1004/2727 3730/979/2702 3806/1059/2778 
f 3822/1075/2794 3821/1074/2793 3806/1059/2778 3808/1061/2780 
f 3803/1048/2775 3729/972/2701 3757/1006/2729 3823/1076/2795 
f 3805/1050/2777 3803/1048/2775 3823/1076/2795 3824/1077/2796 
f 3823/1076/2795 3757/1006/2729 3734/983/2706 3810/1063/2782 
f 3824/1077/2796 3823/1076/2795 3810/1063/2782 3812/1065/2784 
f 3791/1036/2763 3717/960/2689 3759/1008/2731 3825/1078/2797 
f 3793/1038/2765 3791/1036/2763 3825/1078/2797 3826/1079/2798 
f 3825/1078/2797 3759/1008/2731 3738/987/2710 3814/1067/2786 
f 3826/1079/2798 3825/1078/2797 3814/1067/2786 3816/1069/2788 
f 3773/1022/2745 3760/1009/2732 3763/1012/2735 3827/1080/2799 
f 3436/685/2459 3773/1022/2745 3827/1080/2799 3437/686/2460 
f 3827/1080/2799 3763/1012/2735 3742/991/2714 3818/1071/2790 
f 3437/686/2460 3827/1080/2799 3818/1071/2790 3507/756/2507 
f 3784/1032/2756 3764/1013/2736 3767/1016/2739 3828/1081/2800 
f 3460/709/2481 3784/1032/2756 3828/1081/2800 3461/710/2482 
f 3828/1081/2800 3767/1016/2739 3746/995/2718 3819/1072/2791 
f 3461/710/2482 3828/1081/2800 3819/1072/2791 3531/780/2526 
f 3777/1026/2749 3768/1017/2740 3771/1020/2743 3829/1082/2801 
f 3504/753/2504 3777/1026/2749 3829/1082/2801 3502/751/2502 
f 3829/1082/2801 3771/1020/2743 3750/999/2722 3820/1073/2792 
f 3502/751/2502 3829/1082/2801 3820/1073/2792 3430/679/2453 
f 3830/1083/2802 3772/1021/2744 3712/955/2684 3788/1033/2760 
f 3831/1084/2803 3830/1083/2802 3788/1033/2760 3789/1034/2761 
f 3760/1009/2732 3773/1022/2745 3772/1021/2744 3830/1083/2802 
f 3761/1010/2733 3760/1009/2732 3830/1083/2802 3831/1084/2803 
f 3832/1085/2804 3774/1023/2746 3714/957/2686 3790/1035/2762 
f 3833/1086/2805 3832/1085/2804 3790/1035/2762 3792/1037/2764 
f 3807/1060/2779 3733/982/2705 3774/1023/2746 3832/1085/2804 
f 3809/1062/2781 3807/1060/2779 3832/1085/2804 3833/1086/2805 
f 3834/1087/2806 3776/1025/2748 3724/967/2696 3800/1045/2772 
f 3835/1088/2807 3834/1087/2806 3800/1045/2772 3801/1046/2773 
f 3768/1017/2740 3777/1026/2749 3776/1025/2748 3834/1087/2806 
f 3769/1018/2741 3768/1017/2740 3834/1087/2806 3835/1088/2807 
f 3836/1089/2808 3778/1027/2750 3726/969/2698 3802/1047/2774 
f 3837/1090/2809 3836/1089/2808 3802/1047/2774 3804/1049/2776 
f 3815/1068/2787 3741/990/2713 3778/1027/2750 3836/1089/2808 
f 3817/1070/2789 3815/1068/2787 3836/1089/2808 3837/1090/2809 
f 3794/1039/2766 3838/1489/2810 3780/1485/2752 3718/961/2690 
f 3795/1040/2767 3839/1490/2811 3838/1489/2810 3794/1039/2766 
f 3796/1041/2768 3840/1491/2812 3782/1487/2754 3720/963/2692 
f 3798/1043/2770 3841/1492/2813 3840/1491/2812 3796/1041/2768 
f 3764/1013/2736 3784/1032/2756 3785/973/2757 3842/1051/2814 
f 3765/1014/2737 3764/1013/2736 3842/1051/2814 3843/1053/2815 
f 3811/1064/2783 3737/986/2709 3787/975/2759 3844/1055/2816 
f 3813/1066/2785 3811/1064/2783 3844/1055/2816 3845/1057/2817 
f 3833/1086/2805 3792/1037/2764 3375/612/2418 3374/611/2418 
f 3701/948/2673 3666/907/2638 3377/614/2419 3376/613/2418 
f 3710/918/2682 3846/1493/2818 3847/1494/2438 3572/617/2489 
f 3837/1090/2809 3804/1049/2776 3379/620/2419 3378/619/2418 
f 3704/951/2676 3674/915/2646 3381/622/2418 3380/621/2418 
f 3845/1057/2817 3848/1495/2819 3411/1471/2438 3410/659/2419 
f 3471/720/2418 3628/873/2600 3627/872/2599 3472/721/2489 
f 3473/722/2418 3793/1038/2765 3826/1079/2798 3470/719/2419 
f 3808/1061/2780 3809/1062/2781 3475/724/2489 3474/723/2418 
f 3667/908/2639 3695/942/2667 3477/726/2419 3476/725/2419 
f 3812/1065/2784 3813/1066/2785 3479/728/2418 3478/727/2418 
f 3622/867/2594 3621/866/2593 3481/730/2438 3480/729/2418 
f 3607/852/2579 3628/873/2600 3471/720/2418 3542/791/2418 
f 3826/1079/2798 3816/1069/2788 3543/792/2418 3470/719/2419 
f 3608/853/2580 3607/852/2579 3542/791/2418 3544/793/2418 
f 3816/1069/2788 3817/1070/2789 3545/794/2419 3543/792/2418 
f 3822/1075/2794 3808/1061/2780 3474/723/2418 3546/795/2438 
f 3695/942/2667 3683/930/2655 3547/796/2419 3477/726/2419 
f 3549/798/2489 3799/1044/2771 3822/1075/2794 3546/795/2438 
f 3547/796/2419 3683/930/2655 3684/931/2656 3548/797/2418 
f 3824/1077/2796 3812/1065/2784 3478/727/2418 3550/799/2418 
f 3621/866/2593 3638/883/2610 3551/800/2438 3481/730/2438 
f 3553/802/2419 3805/1050/2777 3824/1077/2796 3550/799/2418 
f 3551/800/2438 3638/883/2610 3637/882/2609 3552/801/2438 
f 3809/1062/2781 3833/1086/2805 3374/611/2418 3475/724/2489 
f 3666/907/2638 3667/908/2639 3476/725/2419 3377/614/2419 
f 3472/721/2489 3627/872/2599 3701/948/2673 3376/613/2418 
f 3375/612/2418 3792/1037/2764 3793/1038/2765 3473/722/2418 
f 3817/1070/2789 3837/1090/2809 3378/619/2418 3545/794/2419 
f 3674/915/2646 3608/853/2580 3544/793/2418 3381/622/2418 
f 3552/801/2438 3637/882/2609 3704/951/2676 3380/621/2418 
f 3379/620/2419 3804/1049/2776 3805/1050/2777 3553/802/2419 
f 3548/797/2418 3684/931/2656 3710/918/2682 3572/617/2489 
f 3573/616/2419 3798/1043/2770 3799/1044/2771 3549/798/2489 
f 3813/1066/2785 3845/1057/2817 3410/659/2419 3479/728/2418 
f 3670/911/2642 3622/867/2594 3480/729/2418 3413/662/2418 
f 3849/1095/2820 3850/1096/2821 3851/1097/2822 3852/1098/2823 
f 3853/1099/2824 3854/1100/2825 3855/1101/2826 3856/1102/2827 
f 3857/1103/2828 3858/1104/2829 3859/1105/2830 3860/1106/2831 
f 3861/1107/2832 3862/1108/2833 3863/1109/2834 3864/1110/2835 
f 3865/1111/2836 3866/1112/2837 3867/1113/2838 3868/1114/2839 
f 3869/1115/2840 3870/1116/2841 3871/1117/2842 3872/1118/2843 
f 3873/1127/2844 3874/1128/2845 3875/1129/2846 3876/1130/2847 
f 3877/1131/2848 3878/1132/2849 3879/1133/2850 3880/1134/2851 
f 3881/1135/2852 3882/1136/2853 3883/1137/2854 3884/1138/2855 
f 3885/1139/2856 3886/1140/2857 3887/1141/2858 3888/1142/2859 
f 3889/1143/2860 3890/1144/2861 3891/1145/2862 3892/1146/2863 
f 3893/1147/2864 3894/1148/2865 3895/1149/2866 3896/1150/2867 
f 3852/1098/2823 3851/1097/2822 3897/1151/2868 3898/1152/2869 
f 3898/1152/2869 3897/1151/2868 3874/1128/2845 3873/1127/2844 
f 3856/1102/2827 3855/1101/2826 3899/1153/2870 3900/1154/2871 
f 3900/1154/2871 3899/1153/2870 3878/1132/2849 3877/1131/2848 
f 3860/1106/2831 3859/1105/2830 3901/1155/2872 3902/1156/2873 
f 3902/1156/2873 3901/1155/2872 3882/1136/2853 3881/1135/2852 
f 3864/1110/2835 3863/1109/2834 3903/1157/2874 3904/1158/2875 
f 3904/1158/2875 3903/1157/2874 3886/1140/2857 3885/1139/2856 
f 3868/1114/2839 3867/1113/2838 3905/1159/2876 3906/1160/2877 
f 3906/1160/2877 3905/1159/2876 3890/1144/2861 3889/1143/2860 
f 3872/1118/2843 3871/1117/2842 3907/1161/2878 3908/1162/2879 
f 3908/1162/2879 3907/1161/2878 3894/1148/2865 3893/1147/2864 
f 3909/1163/2880 3910/1164/2881 3850/1096/2821 3849/1095/2820 
f 3880/1134/2851 3879/1133/2850 3910/1164/2881 3909/1163/2880 
f 3911/1165/2882 3912/1166/2883 3854/1100/2825 3853/1099/2824 
f 3884/1138/2855 3883/1137/2854 3912/1166/2883 3911/1165/2882 
f 3913/1167/2884 3914/1168/2885 3862/1108/2833 3861/1107/2832 
f 3892/1146/2863 3891/1145/2862 3914/1168/2885 3913/1167/2884 
f 3915/1169/2886 3916/1170/2887 3870/1116/2841 3869/1115/2840 
f 3888/1142/2859 3887/1141/2858 3916/1170/2887 3915/1169/2886 
f 3857/1103/2828 3917/1496/2888 3918/1497/2889 3858/1104/2829 
f 3865/1111/2836 3919/1498/2890 3920/1499/2891 3866/1112/2837 
f 3876/1130/2847 3875/1129/2846 3921/1120/2892 3922/1119/2893 
f 3896/1150/2867 3895/1149/2866 3923/1124/2894 3924/1123/2895 
f 3925/1175/2896 3849/1095/2820 3852/1098/2823 3926/1176/2897 
f 3927/1177/2898 3925/1175/2896 3926/1176/2897 3928/1178/2899 
f 3929/1179/2900 3853/1099/2824 3856/1102/2827 3930/1180/2901 
f 3931/1181/2902 3929/1179/2900 3930/1180/2901 3932/1182/2903 
f 3933/1183/2904 3857/1103/2828 3860/1106/2831 3934/1184/2905 
f 3935/1185/2906 3933/1183/2904 3934/1184/2905 3936/1186/2907 
f 3937/1187/2908 3861/1107/2832 3864/1110/2835 3938/1188/2909 
f 3939/1189/2910 3937/1187/2908 3938/1188/2909 3940/1190/2911 
f 3941/1191/2912 3865/1111/2836 3868/1114/2839 3942/1192/2913 
f 3943/1193/2914 3941/1191/2912 3942/1192/2913 3944/1194/2915 
f 3945/1195/2916 3869/1115/2840 3872/1118/2843 3946/1196/2917 
f 3947/1197/2918 3945/1195/2916 3946/1196/2917 3948/1198/2919 
f 3949/1207/2920 3873/1127/2844 3876/1130/2847 3950/1208/2921 
f 3951/1209/2922 3949/1207/2920 3950/1208/2921 3952/1210/2923 
f 3953/1211/2924 3877/1131/2848 3880/1134/2851 3954/1212/2925 
f 3955/1213/2926 3953/1211/2924 3954/1212/2925 3956/1214/2927 
f 3957/1215/2928 3881/1135/2852 3884/1138/2855 3958/1216/2929 
f 3959/1217/2930 3957/1215/2928 3958/1216/2929 3960/1218/2931 
f 3961/1219/2932 3885/1139/2856 3888/1142/2859 3962/1220/2933 
f 3963/1221/2934 3961/1219/2932 3962/1220/2933 3964/1222/2935 
f 3965/1223/2936 3889/1143/2860 3892/1146/2863 3966/1224/2937 
f 3967/1225/2938 3965/1223/2936 3966/1224/2937 3968/1226/2939 
f 3969/1227/2940 3893/1147/2864 3896/1150/2867 3970/1228/2941 
f 3971/1229/2942 3969/1227/2940 3970/1228/2941 3972/1230/2943 
f 3926/1176/2897 3852/1098/2823 3898/1152/2869 3973/1231/2944 
f 3928/1178/2899 3926/1176/2897 3973/1231/2944 3974/1232/2945 
f 3973/1231/2944 3898/1152/2869 3873/1127/2844 3949/1207/2920 
f 3974/1232/2945 3973/1231/2944 3949/1207/2920 3951/1209/2922 
f 3930/1180/2901 3856/1102/2827 3900/1154/2871 3975/1233/2946 
f 3932/1182/2903 3930/1180/2901 3975/1233/2946 3976/1234/2947 
f 3975/1233/2946 3900/1154/2871 3877/1131/2848 3953/1211/2924 
f 3976/1234/2947 3975/1233/2946 3953/1211/2924 3955/1213/2926 
f 3934/1184/2905 3860/1106/2831 3902/1156/2873 3977/1235/2948 
f 3936/1186/2907 3934/1184/2905 3977/1235/2948 3978/1236/2949 
f 3977/1235/2948 3902/1156/2873 3881/1135/2852 3957/1215/2928 
f 3978/1236/2949 3977/1235/2948 3957/1215/2928 3959/1217/2930 
f 3938/1188/2909 3864/1110/2835 3904/1158/2875 3979/1237/2950 
f 3940/1190/2911 3938/1188/2909 3979/1237/2950 3980/1238/2951 
f 3979/1237/2950 3904/1158/2875 3885/1139/2856 3961/1219/2932 
f 3980/1238/2951 3979/1237/2950 3961/1219/2932 3963/1221/2934 
f 3942/1192/2913 3868/1114/2839 3906/1160/2877 3981/1239/2952 
f 3944/1194/2915 3942/1192/2913 3981/1239/2952 3982/1240/2953 
f 3981/1239/2952 3906/1160/2877 3889/1143/2860 3965/1223/2936 
f 3982/1240/2953 3981/1239/2952 3965/1223/2936 3967/1225/2938 
f 3946/1196/2917 3872/1118/2843 3908/1162/2879 3983/1241/2954 
f 3948/1198/2919 3946/1196/2917 3983/1241/2954 3984/1242/2955 
f 3983/1241/2954 3908/1162/2879 3893/1147/2864 3969/1227/2940 
f 3984/1242/2955 3983/1241/2954 3969/1227/2940 3971/1229/2942 
f 3985/1243/2956 3909/1163/2880 3849/1095/2820 3925/1175/2896 
f 3986/1244/2957 3985/1243/2956 3925/1175/2896 3927/1177/2898 
f 3954/1212/2925 3880/1134/2851 3909/1163/2880 3985/1243/2956 
f 3956/1214/2927 3954/1212/2925 3985/1243/2956 3986/1244/2957 
f 3987/1245/2958 3911/1165/2882 3853/1099/2824 3929/1179/2900 
f 3988/1246/2959 3987/1245/2958 3929/1179/2900 3931/1181/2902 
f 3958/1216/2929 3884/1138/2855 3911/1165/2882 3987/1245/2958 
f 3960/1218/2931 3958/1216/2929 3987/1245/2958 3988/1246/2959 
f 3989/1247/2960 3913/1167/2884 3861/1107/2832 3937/1187/2908 
f 3990/1248/2961 3989/1247/2960 3937/1187/2908 3939/1189/2910 
f 3966/1224/2937 3892/1146/2863 3913/1167/2884 3989/1247/2960 
f 3968/1226/2939 3966/1224/2937 3989/1247/2960 3990/1248/2961 
f 3991/1249/2962 3915/1169/2886 3869/1115/2840 3945/1195/2916 
f 3992/1250/2963 3991/1249/2962 3945/1195/2916 3947/1197/2918 
f 3962/1220/2933 3888/1142/2859 3915/1169/2886 3991/1249/2962 
f 3964/1222/2935 3962/1220/2933 3991/1249/2962 3992/1250/2963 
f 3933/1183/2904 3993/1500/2964 3917/1496/2888 3857/1103/2828 
f 3935/1185/2906 3994/1501/2965 3993/1500/2964 3933/1183/2904 
f 3941/1191/2912 3995/1502/2966 3919/1498/2890 3865/1111/2836 
f 3943/1193/2914 3996/1503/2967 3995/1502/2966 3941/1191/2912 
f 3950/1208/2921 3876/1130/2847 3922/1119/2893 3997/1199/2968 
f 3952/1210/2923 3950/1208/2921 3997/1199/2968 3998/1201/2969 
f 3970/1228/2941 3896/1150/2867 3924/1123/2895 3999/1203/2970 
f 3972/1230/2943 3970/1228/2941 3999/1203/2970 4000/1205/2971 
f 3862/1108/2833 3914/1168/2885 3383/624/2420 3382/623/2420 
f 3850/1096/2821 3910/1164/2881 3385/626/2420 3384/625/2420 
f 3858/1104/2829 3918/1497/2889 4001/1504/2548 3574/629/2547 
f 3870/1116/2841 3916/1170/2887 3387/632/2422 3386/631/2421 
f 3854/1100/2825 3912/1166/2883 3389/634/2421 3388/633/2422 
f 3866/1112/2837 3920/1499/2891 3415/1473/2440 3414/663/2440 
f 3897/1151/2868 3851/1097/2822 3483/732/2491 3482/731/2490 
f 3891/1145/2862 3890/1144/2861 3485/734/2490 3484/733/2491 
f 3903/1157/2874 3863/1109/2834 3487/736/2493 3486/735/2492 
f 3879/1133/2850 3878/1132/2849 3489/738/2492 3488/737/2493 
f 3901/1155/2872 3859/1105/2830 3491/740/2495 3490/739/2494 
f 3895/1149/2866 3894/1148/2865 3493/742/2494 3492/741/2495 
f 3874/1128/2845 3897/1151/2868 3482/731/2490 3554/803/2535 
f 3890/1144/2861 3905/1159/2876 3555/804/2536 3485/734/2490 
f 3875/1129/2846 3874/1128/2845 3554/803/2535 3556/805/2537 
f 3905/1159/2876 3867/1113/2838 3557/806/2537 3555/804/2536 
f 3886/1140/2857 3903/1157/2874 3486/735/2492 3558/807/2538 
f 3878/1132/2849 3899/1153/2870 3559/808/2538 3489/738/2492 
f 3887/1141/2858 3886/1140/2857 3558/807/2538 3560/809/2539 
f 3899/1153/2870 3855/1101/2826 3561/810/2539 3559/808/2538 
f 3882/1136/2853 3901/1155/2872 3490/739/2494 3562/811/2540 
f 3894/1148/2865 3907/1161/2878 3563/812/2540 3493/742/2494 
f 3883/1137/2854 3882/1136/2853 3562/811/2540 3564/813/2541 
f 3907/1161/2878 3871/1117/2842 3565/814/2541 3563/812/2540 
f 3863/1109/2834 3862/1108/2833 3382/623/2420 3487/736/2493 
f 3910/1164/2881 3879/1133/2850 3488/737/2493 3385/626/2420 
f 3851/1097/2822 3850/1096/2821 3384/625/2420 3483/732/2491 
f 3914/1168/2885 3891/1145/2862 3484/733/2491 3383/624/2420 
f 3871/1117/2842 3870/1116/2841 3386/631/2421 3565/814/2541 
f 3912/1166/2883 3883/1137/2854 3564/813/2541 3389/634/2421 
f 3855/1101/2826 3854/1100/2825 3388/633/2422 3561/810/2539 
f 3916/1170/2887 3887/1141/2858 3560/809/2539 3387/632/2422 
f 3859/1105/2830 3858/1104/2829 3574/629/2547 3491/740/2495 
f 3923/1124/2894 3895/1149/2866 3492/741/2495 3575/628/2548 
f 3867/1113/2838 3866/1112/2837 3414/663/2440 3557/806/2537 
f 3921/1120/2892 3875/1129/2846 3556/805/2537 3417/666/2441 
f 3990/1248/2961 3939/1189/2910 3351/576/2399 3350/575/2398 
f 3579/816/2551 3641/886/2613 3353/578/2401 3352/577/2400 
f 3587/824/2559 3655/1478/2627 4002/1505/2543 3566/589/2542 
f 3992/1250/2963 3947/1197/2918 3363/600/2409 3362/599/2408 
f 3595/832/2567 3649/894/2621 3365/602/2411 3364/601/2410 
f 3986/1244/2957 3927/1177/2898 3391/636/2424 3390/635/2423 
f 3583/820/2555 3645/890/2617 3393/638/2426 3392/637/2425 
f 3988/1246/2959 3931/1181/2902 3395/640/2428 3394/639/2427 
f 3599/836/2571 3651/896/2623 3397/642/2430 3396/641/2429 
f 3591/828/2563 3657/1480/2629 4003/1506/2549 3576/645/2549 
f 4000/1205/2971 4004/1507/2972 3400/1465/2431 3399/648/2432 
f 3998/1201/2969 4005/1508/2973 3420/1475/2444 3419/668/2443 
f 3624/869/2596 3580/817/2552 3423/672/2446 3422/671/2445 
f 3940/1190/2911 3980/1238/2951 3425/674/2448 3424/673/2447 
f 3427/676/2450 3967/1225/2938 3968/1226/2939 3428/677/2451 
f 3429/678/2452 3643/888/2615 3693/940/2665 3426/675/2449 
f 3447/696/2468 3955/1213/2926 3956/1214/2927 3448/697/2469 
f 3449/698/2470 3647/892/2619 3691/938/2663 3446/695/2467 
f 3632/877/2604 3584/821/2556 3451/700/2472 3450/699/2471 
f 3928/1178/2899 3974/1232/2945 3453/702/2474 3452/701/2473 
f 3455/704/2476 3971/1229/2942 3972/1230/2943 3456/705/2477 
f 3457/706/2478 3618/863/2590 3617/862/2589 3454/703/2475 
f 3688/935/2660 3592/829/2564 3467/716/2486 3466/715/2485 
f 3936/1186/2907 3978/1236/2949 3469/718/2488 3468/717/2487 
f 3494/743/2496 3603/848/2575 3624/869/2596 3422/671/2445 
f 3425/674/2448 3980/1238/2951 3963/1221/2934 3495/744/2497 
f 3497/746/2499 3604/849/2576 3603/848/2575 3494/743/2496 
f 3495/744/2497 3963/1221/2934 3964/1222/2935 3496/745/2498 
f 3982/1240/2953 3967/1225/2938 3427/676/2450 3498/747/2500 
f 3693/940/2665 3680/927/2652 3499/748/2500 3426/675/2449 
f 3944/1194/2915 3982/1240/2953 3498/747/2500 3500/749/2501 
f 3680/927/2652 3588/825/2560 3501/750/2501 3499/748/2500 
f 3976/1234/2947 3955/1213/2926 3447/696/2468 3518/767/2514 
f 3691/938/2663 3678/925/2650 3519/768/2515 3446/695/2467 
f 3932/1182/2903 3976/1234/2947 3518/767/2514 3520/769/2516 
f 3678/925/2650 3600/837/2572 3521/770/2517 3519/768/2515 
f 3613/858/2585 3632/877/2604 3450/699/2471 3522/771/2518 
f 3974/1232/2945 3951/1209/2922 3523/772/2519 3453/702/2474 
f 3525/774/2520 3614/859/2586 3613/858/2585 3522/771/2518 
f 3523/772/2519 3951/1209/2922 3952/1210/2923 3524/773/2520 
f 3984/1242/2955 3971/1229/2942 3455/704/2476 3526/775/2521 
f 3454/703/2475 3617/862/2589 3634/879/2606 3527/776/2522 
f 3948/1198/2919 3984/1242/2955 3526/775/2521 3528/777/2523 
f 3634/879/2606 3596/833/2568 3529/778/2524 3527/776/2522 
f 3698/945/2670 3688/935/2660 3466/715/2485 3538/787/2531 
f 3978/1236/2949 3959/1217/2930 3539/788/2532 3469/718/2488 
f 3541/790/2534 3653/898/2625 3698/945/2670 3538/787/2531 
f 3539/788/2532 3959/1217/2930 3960/1218/2931 3540/789/2533 
f 3428/677/2451 3968/1226/2939 3990/1248/2961 3350/575/2398 
f 3353/578/2401 3641/886/2613 3643/888/2615 3429/678/2452 
f 3580/817/2552 3579/816/2551 3352/577/2400 3423/672/2446 
f 3939/1189/2910 3940/1190/2911 3424/673/2447 3351/576/2399 
f 3496/745/2498 3964/1222/2935 3992/1250/2963 3362/599/2408 
f 3365/602/2411 3649/894/2621 3604/849/2576 3497/746/2499 
f 3596/833/2568 3595/832/2567 3364/601/2410 3529/778/2524 
f 3947/1197/2918 3948/1198/2919 3528/777/2523 3363/600/2409 
f 3448/697/2469 3956/1214/2927 3986/1244/2957 3390/635/2423 
f 3393/638/2426 3645/890/2617 3647/892/2619 3449/698/2470 
f 3584/821/2556 3583/820/2555 3392/637/2425 3451/700/2472 
f 3927/1177/2898 3928/1178/2899 3452/701/2473 3391/636/2424 
f 3540/789/2533 3960/1218/2931 3988/1246/2959 3394/639/2427 
f 3397/642/2430 3651/896/2623 3653/898/2625 3541/790/2534 
f 3600/837/2572 3599/836/2571 3396/641/2429 3521/770/2517 
f 3931/1181/2902 3932/1182/2903 3520/769/2516 3395/640/2428 
f 3588/825/2560 3587/824/2559 3566/589/2542 3501/750/2501 
f 3943/1193/2914 3944/1194/2915 3500/749/2501 3567/588/2543 
f 3592/829/2564 3591/828/2563 3576/645/2549 3467/716/2486 
f 3935/1185/2906 3936/1186/2907 3468/717/2487 3577/644/2549 
f 3456/705/2477 3972/1230/2943 4000/1205/2971 3399/648/2432 
f 3398/647/2431 3660/844/2632 3618/863/2590 3457/706/2478 
f 3524/773/2520 3952/1210/2923 3998/1201/2969 3419/668/2443 
f 3418/667/2442 3658/840/2630 3614/859/2586 3525/774/2520 
f 3831/1084/2803 3789/1034/2761 4006/1255/2407 4007/1256/2406 
f 3715/958/2687 3775/1024/2747 4008/1257/2407 4009/1258/2407 
f 3721/964/2693 3783/1488/2755 4010/1509/2974 4011/1262/2546 
f 3835/1088/2807 3801/1046/2773 4012/1263/2416 4013/1264/2417 
f 3727/970/2699 3779/1028/2751 4014/1265/2417 4015/1266/2416 
f 3843/1053/2815 4016/1510/2975 4017/1511/2976 4018/1268/2437 
f 3758/1007/2730 3716/959/2688 4019/1271/2977 4020/1272/2978 
f 3752/1001/2724 3751/1000/2723 4021/1273/2978 4022/1274/2977 
f 3762/1011/2734 3761/1010/2733 4023/1275/2465 4024/1276/2979 
f 3732/981/2704 3731/980/2703 4025/1277/2464 4026/1278/2465 
f 3766/1015/2738 3765/1014/2737 4027/1279/2484 4028/1280/2483 
f 3736/985/2708 3735/984/2707 4029/1281/2483 4030/1282/2484 
f 3739/988/2711 3758/1007/2730 4020/1272/2978 4031/1283/2510 
f 3751/1000/2723 3770/1019/2742 4032/1284/2510 4021/1273/2978 
f 3740/989/2712 3739/988/2711 4031/1283/2510 4033/1285/2511 
f 3770/1019/2742 3769/1018/2741 4034/1286/2511 4032/1284/2510 
f 3743/992/2715 3762/1011/2734 4024/1276/2979 4035/1287/2512 
f 3731/980/2703 3754/1003/2726 4036/1288/2512 4025/1277/2464 
f 3744/993/2716 3743/992/2715 4035/1287/2512 4037/1289/2513 
f 3754/1003/2726 3722/965/2694 4038/1290/2980 4036/1288/2512 
f 3747/996/2719 3766/1015/2738 4028/1280/2483 4039/1291/2529 
f 3735/984/2707 3756/1005/2728 4040/1292/2529 4029/1281/2483 
f 3748/997/2720 3747/996/2719 4039/1291/2529 4041/1293/2981 
f 3756/1005/2728 3728/971/2700 4042/1294/2981 4040/1292/2529 
f 3761/1010/2733 3831/1084/2803 4007/1256/2406 4023/1275/2465 
f 3775/1024/2747 3732/981/2704 4026/1278/2465 4008/1257/2407 
f 3716/959/2688 3715/958/2687 4009/1258/2407 4019/1271/2977 
f 3789/1034/2761 3752/1001/2724 4022/1274/2977 4006/1255/2407 
f 3769/1018/2741 3835/1088/2807 4013/1264/2417 4034/1286/2511 
f 3779/1028/2751 3740/989/2712 4033/1285/2511 4014/1265/2417 
f 3728/971/2700 3727/970/2699 4015/1266/2416 4042/1294/2981 
f 3801/1046/2773 3748/997/2720 4041/1293/2981 4012/1263/2416 
f 3722/965/2694 3721/964/2693 4011/1262/2546 4038/1290/2980 
f 3795/1040/2767 3744/993/2716 4037/1289/2513 4043/1259/2982 
f 3765/1014/2737 3843/1053/2815 4018/1268/2437 4027/1279/2484 
f 3786/976/2758 3736/985/2708 4030/1282/2484 4044/1269/2437 
s off
f 4043/1259/2438 4037/1289/2438 3516/1297/2438 3571/1295/2438 
f 4037/1289/2438 4035/1287/2438 3514/1298/2438 3516/1297/2438 
f 4035/1287/2489 4024/1276/2489 3442/1299/2489 3514/1298/2489 
f 4024/1276/2418 4023/1275/2418 3443/1300/2418 3442/1299/2418 
f 4023/1275/2419 4007/1256/2419 3358/1301/2419 3443/1300/2419 
f 4007/1256/2419 4006/1255/2419 3359/1302/2419 3358/1301/2419 
f 4006/1255/2419 4022/1274/2419 3440/1303/2419 3359/1302/2419 
f 4022/1274/2418 4021/1273/2418 3441/1304/2418 3440/1303/2418 
f 4021/1273/2419 4032/1284/2419 3511/1305/2419 3441/1304/2419 
f 4032/1284/2419 4034/1286/2419 3513/1306/2419 3511/1305/2419 
f 4034/1286/2419 4013/1264/2419 3370/1307/2419 3513/1306/2419 
f 4013/1264/2419 4012/1263/2419 3371/1308/2419 3370/1307/2419 
f 4012/1263/2438 4041/1293/2438 3536/1309/2438 3371/1308/2438 
f 4041/1293/2438 4039/1291/2438 3534/1310/2438 3536/1309/2438 
f 4039/1291/2419 4028/1280/2419 3462/1311/2419 3534/1310/2419 
f 4028/1280/2418 4027/1279/2418 3463/1312/2418 3462/1311/2418 
f 4027/1279/2438 4018/1268/2438 3406/1313/2438 3463/1312/2438 
f 4017/1511/2438 3407/1512/2438 3406/1313/2438 4018/1268/2438 
f 4044/1269/2983 4030/1282/2983 3464/1317/2983 3409/1315/2983 
f 4030/1282/2983 4029/1281/2983 3465/1318/2983 3464/1317/2983 
f 4029/1281/2984 4040/1292/2984 3535/1319/2984 3465/1318/2984 
f 4040/1292/2983 4042/1294/2983 3537/1320/2983 3535/1319/2983 
f 4042/1294/2983 4015/1266/2983 3372/1321/2983 3537/1320/2983 
f 4015/1266/2983 4014/1265/2983 3373/1322/2983 3372/1321/2983 
f 4014/1265/2984 4033/1285/2984 3512/1323/2984 3373/1322/2984 
f 4033/1285/2984 4031/1283/2984 3510/1324/2984 3512/1323/2984 
f 4031/1283/2984 4020/1272/2984 3438/1325/2984 3510/1324/2984 
f 4020/1272/2984 4019/1271/2984 3439/1326/2984 3438/1325/2984 
f 4019/1271/2984 4009/1258/2984 3360/1327/2984 3439/1326/2984 
f 4009/1258/2983 4008/1257/2983 3361/1328/2983 3360/1327/2983 
f 4008/1257/2985 4026/1278/2985 3444/1329/2985 3361/1328/2985 
f 4026/1278/2984 4025/1277/2984 3445/1330/2984 3444/1329/2984 
f 4025/1277/2983 4036/1288/2983 3515/1331/2983 3445/1330/2983 
f 4036/1288/2986 4038/1290/2986 3517/1332/2986 3515/1331/2986 
f 4038/1290/2985 4011/1262/2985 3570/1333/2985 3517/1332/2985 
f 4010/1509/2984 4045/1513/2984 3570/1333/2984 4011/1262/2984 
s 1
f 4046/1514/2543 3567/588/2543 3566/589/2542 4002/1505/2543 
f 3706/1482/2678 3568/593/2544 3569/594/2545 3781/1486/2753 
usemtl Studio_Endo_Orbis_m1_3
f 3571/596/2546 3570/597/2546 4045/1515/2546 4047/1516/2548 
usemtl Studio_Endo_Orbis_m2_1
f 3573/616/2419 3572/617/2489 3847/1494/2438 4048/1517/2419 
f 3575/628/2548 3574/629/2547 4001/1504/2548 4049/1518/2987 
f 4050/1519/2549 3577/644/2549 3576/645/2549 4003/1506/2549 
f 3659/839/2631 3658/840/2630 4051/1520/2988 4052/1521/2989 
f 3661/843/2633 3660/844/2632 4053/1522/2990 4054/1523/2991 
f 3709/916/2681 3659/839/2631 4052/1521/2989 4055/1524/2992 
f 3710/918/2682 3709/916/2681 4055/1524/2992 3846/1493/2818 
f 3711/920/2683 3661/843/2633 4054/1523/2991 4056/1525/2993 
f 3403/652/2434 3711/920/2683 4056/1525/2993 3404/1467/2435 
f 3785/973/2757 3402/651/2433 3405/1468/2436 4057/1526/2994 
f 3787/975/2759 3786/976/2758 4058/1527/2995 4059/1528/2996 
f 3842/1051/2814 3785/973/2757 4057/1526/2994 4060/1529/2997 
f 3843/1053/2815 3842/1051/2814 4060/1529/2997 4016/1510/2975 
f 3844/1055/2816 3787/975/2759 4059/1528/2996 4061/1530/2998 
f 3845/1057/2817 3844/1055/2816 4061/1530/2998 3848/1495/2819 
f 3798/1043/2770 3573/616/2419 4048/1517/2419 3841/1492/2813 
f 3670/911/2642 3413/662/2418 3412/1472/2439 3708/1484/2680 
f 3922/1119/2893 3921/1120/2892 4062/1531/2999 4063/1532/3000 
f 3924/1123/2895 3923/1124/2894 4064/1533/3001 4065/1534/3002 
f 3997/1199/2968 3922/1119/2893 4063/1532/3000 4066/1535/3003 
f 3998/1201/2969 3997/1199/2968 4066/1535/3003 4005/1508/2973 
f 3999/1203/2970 3924/1123/2895 4065/1534/3002 4067/1536/3004 
f 4000/1205/2971 3999/1203/2970 4067/1536/3004 4004/1507/2972 
f 3923/1124/2894 3575/628/2548 4049/1518/2987 4064/1533/3001 
f 3921/1120/2892 3417/666/2441 3416/1474/2440 4062/1531/2999 
f 3943/1193/2914 3567/588/2543 4046/1514/2543 3996/1503/2967 
f 3935/1185/2906 3577/644/2549 4050/1519/2549 3994/1501/2965 
f 3660/844/2632 3398/647/2431 3401/1466/2432 4053/1522/2990 
f 3658/840/2630 3418/667/2442 3421/1476/2444 4051/1520/2988 
f 3795/1040/2767 4043/1259/2982 4068/1537/2548 3839/1490/2811 
f 3786/976/2758 4044/1269/2437 4069/1538/3005 4058/1527/2995 
s off
f 4043/1259/3006 3571/1295/3006 4047/1539/3006 4068/1537/3006 
f 4044/1269/2986 3409/1315/2986 3408/1540/2986 4069/1538/2986 
s 1
f 4070/575/3007 4071/578/3008 4072/577/3009 4073/576/3010 
f 4074/579/3011 4075/582/3012 4076/581/3013 4077/580/3014 
usemtl Studio_Endo_Orbis_m1_3
f 4078/583/3015 4079/586/3015 4080/585/3015 4081/584/3015 
usemtl Studio_Endo_Orbis_m2_1
f 4082/599/3016 4083/602/3017 4084/601/3018 4085/600/3019 
f 4086/603/3020 4087/606/3021 4088/605/3022 4089/604/3023 
usemtl Studio_Endo_Orbis_m1_3
f 4090/607/3024 4091/610/3024 4092/609/3025 4093/608/3025 
usemtl Studio_Endo_Orbis_m2_1
f 4094/611/2419 4095/614/2418 4096/613/2419 4097/612/2419 
f 4098/619/2419 4099/622/2419 4100/621/2418 4101/620/2418 
f 4102/623/3026 4103/626/3026 4104/625/3026 4105/624/3026 
f 4106/631/3027 4107/634/3027 4108/633/3028 4109/632/3028 
f 4110/635/3029 4111/638/3030 4112/637/3031 4113/636/3032 
f 4114/639/3033 4115/642/3034 4116/641/3035 4117/640/3036 
f 4118/647/3037 3401/1466/2432 3400/1465/2431 4119/648/3038 
f 4120/651/3039 3405/1468/2436 3404/1467/2435 4121/652/3040 
usemtl Studio_Endo_Orbis_m1_3
f 4122/655/2441 4123/658/2441 3408/1470/2437 3407/1469/2437 
usemtl Studio_Endo_Orbis_m2_1
f 4124/659/2489 4125/662/2419 3412/1472/2439 3411/1471/2438 
f 4126/663/3005 4127/666/2437 3416/1474/2440 3415/1473/2440 
f 4128/667/2442 3421/1476/2444 3420/1475/2444 4129/668/2442 
f 4130/671/3041 4131/674/3042 4132/673/3043 4133/672/3044 
f 4134/675/3045 4135/678/3046 4136/677/3047 4137/676/3048 
f 4138/679/3049 4139/682/3050 4140/681/3051 4141/680/3052 
f 4142/683/3053 4143/686/3054 4144/685/3055 4145/684/3056 
usemtl Studio_Endo_Orbis_m1_3
f 4146/687/3057 4147/690/3057 4148/689/3058 4149/688/3059 
f 4150/691/3060 4151/694/3061 4152/693/3062 4153/692/3063 
usemtl Studio_Endo_Orbis_m2_1
f 4154/695/3064 4155/698/3065 4156/697/3066 4157/696/3067 
f 4158/699/3068 4159/702/3069 4160/701/3070 4161/700/3071 
f 4162/703/3072 4163/706/3073 4164/705/3074 4165/704/3075 
f 4166/707/3076 4167/710/3077 4168/709/3078 4169/708/3079 
usemtl Studio_Endo_Orbis_m1_3
f 4170/711/3080 4171/714/3080 4172/713/3081 4173/712/3081 
usemtl Studio_Endo_Orbis_m2_1
f 4174/715/3082 4175/718/3083 4176/717/3084 4177/716/3085 
f 4178/719/2419 4179/722/2419 4180/721/2419 4181/720/2418 
f 4182/723/2419 4183/726/2418 4184/725/2418 4185/724/2419 
f 4186/727/2419 4187/730/2489 4188/729/2438 4189/728/2419 
f 4190/731/3086 4191/734/3087 4192/733/3088 4193/732/3088 
f 4194/735/3089 4195/738/3089 4196/737/3090 4197/736/3090 
f 4198/739/3091 4199/742/3091 4200/741/3092 4201/740/3092 
f 4202/743/3093 4203/744/3094 4131/674/3042 4130/671/3041 
f 4204/745/3095 4203/744/3094 4202/743/3093 4205/746/3096 
f 4206/747/3097 4207/748/3098 4134/675/3045 4137/676/3048 
f 4208/749/3099 4209/750/3099 4207/748/3098 4206/747/3097 
f 4210/751/3100 4211/752/3101 4139/682/3050 4138/679/3049 
f 4212/753/3102 4213/754/3103 4211/752/3101 4210/751/3100 
f 4214/755/3104 4215/756/3105 4143/686/3054 4142/683/3053 
f 4216/757/3106 4217/758/3107 4215/756/3105 4214/755/3104 
usemtl Studio_Endo_Orbis_m1_3
f 4218/759/3108 4219/760/3108 4147/690/3057 4146/687/3057 
f 4220/761/3109 4221/762/3110 4219/760/3108 4218/759/3108 
f 4222/763/3111 4223/764/3111 4151/694/3061 4150/691/3060 
f 4224/765/3112 4225/766/3112 4223/764/3111 4222/763/3111 
usemtl Studio_Endo_Orbis_m2_1
f 4226/767/3113 4227/768/3114 4154/695/3064 4157/696/3067 
f 4228/769/3115 4229/770/3116 4227/768/3114 4226/767/3113 
f 4230/771/3117 4231/772/3118 4159/702/3069 4158/699/3068 
f 4232/773/3119 4231/772/3118 4230/771/3117 4233/774/3119 
f 4234/775/3120 4235/776/3121 4162/703/3072 4165/704/3075 
f 4236/777/3122 4237/778/3123 4235/776/3121 4234/775/3120 
f 4238/779/3124 4239/780/3125 4167/710/3077 4166/707/3076 
f 4240/781/3126 4241/782/3127 4239/780/3125 4238/779/3124 
usemtl Studio_Endo_Orbis_m1_3
f 4242/783/3128 4243/784/3129 4171/714/3080 4170/711/3080 
f 4244/785/3130 4245/786/3130 4243/784/3129 4242/783/3128 
usemtl Studio_Endo_Orbis_m2_1
f 4246/787/3131 4247/788/3132 4175/718/3083 4174/715/3082 
f 4248/789/3133 4247/788/3132 4246/787/3131 4249/790/3134 
f 4250/791/2419 4251/792/2419 4178/719/2419 4181/720/2418 
f 4252/793/2419 4253/794/2419 4251/792/2419 4250/791/2419 
f 4254/795/2438 4255/796/2419 4183/726/2418 4182/723/2419 
f 4256/797/2419 4255/796/2419 4254/795/2438 4257/798/2418 
f 4258/799/2419 4259/800/2489 4187/730/2489 4186/727/2419 
f 4260/801/2418 4259/800/2489 4258/799/2419 4261/802/2418 
f 4262/803/3135 4263/804/3135 4191/734/3087 4190/731/3086 
f 4264/805/3136 4265/806/3136 4263/804/3135 4262/803/3135 
f 4266/807/3137 4267/808/3137 4195/738/3089 4194/735/3089 
f 4268/809/3138 4269/810/3138 4267/808/3137 4266/807/3137 
f 4270/811/3139 4271/812/3140 4199/742/3091 4198/739/3091 
f 4272/813/3141 4273/814/3141 4271/812/3140 4270/811/3139 
f 4135/678/3046 4071/578/3008 4070/575/3007 4136/677/3047 
f 4133/672/3044 4132/673/3043 4073/576/3010 4072/577/3009 
f 4144/685/3055 4074/579/3011 4077/580/3014 4145/684/3056 
f 4076/581/3013 4075/582/3012 4141/680/3052 4140/681/3051 
usemtl Studio_Endo_Orbis_m1_3
f 4153/692/3063 4152/693/3062 4079/586/3015 4078/583/3015 
f 4149/688/3059 4148/689/3058 4081/584/3015 4080/585/3015 
usemtl Studio_Endo_Orbis_m2_1
f 4205/746/3096 4083/602/3017 4082/599/3016 4204/745/3095 
f 4237/778/3123 4236/777/3122 4085/600/3019 4084/601/3018 
f 4212/753/3102 4086/603/3020 4089/604/3023 4213/754/3103 
f 4088/605/3022 4087/606/3021 4241/782/3127 4240/781/3126 
usemtl Studio_Endo_Orbis_m1_3
f 4221/762/3110 4220/761/3109 4091/610/3024 4090/607/3024 
f 4245/786/3130 4244/785/3130 4093/608/3025 4092/609/3025 
usemtl Studio_Endo_Orbis_m2_1
f 4185/724/2419 4184/725/2418 4095/614/2418 4094/611/2419 
f 4179/722/2419 4097/612/2419 4096/613/2419 4180/721/2419 
f 4253/794/2419 4252/793/2419 4099/622/2419 4098/619/2419 
f 4261/802/2418 4101/620/2418 4100/621/2418 4260/801/2418 
f 4197/736/3090 4196/737/3090 4103/626/3026 4102/623/3026 
f 4193/732/3088 4192/733/3088 4105/624/3026 4104/625/3026 
f 4273/814/3141 4272/813/3141 4107/634/3027 4106/631/3027 
f 4269/810/3138 4268/809/3138 4109/632/3028 4108/633/3028 
f 4155/698/3065 4111/638/3030 4110/635/3029 4156/697/3066 
f 4161/700/3071 4160/701/3070 4113/636/3032 4112/637/3031 
f 4249/790/3134 4115/642/3034 4114/639/3033 4248/789/3133 
f 4229/770/3116 4228/769/3115 4117/640/3036 4116/641/3035 
f 4209/750/3099 4208/749/3099 4274/588/2542 4275/589/2542 
f 4276/593/3142 4277/594/3143 4217/758/3107 4216/757/3106 
usemtl Studio_Endo_Orbis_m1_3
f 4225/766/3112 4224/765/3112 4278/596/2548 4279/597/2548 
usemtl Studio_Endo_Orbis_m2_1
f 4257/798/2418 4280/616/2418 4281/617/2438 4256/797/2419 
f 4201/740/3092 4200/741/3092 4282/628/2546 4283/629/2982 
f 4177/716/3085 4176/717/3084 4284/644/3144 4285/645/2549 
f 4163/706/3073 4118/647/3037 4119/648/3038 4164/705/3074 
f 4168/709/3078 4120/651/3039 4121/652/3040 4169/708/3079 
usemtl Studio_Endo_Orbis_m1_3
f 4173/712/3081 4172/713/3081 4123/658/2441 4122/655/2441 
usemtl Studio_Endo_Orbis_m2_1
f 4189/728/2419 4188/729/2438 4125/662/2419 4124/659/2489 
f 4265/806/3136 4264/805/3136 4127/666/2437 4126/663/3005 
f 4233/774/3119 4128/667/2442 4129/668/2442 4232/773/3119 
f 4286/815/3145 4287/818/3146 4288/817/3147 4289/816/3148 
f 4290/819/3149 4291/822/3150 4292/821/3151 4293/820/3152 
f 4294/823/3153 4295/826/3154 4296/825/3155 4297/824/3156 
f 4298/827/3157 4299/830/3158 4300/829/3159 4301/828/3160 
f 4302/831/3161 4303/834/3162 4304/833/3163 4305/832/3164 
f 4306/835/3165 4307/838/3166 4308/837/3167 4309/836/3168 
f 4310/847/3169 4311/850/3170 4312/849/3171 4313/848/3172 
f 4314/851/3173 4315/854/3174 4316/853/3175 4317/852/3176 
f 4318/855/3177 4319/856/3178 4216/757/3106 4214/755/3104 
f 4320/857/3179 4321/860/3180 4322/859/3181 4323/858/3182 
f 4324/861/3183 4325/864/3184 4326/863/3185 4327/862/3186 
f 4328/865/3187 4329/868/3188 4330/867/3189 4331/866/3190 
f 4287/818/3146 4332/870/3191 4333/869/3192 4288/817/3147 
f 4332/870/3191 4310/847/3169 4313/848/3172 4333/869/3192 
f 4334/871/3193 4335/874/3194 4336/873/3195 4337/872/3196 
f 4335/874/3194 4314/851/3173 4317/852/3176 4336/873/3195 
f 4338/875/3197 4339/876/3198 4142/683/3053 4145/684/3056 
f 4339/876/3198 4318/855/3177 4214/755/3104 4142/683/3053 
f 4291/822/3150 4340/878/3199 4341/877/3200 4292/821/3151 
f 4340/878/3199 4320/857/3179 4323/858/3182 4341/877/3200 
f 4303/834/3162 4342/880/3201 4343/879/3202 4304/833/3163 
f 4342/880/3201 4324/861/3183 4327/862/3186 4343/879/3202 
f 4344/881/3203 4345/884/3204 4346/883/3205 4347/882/3206 
f 4345/884/3204 4328/865/3187 4331/866/3190 4346/883/3205 
f 4348/885/3207 4286/815/3145 4289/816/3148 4349/886/3208 
f 4350/887/3209 4348/885/3207 4349/886/3208 4351/888/3210 
f 4352/889/3211 4290/819/3149 4293/820/3152 4353/890/3212 
f 4354/891/3213 4352/889/3211 4353/890/3212 4355/892/3214 
f 4356/893/3215 4302/831/3161 4305/832/3164 4357/894/3216 
f 4311/850/3170 4356/893/3215 4357/894/3216 4312/849/3171 
f 4358/895/3217 4306/835/3165 4309/836/3168 4359/896/3218 
f 4360/897/3219 4358/895/3217 4359/896/3218 4361/898/3220 
f 4294/823/3153 4297/824/3156 3655/1478/2627 3654/1477/2626 
f 4298/827/3157 4301/828/3160 3657/1480/2629 3656/1479/2628 
f 4321/860/3180 4362/839/3221 4363/840/3222 4322/859/3181 
f 4325/864/3184 4364/843/3223 4365/844/3224 4326/863/3185 
f 4366/903/3225 4367/904/3226 4287/818/3146 4286/815/3145 
f 4076/581/3013 4140/681/3051 4367/904/3226 4366/903/3225 
f 4368/905/3227 4369/906/3228 4291/822/3150 4290/819/3149 
f 4370/907/3229 4371/908/3230 4369/906/3228 4368/905/3227 
f 4372/909/3231 4319/856/3178 4295/826/3154 4294/823/3153 
f 4276/593/3142 4216/757/3106 4319/856/3178 4372/909/3231 
f 4373/910/3232 4329/868/3188 4299/830/3158 4298/827/3157 
f 4374/911/3233 4330/867/3189 4329/868/3188 4373/910/3232 
f 4375/912/3234 4376/913/3235 4303/834/3162 4302/831/3161 
f 4088/605/3022 4240/781/3126 4376/913/3235 4375/912/3234 
f 4377/914/3236 4315/854/3174 4307/838/3166 4306/835/3165 
f 4378/915/3237 4316/853/3175 4315/854/3174 4377/914/3236 
f 4379/922/3238 4380/923/3239 4311/850/3170 4310/847/3169 
f 4211/752/3101 4213/754/3103 4380/923/3239 4379/922/3238 
f 4381/924/3240 4307/838/3166 4315/854/3174 4314/851/3173 
f 4382/925/3241 4308/837/3167 4307/838/3166 4381/924/3240 
f 4383/926/3242 4295/826/3154 4319/856/3178 4318/855/3177 
f 4384/927/3243 4296/825/3155 4295/826/3154 4383/926/3242 
f 4385/928/3244 4386/929/3245 4321/860/3180 4320/857/3179 
f 4387/930/3246 4388/931/3247 4386/929/3245 4385/928/3244 
f 4389/932/3248 4390/933/3249 4325/864/3184 4324/861/3183 
f 4166/707/3076 4169/708/3079 4390/933/3249 4389/932/3248 
f 4391/934/3250 4299/830/3158 4329/868/3188 4328/865/3187 
f 4392/935/3251 4300/829/3159 4299/830/3158 4391/934/3250 
f 4367/904/3226 4393/936/3252 4332/870/3191 4287/818/3146 
f 4140/681/3051 4139/682/3050 4393/936/3252 4367/904/3226 
f 4393/936/3252 4379/922/3238 4310/847/3169 4332/870/3191 
f 4139/682/3050 4211/752/3101 4379/922/3238 4393/936/3252 
f 4354/891/3213 4394/937/3253 4335/874/3194 4334/871/3193 
f 4355/892/3214 4395/938/3254 4394/937/3253 4354/891/3213 
f 4394/937/3253 4381/924/3240 4314/851/3173 4335/874/3194 
f 4395/938/3254 4382/925/3241 4381/924/3240 4394/937/3253 
f 4350/887/3209 4396/939/3255 4339/876/3198 4338/875/3197 
f 4351/888/3210 4397/940/3256 4396/939/3255 4350/887/3209 
f 4396/939/3255 4383/926/3242 4318/855/3177 4339/876/3198 
f 4397/940/3256 4384/927/3243 4383/926/3242 4396/939/3255 
f 4369/906/3228 4398/941/3257 4340/878/3199 4291/822/3150 
f 4371/908/3230 4399/942/3258 4398/941/3257 4369/906/3228 
f 4398/941/3257 4385/928/3244 4320/857/3179 4340/878/3199 
f 4399/942/3258 4387/930/3246 4385/928/3244 4398/941/3257 
f 4376/913/3235 4400/943/3259 4342/880/3201 4303/834/3162 
f 4240/781/3126 4238/779/3124 4400/943/3259 4376/913/3235 
f 4400/943/3259 4389/932/3248 4324/861/3183 4342/880/3201 
f 4238/779/3124 4166/707/3076 4389/932/3248 4400/943/3259 
f 4360/897/3219 4401/944/3260 4345/884/3204 4344/881/3203 
f 4361/898/3220 4402/945/3261 4401/944/3260 4360/897/3219 
f 4401/944/3260 4391/934/3250 4328/865/3187 4345/884/3204 
f 4402/945/3261 4392/935/3251 4391/934/3250 4401/944/3260 
f 4403/946/3262 4366/903/3225 4286/815/3145 4348/885/3207 
f 4077/580/3014 4076/581/3013 4366/903/3225 4403/946/3262 
f 4338/875/3197 4403/946/3262 4348/885/3207 4350/887/3209 
f 4145/684/3056 4077/580/3014 4403/946/3262 4338/875/3197 
f 4404/947/3263 4368/905/3227 4290/819/3149 4352/889/3211 
f 4405/948/3264 4370/907/3229 4368/905/3227 4404/947/3263 
f 4334/871/3193 4404/947/3263 4352/889/3211 4354/891/3213 
f 4337/872/3196 4405/948/3264 4404/947/3263 4334/871/3193 
f 4406/949/3265 4375/912/3234 4302/831/3161 4356/893/3215 
f 4089/604/3023 4088/605/3022 4375/912/3234 4406/949/3265 
f 4380/923/3239 4406/949/3265 4356/893/3215 4311/850/3170 
f 4213/754/3103 4089/604/3023 4406/949/3265 4380/923/3239 
f 4407/950/3266 4377/914/3236 4306/835/3165 4358/895/3217 
f 4408/951/3267 4378/915/3237 4377/914/3236 4407/950/3266 
f 4344/881/3203 4407/950/3266 4358/895/3217 4360/897/3219 
f 4347/882/3206 4408/951/3267 4407/950/3266 4344/881/3203 
f 4372/909/3231 4294/823/3153 3654/1477/2626 3705/1481/2677 
f 4276/593/3142 4372/909/3231 3705/1481/2677 3706/1482/2678 
f 4373/910/3232 4298/827/3157 3656/1479/2628 3707/1483/2679 
f 4374/911/3233 4373/910/3232 3707/1483/2679 3708/1484/2680 
f 4386/929/3245 4409/916/3268 4362/839/3221 4321/860/3180 
f 4388/931/3247 4410/918/3269 4409/916/3268 4386/929/3245 
f 4390/933/3249 4411/920/3270 4364/843/3223 4325/864/3184 
f 4169/708/3079 4121/652/3040 4411/920/3270 4390/933/3249 
f 4412/955/3271 4413/956/3272 4141/680/3052 4075/582/3012 
f 4414/957/3273 4415/960/3274 4416/959/3275 4417/958/3276 
f 4418/961/3277 4419/962/3278 4217/758/3107 4277/594/3143 
f 4420/963/3279 4421/966/3280 4422/965/3281 4423/964/3282 
f 4424/967/3283 4425/968/3284 4241/782/3127 4087/606/3021 
f 4426/969/3285 4427/972/3286 4428/971/3287 4429/970/3288 
f 4430/979/3289 4431/982/3290 4432/981/3291 4433/980/3292 
f 4434/983/3293 4435/986/3294 4436/985/3295 4437/984/3296 
f 4438/987/3297 4439/990/3298 4440/989/3299 4441/988/3300 
f 4442/991/3301 4443/994/3302 4444/993/3303 4445/992/3304 
f 4446/995/3305 4447/998/3306 4448/997/3307 4449/996/3308 
f 4450/999/3309 4451/1002/3310 4452/1001/3311 4453/1000/3312 
f 4421/966/3280 4454/1004/3313 4455/1003/3314 4422/965/3281 
f 4454/1004/3313 4430/979/3289 4433/980/3292 4455/1003/3314 
f 4427/972/3286 4456/1006/3315 4457/1005/3316 4428/971/3287 
f 4456/1006/3315 4434/983/3293 4437/984/3296 4457/1005/3316 
f 4415/960/3274 4458/1008/3317 4459/1007/3318 4416/959/3275 
f 4458/1008/3317 4438/987/3297 4441/988/3300 4459/1007/3318 
f 4460/1009/3319 4461/1012/3320 4462/1011/3321 4463/1010/3322 
f 4461/1012/3320 4442/991/3301 4445/992/3304 4462/1011/3321 
f 4464/1013/3323 4465/1016/3324 4466/1015/3325 4467/1014/3326 
f 4465/1016/3324 4446/995/3305 4449/996/3308 4466/1015/3325 
f 4468/1017/3327 4469/1020/3328 4470/1019/3329 4471/1018/3330 
f 4469/1020/3328 4450/999/3309 4453/1000/3312 4470/1019/3329 
f 4472/1021/3331 4412/955/3271 4075/582/3012 4074/579/3011 
f 4473/1022/3332 4472/1021/3331 4074/579/3011 4144/685/3055 
f 4474/1023/3333 4414/957/3273 4417/958/3276 4475/1024/3334 
f 4431/982/3290 4474/1023/3333 4475/1024/3334 4432/981/3291 
f 4476/1025/3335 4424/967/3283 4087/606/3021 4086/603/3020 
f 4477/1026/3336 4476/1025/3335 4086/603/3020 4212/753/3102 
f 4478/1027/3337 4426/969/3285 4429/970/3288 4479/1028/3338 
f 4439/990/3298 4478/1027/3337 4479/1028/3338 4440/989/3299 
f 4418/961/3277 4277/594/3143 3781/1486/2753 3780/1485/2752 
f 4420/963/3279 4423/964/3282 3783/1488/2755 3782/1487/2754 
f 4480/1032/3339 4481/973/3340 4120/651/3039 4168/709/3078 
f 4435/986/3294 4482/975/3341 4483/976/3342 4436/985/3295 
f 4484/1033/3343 4451/1002/3310 4413/956/3272 4412/955/3271 
f 4485/1034/3344 4452/1001/3311 4451/1002/3310 4484/1033/3343 
f 4486/1035/3345 4487/1036/3346 4415/960/3274 4414/957/3273 
f 4488/1037/3347 4489/1038/3348 4487/1036/3346 4486/1035/3345 
f 4490/1039/3349 4443/994/3302 4419/962/3278 4418/961/3277 
f 4491/1040/3350 4444/993/3303 4443/994/3302 4490/1039/3349 
f 4492/1041/3351 4493/1042/3352 4421/966/3280 4420/963/3279 
f 4494/1043/3353 4495/1044/3354 4493/1042/3352 4492/1041/3351 
f 4496/1045/3355 4447/998/3306 4425/968/3284 4424/967/3283 
f 4497/1046/3356 4448/997/3307 4447/998/3306 4496/1045/3355 
f 4498/1047/3357 4499/1048/3358 4427/972/3286 4426/969/3285 
f 4500/1049/3359 4501/1050/3360 4499/1048/3358 4498/1047/3357 
f 4502/1059/3361 4503/1060/3362 4431/982/3290 4430/979/3289 
f 4504/1061/3363 4505/1062/3364 4503/1060/3362 4502/1059/3361 
f 4506/1063/3365 4507/1064/3366 4435/986/3294 4434/983/3293 
f 4508/1065/3367 4509/1066/3368 4507/1064/3366 4506/1063/3365 
f 4510/1067/3369 4511/1068/3370 4439/990/3298 4438/987/3297 
f 4512/1069/3371 4513/1070/3372 4511/1068/3370 4510/1067/3369 
f 4514/1071/3373 4419/962/3278 4443/994/3302 4442/991/3301 
f 4215/756/3105 4217/758/3107 4419/962/3278 4514/1071/3373 
f 4515/1072/3374 4425/968/3284 4447/998/3306 4446/995/3305 
f 4239/780/3125 4241/782/3127 4425/968/3284 4515/1072/3374 
f 4516/1073/3375 4413/956/3272 4451/1002/3310 4450/999/3309 
f 4138/679/3049 4141/680/3052 4413/956/3272 4516/1073/3375 
f 4493/1042/3352 4517/1074/3376 4454/1004/3313 4421/966/3280 
f 4495/1044/3354 4518/1075/3377 4517/1074/3376 4493/1042/3352 
f 4517/1074/3376 4502/1059/3361 4430/979/3289 4454/1004/3313 
f 4518/1075/3377 4504/1061/3363 4502/1059/3361 4517/1074/3376 
f 4499/1048/3358 4519/1076/3378 4456/1006/3315 4427/972/3286 
f 4501/1050/3360 4520/1077/3379 4519/1076/3378 4499/1048/3358 
f 4519/1076/3378 4506/1063/3365 4434/983/3293 4456/1006/3315 
f 4520/1077/3379 4508/1065/3367 4506/1063/3365 4519/1076/3378 
f 4487/1036/3346 4521/1078/3380 4458/1008/3317 4415/960/3274 
f 4489/1038/3348 4522/1079/3381 4521/1078/3380 4487/1036/3346 
f 4521/1078/3380 4510/1067/3369 4438/987/3297 4458/1008/3317 
f 4522/1079/3381 4512/1069/3371 4510/1067/3369 4521/1078/3380 
f 4473/1022/3332 4523/1080/3382 4461/1012/3320 4460/1009/3319 
f 4144/685/3055 4143/686/3054 4523/1080/3382 4473/1022/3332 
f 4523/1080/3382 4514/1071/3373 4442/991/3301 4461/1012/3320 
f 4143/686/3054 4215/756/3105 4514/1071/3373 4523/1080/3382 
f 4480/1032/3339 4524/1081/3383 4465/1016/3324 4464/1013/3323 
f 4168/709/3078 4167/710/3077 4524/1081/3383 4480/1032/3339 
f 4524/1081/3383 4515/1072/3374 4446/995/3305 4465/1016/3324 
f 4167/710/3077 4239/780/3125 4515/1072/3374 4524/1081/3383 
f 4477/1026/3336 4525/1082/3384 4469/1020/3328 4468/1017/3327 
f 4212/753/3102 4210/751/3100 4525/1082/3384 4477/1026/3336 
f 4525/1082/3384 4516/1073/3375 4450/999/3309 4469/1020/3328 
f 4210/751/3100 4138/679/3049 4516/1073/3375 4525/1082/3384 
f 4526/1083/3385 4484/1033/3343 4412/955/3271 4472/1021/3331 
f 4527/1084/3386 4485/1034/3344 4484/1033/3343 4526/1083/3385 
f 4460/1009/3319 4526/1083/3385 4472/1021/3331 4473/1022/3332 
f 4463/1010/3322 4527/1084/3386 4526/1083/3385 4460/1009/3319 
f 4528/1085/3387 4486/1035/3345 4414/957/3273 4474/1023/3333 
f 4529/1086/3388 4488/1037/3347 4486/1035/3345 4528/1085/3387 
f 4503/1060/3362 4528/1085/3387 4474/1023/3333 4431/982/3290 
f 4505/1062/3364 4529/1086/3388 4528/1085/3387 4503/1060/3362 
f 4530/1087/3389 4496/1045/3355 4424/967/3283 4476/1025/3335 
f 4531/1088/3390 4497/1046/3356 4496/1045/3355 4530/1087/3389 
f 4468/1017/3327 4530/1087/3389 4476/1025/3335 4477/1026/3336 
f 4471/1018/3330 4531/1088/3390 4530/1087/3389 4468/1017/3327 
f 4532/1089/3391 4498/1047/3357 4426/969/3285 4478/1027/3337 
f 4533/1090/3392 4500/1049/3359 4498/1047/3357 4532/1089/3391 
f 4511/1068/3370 4532/1089/3391 4478/1027/3337 4439/990/3298 
f 4513/1070/3372 4533/1090/3392 4532/1089/3391 4511/1068/3370 
f 4490/1039/3349 4418/961/3277 3780/1485/2752 3838/1489/2810 
f 4491/1040/3350 4490/1039/3349 3838/1489/2810 3839/1490/2811 
f 4492/1041/3351 4420/963/3279 3782/1487/2754 3840/1491/2812 
f 4494/1043/3353 4492/1041/3351 3840/1491/2812 3841/1492/2813 
f 4464/1013/3323 4534/1051/3393 4481/973/3340 4480/1032/3339 
f 4467/1014/3326 4535/1053/3394 4534/1051/3393 4464/1013/3323 
f 4507/1064/3366 4536/1055/3395 4482/975/3341 4435/986/3294 
f 4509/1066/3368 4537/1057/3396 4536/1055/3395 4507/1064/3366 
f 4529/1086/3388 4094/611/2419 4097/612/2419 4488/1037/3347 
f 4405/948/3264 4096/613/2419 4095/614/2418 4370/907/3229 
f 4410/918/3269 4281/617/2438 3847/1494/2438 3846/1493/2818 
f 4533/1090/3392 4098/619/2419 4101/620/2418 4500/1049/3359 
f 4408/951/3267 4100/621/2418 4099/622/2419 4378/915/3237 
f 4537/1057/3396 4124/659/2489 3411/1471/2438 3848/1495/2819 
f 4181/720/2418 4180/721/2419 4337/872/3196 4336/873/3195 
f 4179/722/2419 4178/719/2419 4522/1079/3381 4489/1038/3348 
f 4504/1061/3363 4182/723/2419 4185/724/2419 4505/1062/3364 
f 4371/908/3230 4184/725/2418 4183/726/2418 4399/942/3258 
f 4508/1065/3367 4186/727/2419 4189/728/2419 4509/1066/3368 
f 4330/867/3189 4188/729/2438 4187/730/2489 4331/866/3190 
f 4317/852/3176 4250/791/2419 4181/720/2418 4336/873/3195 
f 4522/1079/3381 4178/719/2419 4251/792/2419 4512/1069/3371 
f 4316/853/3175 4252/793/2419 4250/791/2419 4317/852/3176 
f 4512/1069/3371 4251/792/2419 4253/794/2419 4513/1070/3372 
f 4518/1075/3377 4254/795/2438 4182/723/2419 4504/1061/3363 
f 4399/942/3258 4183/726/2418 4255/796/2419 4387/930/3246 
f 4257/798/2418 4254/795/2438 4518/1075/3377 4495/1044/3354 
f 4255/796/2419 4256/797/2419 4388/931/3247 4387/930/3246 
f 4520/1077/3379 4258/799/2419 4186/727/2419 4508/1065/3367 
f 4331/866/3190 4187/730/2489 4259/800/2489 4346/883/3205 
f 4261/802/2418 4258/799/2419 4520/1077/3379 4501/1050/3360 
f 4259/800/2489 4260/801/2418 4347/882/3206 4346/883/3205 
f 4505/1062/3364 4185/724/2419 4094/611/2419 4529/1086/3388 
f 4370/907/3229 4095/614/2418 4184/725/2418 4371/908/3230 
f 4180/721/2419 4096/613/2419 4405/948/3264 4337/872/3196 
f 4097/612/2419 4179/722/2419 4489/1038/3348 4488/1037/3347 
f 4513/1070/3372 4253/794/2419 4098/619/2419 4533/1090/3392 
f 4378/915/3237 4099/622/2419 4252/793/2419 4316/853/3175 
f 4260/801/2418 4100/621/2418 4408/951/3267 4347/882/3206 
f 4101/620/2418 4261/802/2418 4501/1050/3360 4500/1049/3359 
f 4256/797/2419 4281/617/2438 4410/918/3269 4388/931/3247 
f 4280/616/2418 4257/798/2418 4495/1044/3354 4494/1043/3353 
f 4509/1066/3368 4189/728/2419 4124/659/2489 4537/1057/3396 
f 4374/911/3233 4125/662/2419 4188/729/2438 4330/867/3189 
f 4538/1095/3397 4539/1098/3398 4540/1097/3399 4541/1096/3400 
f 4542/1099/3401 4543/1102/3402 4544/1101/3403 4545/1100/3404 
f 4546/1103/3405 4547/1106/3406 4548/1105/3407 4549/1104/3408 
f 4550/1107/3409 4551/1110/3410 4552/1109/3411 4553/1108/3412 
f 4554/1111/3413 4555/1114/3414 4556/1113/3415 4557/1112/3416 
f 4558/1115/3417 4559/1118/3418 4560/1117/3419 4561/1116/3420 
f 4562/1127/3421 4563/1130/3422 4564/1129/3423 4565/1128/3424 
f 4566/1131/3425 4567/1134/3426 4568/1133/3427 4569/1132/3428 
f 4570/1135/3429 4571/1138/3430 4572/1137/3431 4573/1136/3432 
f 4574/1139/3433 4575/1142/3434 4576/1141/3435 4577/1140/3436 
f 4578/1143/3437 4579/1146/3438 4580/1145/3439 4581/1144/3440 
f 4582/1147/3441 4583/1150/3442 4584/1149/3443 4585/1148/3444 
f 4539/1098/3398 4586/1152/3445 4587/1151/3446 4540/1097/3399 
f 4586/1152/3445 4562/1127/3421 4565/1128/3424 4587/1151/3446 
f 4543/1102/3402 4588/1154/3447 4589/1153/3448 4544/1101/3403 
f 4588/1154/3447 4566/1131/3425 4569/1132/3428 4589/1153/3448 
f 4547/1106/3406 4590/1156/3449 4591/1155/3450 4548/1105/3407 
f 4590/1156/3449 4570/1135/3429 4573/1136/3432 4591/1155/3450 
f 4551/1110/3410 4592/1158/3451 4593/1157/3452 4552/1109/3411 
f 4592/1158/3451 4574/1139/3433 4577/1140/3436 4593/1157/3452 
f 4555/1114/3414 4594/1160/3453 4595/1159/3454 4556/1113/3415 
f 4594/1160/3453 4578/1143/3437 4581/1144/3440 4595/1159/3454 
f 4559/1118/3418 4596/1162/3455 4597/1161/3456 4560/1117/3419 
f 4596/1162/3455 4582/1147/3441 4585/1148/3444 4597/1161/3456 
f 4598/1163/3457 4538/1095/3397 4541/1096/3400 4599/1164/3458 
f 4567/1134/3426 4598/1163/3457 4599/1164/3458 4568/1133/3427 
f 4600/1165/3459 4542/1099/3401 4545/1100/3404 4601/1166/3460 
f 4571/1138/3430 4600/1165/3459 4601/1166/3460 4572/1137/3431 
f 4602/1167/3461 4550/1107/3409 4553/1108/3412 4603/1168/3462 
f 4579/1146/3438 4602/1167/3461 4603/1168/3462 4580/1145/3439 
f 4604/1169/3463 4558/1115/3417 4561/1116/3420 4605/1170/3464 
f 4575/1142/3434 4604/1169/3463 4605/1170/3464 4576/1141/3435 
f 4546/1103/3405 4549/1104/3408 3918/1497/2889 3917/1496/2888 
f 4554/1111/3413 4557/1112/3416 3920/1499/2891 3919/1498/2890 
f 4563/1130/3422 4606/1119/3465 4607/1120/3466 4564/1129/3423 
f 4583/1150/3442 4608/1123/3467 4609/1124/3468 4584/1149/3443 
f 4610/1175/3469 4611/1176/3470 4539/1098/3398 4538/1095/3397 
f 4612/1177/3471 4613/1178/3472 4611/1176/3470 4610/1175/3469 
f 4614/1179/3473 4615/1180/3474 4543/1102/3402 4542/1099/3401 
f 4616/1181/3475 4617/1182/3476 4615/1180/3474 4614/1179/3473 
f 4618/1183/3477 4619/1184/3478 4547/1106/3406 4546/1103/3405 
f 4620/1185/3479 4621/1186/3480 4619/1184/3478 4618/1183/3477 
f 4622/1187/3481 4623/1188/3482 4551/1110/3410 4550/1107/3409 
f 4624/1189/3483 4625/1190/3484 4623/1188/3482 4622/1187/3481 
f 4626/1191/3485 4627/1192/3486 4555/1114/3414 4554/1111/3413 
f 4628/1193/3487 4629/1194/3488 4627/1192/3486 4626/1191/3485 
f 4630/1195/3489 4631/1196/3490 4559/1118/3418 4558/1115/3417 
f 4632/1197/3491 4633/1198/3492 4631/1196/3490 4630/1195/3489 
f 4634/1207/3493 4635/1208/3494 4563/1130/3422 4562/1127/3421 
f 4636/1209/3495 4637/1210/3496 4635/1208/3494 4634/1207/3493 
f 4638/1211/3497 4639/1212/3498 4567/1134/3426 4566/1131/3425 
f 4640/1213/3499 4641/1214/3500 4639/1212/3498 4638/1211/3497 
f 4642/1215/3501 4643/1216/3502 4571/1138/3430 4570/1135/3429 
f 4644/1217/3503 4645/1218/3504 4643/1216/3502 4642/1215/3501 
f 4646/1219/3505 4647/1220/3506 4575/1142/3434 4574/1139/3433 
f 4648/1221/3507 4649/1222/3508 4647/1220/3506 4646/1219/3505 
f 4650/1223/3509 4651/1224/3510 4579/1146/3438 4578/1143/3437 
f 4652/1225/3511 4653/1226/3512 4651/1224/3510 4650/1223/3509 
f 4654/1227/3513 4655/1228/3514 4583/1150/3442 4582/1147/3441 
f 4656/1229/3515 4657/1230/3516 4655/1228/3514 4654/1227/3513 
f 4611/1176/3470 4658/1231/3517 4586/1152/3445 4539/1098/3398 
f 4613/1178/3472 4659/1232/3518 4658/1231/3517 4611/1176/3470 
f 4658/1231/3517 4634/1207/3493 4562/1127/3421 4586/1152/3445 
f 4659/1232/3518 4636/1209/3495 4634/1207/3493 4658/1231/3517 
f 4615/1180/3474 4660/1233/3519 4588/1154/3447 4543/1102/3402 
f 4617/1182/3476 4661/1234/3520 4660/1233/3519 4615/1180/3474 
f 4660/1233/3519 4638/1211/3497 4566/1131/3425 4588/1154/3447 
f 4661/1234/3520 4640/1213/3499 4638/1211/3497 4660/1233/3519 
f 4619/1184/3478 4662/1235/3521 4590/1156/3449 4547/1106/3406 
f 4621/1186/3480 4663/1236/3522 4662/1235/3521 4619/1184/3478 
f 4662/1235/3521 4642/1215/3501 4570/1135/3429 4590/1156/3449 
f 4663/1236/3522 4644/1217/3503 4642/1215/3501 4662/1235/3521 
f 4623/1188/3482 4664/1237/3523 4592/1158/3451 4551/1110/3410 
f 4625/1190/3484 4665/1238/3524 4664/1237/3523 4623/1188/3482 
f 4664/1237/3523 4646/1219/3505 4574/1139/3433 4592/1158/3451 
f 4665/1238/3524 4648/1221/3507 4646/1219/3505 4664/1237/3523 
f 4627/1192/3486 4666/1239/3525 4594/1160/3453 4555/1114/3414 
f 4629/1194/3488 4667/1240/3526 4666/1239/3525 4627/1192/3486 
f 4666/1239/3525 4650/1223/3509 4578/1143/3437 4594/1160/3453 
f 4667/1240/3526 4652/1225/3511 4650/1223/3509 4666/1239/3525 
f 4631/1196/3490 4668/1241/3527 4596/1162/3455 4559/1118/3418 
f 4633/1198/3492 4669/1242/3528 4668/1241/3527 4631/1196/3490 
f 4668/1241/3527 4654/1227/3513 4582/1147/3441 4596/1162/3455 
f 4669/1242/3528 4656/1229/3515 4654/1227/3513 4668/1241/3527 
f 4670/1243/3529 4610/1175/3469 4538/1095/3397 4598/1163/3457 
f 4671/1244/3530 4612/1177/3471 4610/1175/3469 4670/1243/3529 
f 4639/1212/3498 4670/1243/3529 4598/1163/3457 4567/1134/3426 
f 4641/1214/3500 4671/1244/3530 4670/1243/3529 4639/1212/3498 
f 4672/1245/3531 4614/1179/3473 4542/1099/3401 4600/1165/3459 
f 4673/1246/3532 4616/1181/3475 4614/1179/3473 4672/1245/3531 
f 4643/1216/3502 4672/1245/3531 4600/1165/3459 4571/1138/3430 
f 4645/1218/3504 4673/1246/3532 4672/1245/3531 4643/1216/3502 
f 4674/1247/3533 4622/1187/3481 4550/1107/3409 4602/1167/3461 
f 4675/1248/3534 4624/1189/3483 4622/1187/3481 4674/1247/3533 
f 4651/1224/3510 4674/1247/3533 4602/1167/3461 4579/1146/3438 
f 4653/1226/3512 4675/1248/3534 4674/1247/3533 4651/1224/3510 
f 4676/1249/3535 4630/1195/3489 4558/1115/3417 4604/1169/3463 
f 4677/1250/3536 4632/1197/3491 4630/1195/3489 4676/1249/3535 
f 4647/1220/3506 4676/1249/3535 4604/1169/3463 4575/1142/3434 
f 4649/1222/3508 4677/1250/3536 4676/1249/3535 4647/1220/3506 
f 4618/1183/3477 4546/1103/3405 3917/1496/2888 3993/1500/2964 
f 4620/1185/3479 4618/1183/3477 3993/1500/2964 3994/1501/2965 
f 4626/1191/3485 4554/1111/3413 3919/1498/2890 3995/1502/2966 
f 4628/1193/3487 4626/1191/3485 3995/1502/2966 3996/1503/2967 
f 4635/1208/3494 4678/1199/3537 4606/1119/3465 4563/1130/3422 
f 4637/1210/3496 4679/1201/3538 4678/1199/3537 4635/1208/3494 
f 4655/1228/3514 4680/1203/3539 4608/1123/3467 4583/1150/3442 
f 4657/1230/3516 4681/1205/3540 4680/1203/3539 4655/1228/3514 
f 4553/1108/3412 4102/623/3026 4105/624/3026 4603/1168/3462 
f 4541/1096/3400 4104/625/3026 4103/626/3026 4599/1164/3458 
f 4549/1104/3408 4283/629/2982 4001/1504/2548 3918/1497/2889 
f 4561/1116/3420 4106/631/3027 4109/632/3028 4605/1170/3464 
f 4545/1100/3404 4108/633/3028 4107/634/3027 4601/1166/3460 
f 4557/1112/3416 4126/663/3005 3415/1473/2440 3920/1499/2891 
f 4587/1151/3446 4190/731/3086 4193/732/3088 4540/1097/3399 
f 4580/1145/3439 4192/733/3088 4191/734/3087 4581/1144/3440 
f 4593/1157/3452 4194/735/3089 4197/736/3090 4552/1109/3411 
f 4568/1133/3427 4196/737/3090 4195/738/3089 4569/1132/3428 
f 4591/1155/3450 4198/739/3091 4201/740/3092 4548/1105/3407 
f 4584/1149/3443 4200/741/3092 4199/742/3091 4585/1148/3444 
f 4565/1128/3424 4262/803/3135 4190/731/3086 4587/1151/3446 
f 4581/1144/3440 4191/734/3087 4263/804/3135 4595/1159/3454 
f 4564/1129/3423 4264/805/3136 4262/803/3135 4565/1128/3424 
f 4595/1159/3454 4263/804/3135 4265/806/3136 4556/1113/3415 
f 4577/1140/3436 4266/807/3137 4194/735/3089 4593/1157/3452 
f 4569/1132/3428 4195/738/3089 4267/808/3137 4589/1153/3448 
f 4576/1141/3435 4268/809/3138 4266/807/3137 4577/1140/3436 
f 4589/1153/3448 4267/808/3137 4269/810/3138 4544/1101/3403 
f 4573/1136/3432 4270/811/3139 4198/739/3091 4591/1155/3450 
f 4585/1148/3444 4199/742/3091 4271/812/3140 4597/1161/3456 
f 4572/1137/3431 4272/813/3141 4270/811/3139 4573/1136/3432 
f 4597/1161/3456 4271/812/3140 4273/814/3141 4560/1117/3419 
f 4552/1109/3411 4197/736/3090 4102/623/3026 4553/1108/3412 
f 4599/1164/3458 4103/626/3026 4196/737/3090 4568/1133/3427 
f 4540/1097/3399 4193/732/3088 4104/625/3026 4541/1096/3400 
f 4603/1168/3462 4105/624/3026 4192/733/3088 4580/1145/3439 
f 4560/1117/3419 4273/814/3141 4106/631/3027 4561/1116/3420 
f 4601/1166/3460 4107/634/3027 4272/813/3141 4572/1137/3431 
f 4544/1101/3403 4269/810/3138 4108/633/3028 4545/1100/3404 
f 4605/1170/3464 4109/632/3028 4268/809/3138 4576/1141/3435 
f 4548/1105/3407 4201/740/3092 4283/629/2982 4549/1104/3408 
f 4609/1124/3468 4282/628/2546 4200/741/3092 4584/1149/3443 
f 4556/1113/3415 4265/806/3136 4126/663/3005 4557/1112/3416 
f 4607/1120/3466 4127/666/2437 4264/805/3136 4564/1129/3423 
f 4675/1248/3534 4070/575/3007 4073/576/3010 4624/1189/3483 
f 4289/816/3148 4072/577/3009 4071/578/3008 4349/886/3208 
f 4297/824/3156 4275/589/2542 4002/1505/2543 3655/1478/2627 
f 4677/1250/3536 4082/599/3016 4085/600/3019 4632/1197/3491 
f 4305/832/3164 4084/601/3018 4083/602/3017 4357/894/3216 
f 4671/1244/3530 4110/635/3029 4113/636/3032 4612/1177/3471 
f 4293/820/3152 4112/637/3031 4111/638/3030 4353/890/3212 
f 4673/1246/3532 4114/639/3033 4117/640/3036 4616/1181/3475 
f 4309/836/3168 4116/641/3035 4115/642/3034 4359/896/3218 
f 4301/828/3160 4285/645/2549 4003/1506/2549 3657/1480/2629 
f 4681/1205/3540 4119/648/3038 3400/1465/2431 4004/1507/2972 
f 4679/1201/3538 4129/668/2442 3420/1475/2444 4005/1508/2973 
f 4333/869/3192 4130/671/3041 4133/672/3044 4288/817/3147 
f 4625/1190/3484 4132/673/3043 4131/674/3042 4665/1238/3524 
f 4137/676/3048 4136/677/3047 4653/1226/3512 4652/1225/3511 
f 4135/678/3046 4134/675/3045 4397/940/3256 4351/888/3210 
f 4157/696/3067 4156/697/3066 4641/1214/3500 4640/1213/3499 
f 4155/698/3065 4154/695/3064 4395/938/3254 4355/892/3214 
f 4341/877/3200 4158/699/3068 4161/700/3071 4292/821/3151 
f 4613/1178/3472 4160/701/3070 4159/702/3069 4659/1232/3518 
f 4165/704/3075 4164/705/3074 4657/1230/3516 4656/1229/3515 
f 4163/706/3073 4162/703/3072 4327/862/3186 4326/863/3185 
f 4392/935/3251 4174/715/3082 4177/716/3085 4300/829/3159 
f 4621/1186/3480 4176/717/3084 4175/718/3083 4663/1236/3522 
f 4202/743/3093 4130/671/3041 4333/869/3192 4313/848/3172 
f 4131/674/3042 4203/744/3094 4648/1221/3507 4665/1238/3524 
f 4205/746/3096 4202/743/3093 4313/848/3172 4312/849/3171 
f 4203/744/3094 4204/745/3095 4649/1222/3508 4648/1221/3507 
f 4667/1240/3526 4206/747/3097 4137/676/3048 4652/1225/3511 
f 4397/940/3256 4134/675/3045 4207/748/3098 4384/927/3243 
f 4629/1194/3488 4208/749/3099 4206/747/3097 4667/1240/3526 
f 4384/927/3243 4207/748/3098 4209/750/3099 4296/825/3155 
f 4661/1234/3520 4226/767/3113 4157/696/3067 4640/1213/3499 
f 4395/938/3254 4154/695/3064 4227/768/3114 4382/925/3241 
f 4617/1182/3476 4228/769/3115 4226/767/3113 4661/1234/3520 
f 4382/925/3241 4227/768/3114 4229/770/3116 4308/837/3167 
f 4323/858/3182 4230/771/3117 4158/699/3068 4341/877/3200 
f 4659/1232/3518 4159/702/3069 4231/772/3118 4636/1209/3495 
f 4233/774/3119 4230/771/3117 4323/858/3182 4322/859/3181 
f 4231/772/3118 4232/773/3119 4637/1210/3496 4636/1209/3495 
f 4669/1242/3528 4234/775/3120 4165/704/3075 4656/1229/3515 
f 4162/703/3072 4235/776/3121 4343/879/3202 4327/862/3186 
f 4633/1198/3492 4236/777/3122 4234/775/3120 4669/1242/3528 
f 4343/879/3202 4235/776/3121 4237/778/3123 4304/833/3163 
f 4402/945/3261 4246/787/3131 4174/715/3082 4392/935/3251 
f 4663/1236/3522 4175/718/3083 4247/788/3132 4644/1217/3503 
f 4249/790/3134 4246/787/3131 4402/945/3261 4361/898/3220 
f 4247/788/3132 4248/789/3133 4645/1218/3504 4644/1217/3503 
f 4136/677/3047 4070/575/3007 4675/1248/3534 4653/1226/3512 
f 4071/578/3008 4135/678/3046 4351/888/3210 4349/886/3208 
f 4288/817/3147 4133/672/3044 4072/577/3009 4289/816/3148 
f 4624/1189/3483 4073/576/3010 4132/673/3043 4625/1190/3484 
f 4204/745/3095 4082/599/3016 4677/1250/3536 4649/1222/3508 
f 4083/602/3017 4205/746/3096 4312/849/3171 4357/894/3216 
f 4304/833/3163 4237/778/3123 4084/601/3018 4305/832/3164 
f 4632/1197/3491 4085/600/3019 4236/777/3122 4633/1198/3492 
f 4156/697/3066 4110/635/3029 4671/1244/3530 4641/1214/3500 
f 4111/638/3030 4155/698/3065 4355/892/3214 4353/890/3212 
f 4292/821/3151 4161/700/3071 4112/637/3031 4293/820/3152 
f 4612/1177/3471 4113/636/3032 4160/701/3070 4613/1178/3472 
f 4248/789/3133 4114/639/3033 4673/1246/3532 4645/1218/3504 
f 4115/642/3034 4249/790/3134 4361/898/3220 4359/896/3218 
f 4308/837/3167 4229/770/3116 4116/641/3035 4309/836/3168 
f 4616/1181/3475 4117/640/3036 4228/769/3115 4617/1182/3476 
f 4296/825/3155 4209/750/3099 4275/589/2542 4297/824/3156 
f 4628/1193/3487 4274/588/2542 4208/749/3099 4629/1194/3488 
f 4300/829/3159 4177/716/3085 4285/645/2549 4301/828/3160 
f 4620/1185/3479 4284/644/3144 4176/717/3084 4621/1186/3480 
f 4164/705/3074 4119/648/3038 4681/1205/3540 4657/1230/3516 
f 4118/647/3037 4163/706/3073 4326/863/3185 4365/844/3224 
f 4232/773/3119 4129/668/2442 4679/1201/3538 4637/1210/3496 
f 4128/667/2442 4233/774/3119 4322/859/3181 4363/840/3222 
f 4527/1084/3386 4682/1256/3541 4683/1255/3015 4485/1034/3344 
f 4417/958/3276 4684/1258/3015 4685/1257/3015 4475/1024/3334 
f 4423/964/3282 4686/1262/2548 4010/1509/2974 3783/1488/2755 
f 4531/1088/3390 4687/1264/3024 4688/1263/3025 4497/1046/3356 
f 4429/970/3288 4689/1266/3024 4690/1265/3025 4479/1028/3338 
f 4535/1053/3394 4691/1268/2440 4017/1511/2976 4016/1510/2975 
f 4459/1007/3318 4692/1272/3542 4693/1271/3543 4416/959/3275 
f 4452/1001/3311 4694/1274/3059 4695/1273/3544 4453/1000/3312 
f 4462/1011/3321 4696/1276/3061 4697/1275/3545 4463/1010/3322 
f 4432/981/3291 4698/1278/3545 4699/1277/3061 4433/980/3292 
f 4466/1015/3325 4700/1280/3080 4701/1279/3081 4467/1014/3326 
f 4436/985/3295 4702/1282/3546 4703/1281/3080 4437/984/3296 
f 4441/988/3300 4704/1283/3108 4692/1272/3542 4459/1007/3318 
f 4453/1000/3312 4695/1273/3544 4705/1284/3108 4470/1019/3329 
f 4440/989/3299 4706/1285/3109 4704/1283/3108 4441/988/3300 
f 4470/1019/3329 4705/1284/3108 4707/1286/3110 4471/1018/3330 
f 4445/992/3304 4708/1287/3111 4696/1276/3061 4462/1011/3321 
f 4433/980/3292 4699/1277/3061 4709/1288/3111 4455/1003/3314 
f 4444/993/3303 4710/1289/3112 4708/1287/3111 4445/992/3304 
f 4455/1003/3314 4709/1288/3111 4711/1290/3547 4422/965/3281 
f 4449/996/3308 4712/1291/3548 4700/1280/3080 4466/1015/3325 
f 4437/984/3296 4703/1281/3080 4713/1292/3548 4457/1005/3316 
f 4448/997/3307 4714/1293/3549 4712/1291/3548 4449/996/3308 
f 4457/1005/3316 4713/1292/3548 4715/1294/3549 4428/971/3287 
f 4463/1010/3322 4697/1275/3545 4682/1256/3541 4527/1084/3386 
f 4475/1024/3334 4685/1257/3015 4698/1278/3545 4432/981/3291 
f 4416/959/3275 4693/1271/3543 4684/1258/3015 4417/958/3276 
f 4485/1034/3344 4683/1255/3015 4694/1274/3059 4452/1001/3311 
f 4471/1018/3330 4707/1286/3110 4687/1264/3024 4531/1088/3390 
f 4479/1028/3338 4690/1265/3025 4706/1285/3109 4440/989/3299 
f 4428/971/3287 4715/1294/3549 4689/1266/3024 4429/970/3288 
f 4497/1046/3356 4688/1263/3025 4714/1293/3549 4448/997/3307 
f 4422/965/3281 4711/1290/3547 4686/1262/2548 4423/964/3282 
f 4491/1040/3350 4716/1259/2547 4710/1289/3112 4444/993/3303 
f 4467/1014/3326 4701/1279/3081 4691/1268/2440 4535/1053/3394 
f 4483/976/3342 4717/1269/2441 4702/1282/3546 4436/985/3295 
s off
f 4716/1259/2438 4278/1295/2438 4224/1297/2438 4710/1289/2438 
f 4710/1289/2489 4224/1297/2489 4222/1298/2489 4708/1287/2489 
f 4708/1287/2438 4222/1298/2438 4150/1299/2438 4696/1276/2438 
f 4696/1276/2438 4150/1299/2438 4153/1300/2438 4697/1275/2438 
f 4697/1275/2419 4153/1300/2419 4078/1301/2419 4682/1256/2419 
f 4682/1256/2438 4078/1301/2438 4081/1302/2438 4683/1255/2438 
f 4683/1255/2419 4081/1302/2419 4148/1303/2419 4694/1274/2419 
f 4694/1274/2419 4148/1303/2419 4147/1304/2419 4695/1273/2419 
f 4695/1273/2419 4147/1304/2419 4219/1305/2419 4705/1284/2419 
f 4705/1284/2419 4219/1305/2419 4221/1306/2419 4707/1286/2419 
f 4707/1286/2419 4221/1306/2419 4090/1307/2419 4687/1264/2419 
f 4687/1264/2419 4090/1307/2419 4093/1308/2419 4688/1263/2419 
f 4688/1263/2489 4093/1308/2489 4244/1309/2489 4714/1293/2489 
f 4714/1293/2489 4244/1309/2489 4242/1310/2489 4712/1291/2489 
f 4712/1291/2489 4242/1310/2489 4170/1311/2489 4700/1280/2489 
f 4700/1280/2438 4170/1311/2438 4173/1312/2438 4701/1279/2438 
f 4701/1279/2438 4173/1312/2438 4122/1313/2438 4691/1268/2438 
f 4017/1511/2489 4691/1268/2489 4122/1313/2489 3407/1512/2489 
f 4717/1269/2983 4123/1315/2983 4172/1317/2983 4702/1282/2983 
f 4702/1282/2983 4172/1317/2983 4171/1318/2983 4703/1281/2983 
f 4703/1281/2986 4171/1318/2986 4243/1319/2986 4713/1292/2986 
f 4713/1292/2984 4243/1319/2984 4245/1320/2984 4715/1294/2984 
f 4715/1294/2983 4245/1320/2983 4092/1321/2983 4689/1266/2983 
f 4689/1266/2983 4092/1321/2983 4091/1322/2983 4690/1265/2983 
f 4690/1265/2983 4091/1322/2983 4220/1323/2983 4706/1285/2983 
f 4706/1285/2983 4220/1323/2983 4218/1324/2983 4704/1283/2983 
f 4704/1283/2984 4218/1324/2984 4146/1325/2984 4692/1272/2984 
f 4692/1272/2984 4146/1325/2984 4149/1326/2984 4693/1271/2984 
f 4693/1271/2983 4149/1326/2983 4080/1327/2983 4684/1258/2983 
f 4684/1258/2986 4080/1327/2986 4079/1328/2986 4685/1257/2986 
f 4685/1257/2986 4079/1328/2986 4152/1329/2986 4698/1278/2986 
f 4698/1278/2986 4152/1329/2986 4151/1330/2986 4699/1277/2986 
f 4699/1277/2984 4151/1330/2984 4223/1331/2984 4709/1288/2984 
f 4709/1288/2983 4223/1331/2983 4225/1332/2983 4711/1290/2983 
f 4711/1290/2985 4225/1332/2985 4279/1333/2985 4686/1262/2985 
f 4010/1509/2985 4686/1262/2985 4279/1333/2985 4045/1513/2985 
s 1
f 4046/1514/2543 4002/1505/2543 4275/589/2542 4274/588/2542 
f 3706/1482/2678 3781/1486/2753 4277/594/3143 4276/593/3142 
usemtl Studio_Endo_Orbis_m1_3
f 4278/596/2548 4047/1516/2548 4045/1515/2546 4279/597/2548 
usemtl Studio_Endo_Orbis_m2_1
f 4280/616/2418 4048/1517/2419 3847/1494/2438 4281/617/2438 
f 4282/628/2546 4049/1518/2987 4001/1504/2548 4283/629/2982 
f 4050/1519/2549 4003/1506/2549 4285/645/2549 4284/644/3144 
f 4362/839/3221 4052/1521/2989 4051/1520/2988 4363/840/3222 
f 4364/843/3223 4054/1523/2991 4053/1522/2990 4365/844/3224 
f 4409/916/3268 4055/1524/2992 4052/1521/2989 4362/839/3221 
f 4410/918/3269 3846/1493/2818 4055/1524/2992 4409/916/3268 
f 4411/920/3270 4056/1525/2993 4054/1523/2991 4364/843/3223 
f 4121/652/3040 3404/1467/2435 4056/1525/2993 4411/920/3270 
f 4481/973/3340 4057/1526/2994 3405/1468/2436 4120/651/3039 
f 4482/975/3341 4059/1528/2996 4058/1527/2995 4483/976/3342 
f 4534/1051/3393 4060/1529/2997 4057/1526/2994 4481/973/3340 
f 4535/1053/3394 4016/1510/2975 4060/1529/2997 4534/1051/3393 
f 4536/1055/3395 4061/1530/2998 4059/1528/2996 4482/975/3341 
f 4537/1057/3396 3848/1495/2819 4061/1530/2998 4536/1055/3395 
f 4494/1043/3353 3841/1492/2813 4048/1517/2419 4280/616/2418 
f 4374/911/3233 3708/1484/2680 3412/1472/2439 4125/662/2419 
f 4606/1119/3465 4063/1532/3000 4062/1531/2999 4607/1120/3466 
f 4608/1123/3467 4065/1534/3002 4064/1533/3001 4609/1124/3468 
f 4678/1199/3537 4066/1535/3003 4063/1532/3000 4606/1119/3465 
f 4679/1201/3538 4005/1508/2973 4066/1535/3003 4678/1199/3537 
f 4680/1203/3539 4067/1536/3004 4065/1534/3002 4608/1123/3467 
f 4681/1205/3540 4004/1507/2972 4067/1536/3004 4680/1203/3539 
f 4609/1124/3468 4064/1533/3001 4049/1518/2987 4282/628/2546 
f 4607/1120/3466 4062/1531/2999 3416/1474/2440 4127/666/2437 
f 4628/1193/3487 3996/1503/2967 4046/1514/2543 4274/588/2542 
f 4620/1185/3479 3994/1501/2965 4050/1519/2549 4284/644/3144 
f 4365/844/3224 4053/1522/2990 3401/1466/2432 4118/647/3037 
f 4363/840/3222 4051/1520/2988 3421/1476/2444 4128/667/2442 
f 4491/1040/3350 3839/1490/2811 4068/1537/2548 4716/1259/2547 
f 4483/976/3342 4058/1527/2995 4069/1538/3005 4717/1269/2441 
s off
f 4716/1259/3550 4068/1537/3550 4047/1539/3550 4278/1295/3550 
f 4717/1269/2985 4069/1538/2985 3408/1540/2985 4123/1315/2985 
usemtl Studio_Endo_Orbis_m2_2
s 2
f 4718/1541/3551 4719/1542/3552 4720/1543/3553 4721/1544/3554 
f 4722/1545/3555 4723/1546/3556 4724/1547/3557 4725/1548/3558 
f 4726/1549/3559 4727/1550/3560 4728/1551/3561 4729/1552/3562 
f 4730/1553/3563 4731/1554/3564 4732/1555/3565 4733/1556/3566 
f 4734/1557/3567 4735/1558/3568 4736/1559/3569 4737/1560/3570 
f 4738/1561/3571 4739/1562/3572 4740/1563/3573 4741/1564/3574 
f 4742/1565/3575 4743/1566/3576 4744/1567/3577 4745/1568/3578 
f 4746/1569/3579 4747/1570/3580 4748/1571/3581 4749/1572/3582 
f 4750/1573/3583 4751/1574/3584 4752/1575/3585 4753/1576/3586 
f 4754/1577/3587 4755/1578/3588 4756/1579/3589 4757/1580/3590 
f 4758/1581/3591 4759/1582/3592 4760/1583/3593 4761/1584/3594 
f 4762/1585/3595 4763/1586/3596 4764/1587/3597 4765/1588/3598 
f 4766/1589/3599 4767/1590/3600 4768/1591/3601 4769/1592/3602 
f 4770/1593/3603 4771/1594/3604 4772/1595/3605 4773/1596/3606 
f 4774/1597/3607 4775/1598/3608 4776/1599/3609 4777/1600/3610 
f 4778/1601/3611 4779/1602/3612 4780/1603/3613 4781/1604/3614 
s 1
f 4782/1605/108 4783/1606/108 4784/1607/108 4785/1608/108 
f 4785/1608/108 4784/1607/108 4786/1609/108 4787/1610/108 
f 4788/1611/108 4789/1612/108 4790/1613/108 4786/1609/108 
f 4786/1609/108 4790/1613/108 4791/1614/108 4792/1615/108 
f 4793/1616/108 4794/1617/108 4795/1618/108 4791/1614/108 
f 4791/1614/108 4795/1618/108 4792/1615/108 
f 4796/1619/108 4797/1620/108 4798/1621/108 4792/1615/108 
f 4792/1615/108 4798/1621/108 4799/1622/108 4800/1623/108 
f 4801/1624/108 4802/1625/108 4803/1626/108 4799/1622/108 
f 4799/1622/108 4803/1626/108 4800/1623/108 
f 4804/1627/108 4805/1628/108 4806/1629/108 4800/1623/108 
f 4800/1623/108 4806/1629/108 4807/1630/108 4787/1610/108 
f 4808/1631/108 4809/1632/108 4810/1633/108 4807/1630/108 
f 4807/1630/108 4810/1633/108 4787/1610/108 
f 4792/1615/108 4800/1623/108 4787/1610/108 4786/1609/108 
f 4785/1608/108 4787/1610/108 4811/1634/108 4812/1635/108 
f 4813/1636/108 4812/1635/108 4811/1634/108 
f 4814/1637/3615 4815/1638/3616 4816/1639/3616 4817/1640/3615 
f 4818/1641/3617 4819/1642/3618 4820/1643/3618 4821/1644/3617 
f 4822/1645/3619 4823/1646/3620 4824/1647/3620 4825/1648/3619 
f 4826/1649/3621 4827/1650/3622 4828/1651/3622 4829/1652/3621 
f 4830/1653/3623 4831/1654/3624 4832/1655/3624 4833/1656/3625 
f 4834/1657/3626 4835/1658/3627 4836/1659/3627 4837/1660/3626 
f 4838/1661/3628 4839/1662/3629 4840/1663/3629 4841/1664/3628 
f 4842/1665/3630 4843/1666/3631 4844/1667/3631 4845/1668/3630 
f 4846/1669/3632 4847/1670/3633 4848/1671/3633 4849/1672/3632 
f 4850/1673/3634 4851/1674/3635 4852/1675/3635 4853/1676/3634 
f 4854/1677/3636 4855/1678/3637 4856/1679/3637 4857/1680/3636 
f 4858/1681/3638 4859/1682/3639 4860/1683/3640 4861/1684/3638 
f 4862/1685/3641 4863/1686/3642 4864/1687/3643 4865/1688/3641 
f 4866/1689/3644 4867/1690/3645 4868/1691/3645 4869/1692/3646 
f 4870/1693/3647 4871/1694/3648 4872/1695/3648 4873/1696/3647 
f 4874/1697/3649 4875/1698/3650 4876/1699/3650 4877/1700/3651 
s 2
f 4878/1701/1 4879/1702/1 4880/1703/1 4881/1704/1 
f 4881/1704/1 4880/1703/1 4882/1705/1 4883/1706/1 
f 4884/1707/1 4885/1708/1 4886/1709/1 4887/1710/1 
f 4882/1705/1 4884/1707/1 4887/1710/1 4888/1711/1 
f 4889/1712/1 4890/1713/1 4891/1714/1 4888/1711/1 
f 4887/1710/1 4889/1712/1 4888/1711/1 
f 4892/1715/1 4893/1716/1 4894/1717/1 4895/1718/1 
f 4888/1711/1 4892/1715/1 4895/1718/1 4896/1719/1 
f 4897/1720/1 4898/1721/1 4899/1722/1 4896/1719/1 
f 4895/1718/1 4897/1720/1 4896/1719/1 
f 4900/1723/1 4901/1724/1 4902/1725/1 4903/1726/1 
f 4896/1719/1 4900/1723/1 4903/1726/1 4883/1706/1 
f 4904/1727/1 4905/1728/1 4906/1729/1 4883/1706/1 
f 4903/1726/1 4904/1727/1 4883/1706/1 
f 4888/1711/1 4896/1719/1 4883/1706/1 4882/1705/1 
f 4881/1704/1 4883/1706/1 4907/1730/1 4908/1731/1 
f 4909/1732/1 4908/1731/1 4907/1730/1 
f 4910/1733/3652 4911/1734/3653 4912/1735/3654 4913/1736/3655 
f 4914/1737/3656 4915/1738/3657 4916/1739/3658 4917/1740/3659 
f 4918/1741/3660 4919/1742/3661 4920/1743/3662 4921/1744/3663 
f 4922/1745/3664 4923/1746/3665 4924/1747/3666 4925/1748/3667 
f 4926/1749/3668 4927/1750/3669 4928/1751/3670 4929/1752/3671 
f 4930/1753/3672 4931/1754/3673 4932/1755/3674 4933/1756/3675 
f 4934/1757/3676 4935/1758/3677 4936/1759/3678 4937/1760/3679 
f 4938/1761/3680 4939/1762/3681 4940/1763/3682 4941/1764/3683 
f 4942/1765/3684 4943/1766/3685 4944/1767/3686 4945/1768/3687 
f 4946/1769/3688 4947/1770/3689 4948/1771/3690 4949/1772/3691 
f 4950/1773/3692 4951/1774/3693 4952/1775/3694 4953/1776/3695 
f 4954/1777/3696 4955/1778/3697 4956/1779/3698 4957/1780/3699 
f 4958/1781/3700 4959/1782/3701 4960/1783/3702 4961/1784/3703 
f 4962/1785/3704 4963/1786/3705 4964/1787/3706 4965/1788/3707 
f 4966/1789/3708 4967/1790/3709 4968/1791/3710 4969/1792/3711 
f 4970/1793/3712 4971/1794/3713 4972/1795/3714 4973/1796/3715 
f 4974/1797/3716 4975/1798/3717 4911/1734/3653 4910/1733/3652 
f 4817/1640/3718 4816/1639/3719 4975/1798/3717 4974/1797/3716 
f 4976/1799/3720 4977/1800/3721 4915/1738/3657 4914/1737/3656 
f 4877/1700/3722 4876/1699/3723 4977/1800/3721 4976/1799/3720 
f 4978/1801/3724 4979/1802/3725 4919/1742/3661 4918/1741/3660 
f 4873/1696/3726 4872/1695/3727 4979/1802/3725 4978/1801/3724 
f 4980/1803/3728 4981/1804/3729 4923/1746/3665 4922/1745/3664 
f 4869/1692/3730 4868/1691/3731 4981/1804/3729 4980/1803/3728 
f 4982/1805/3732 4983/1806/3733 4927/1750/3669 4926/1749/3668 
f 4865/1688/3734 4864/1687/3735 4983/1806/3733 4982/1805/3732 
f 4984/1807/3736 4985/1808/3737 4931/1754/3673 4930/1753/3672 
f 4861/1684/3738 4860/1683/3739 4985/1808/3737 4984/1807/3736 
f 4986/1809/3740 4987/1810/3741 4935/1758/3677 4934/1757/3676 
f 4857/1680/3742 4856/1679/3743 4987/1810/3741 4986/1809/3740 
f 4988/1811/3744 4989/1812/3745 4939/1762/3681 4938/1761/3680 
f 4853/1676/3746 4852/1675/3747 4989/1812/3745 4988/1811/3744 
f 4990/1813/3748 4991/1814/3749 4943/1766/3685 4942/1765/3684 
f 4849/1672/3750 4848/1671/3751 4991/1814/3749 4990/1813/3748 
f 4992/1815/3752 4993/1816/3753 4947/1770/3689 4946/1769/3688 
f 4845/1668/3754 4844/1667/3755 4993/1816/3753 4992/1815/3752 
f 4994/1817/3756 4995/1818/3757 4951/1774/3693 4950/1773/3692 
f 4841/1664/3758 4840/1663/3759 4995/1818/3757 4994/1817/3756 
f 4996/1819/3760 4997/1820/3761 4955/1778/3697 4954/1777/3696 
f 4837/1660/3762 4836/1659/3763 4997/1820/3761 4996/1819/3760 
f 4998/1821/3764 4999/1822/3765 4959/1782/3701 4958/1781/3700 
f 4833/1656/3766 4832/1655/3767 4999/1822/3765 4998/1821/3764 
f 5000/1823/3768 5001/1824/3769 4963/1786/3705 4962/1785/3704 
f 4829/1652/3770 4828/1651/3771 5001/1824/3769 5000/1823/3768 
f 5002/1825/3772 5003/1826/3773 4967/1790/3709 4966/1789/3708 
f 4825/1648/3774 4824/1647/3775 5003/1826/3773 5002/1825/3772 
f 5004/1827/3776 5005/1828/3777 4971/1794/3713 4970/1793/3712 
f 4821/1644/3778 4820/1643/3779 5005/1828/3777 5004/1827/3776 
f 4913/1736/3655 4912/1735/3654 5006/1829/3552 5007/1830/3557 
f 4973/1796/3715 4972/1795/3714 5008/1831/3556 5009/1832/3561 
f 4969/1792/3711 4968/1791/3710 5010/1833/3560 5011/1834/3565 
f 4965/1788/3707 4964/1787/3706 5012/1835/3564 5013/1836/3569 
f 4961/1784/3703 4960/1783/3702 5014/1837/3568 5015/1838/3573 
f 4957/1780/3699 4956/1779/3698 5016/1839/3572 5017/1840/3577 
f 4953/1776/3695 4952/1775/3694 5018/1841/3780 5019/1842/3581 
f 4949/1772/3691 4948/1771/3690 5020/1843/3580 5021/1844/3585 
f 4945/1768/3687 4944/1767/3686 5022/1845/3584 5023/1846/3589 
f 4941/1764/3683 4940/1763/3682 5024/1847/3588 5025/1848/3593 
f 4937/1760/3679 4936/1759/3678 5026/1849/3592 5027/1850/3781 
f 4933/1756/3675 4932/1755/3674 5028/1851/3782 5029/1852/3601 
f 4929/1752/3671 4928/1751/3670 5030/1853/3600 5031/1854/3783 
f 4925/1748/3667 4924/1747/3666 5032/1855/3604 5033/1856/3784 
f 4921/1744/3663 4920/1743/3662 5034/1857/3785 5035/1858/3613 
f 4917/1740/3659 4916/1739/3658 5036/1859/3786 5037/1860/3553 
s 1
f 5038/1636/3787 5039/1861/3788 5040/1862/3789 5041/1635/3790 
f 5042/1608/3791 5043/1863/3792 5044/1864/3793 5045/1605/3794 
f 5046/1606/3795 5047/1865/3796 5048/1866/3797 5049/1607/3798 
f 5050/1609/3799 5051/1867/3800 5052/1868/3801 5053/1611/3802 
f 5054/1869/3803 5055/1870/3804 5056/1871/3805 5057/1872/3806 
f 5058/1873/3807 5059/1874/3808 5060/1875/3809 5061/1876/3810 
f 5062/1877/3811 5063/1878/3812 5064/1879/3813 5065/1880/3814 
f 5066/1881/3815 5067/1882/3816 5068/1883/3817 5069/1884/3818 
f 5070/1885/3819 5071/1886/3820 5072/1887/3821 5073/1888/3822 
f 5074/1889/3823 5075/1890/3824 5076/1891/3825 5077/1892/3826 
f 5078/1893/3827 5079/1894/3828 5080/1895/3829 5081/1896/3830 
f 5082/1897/3831 5083/1898/3832 5084/1899/3833 5085/1900/3834 
f 5086/1901/3835 5087/1902/3836 5088/1903/3837 5089/1904/3838 
f 5090/1905/3839 5091/1906/3840 5092/1907/3841 5093/1908/3842 
f 5094/1909/3843 5095/1910/3844 5096/1911/3845 5097/1912/3846 
f 5098/1913/3847 5099/1914/3848 5100/1915/3849 5101/1916/3850 
f 5039/1861/3788 5102/1917/3851 5103/1918/3852 5040/1862/3789 
f 5102/1917/3851 5104/1919/3853 5105/1920/3854 5103/1918/3852 
f 5043/1863/3792 5106/1921/3855 5107/1922/3856 5044/1864/3793 
f 5106/1921/3855 5108/1923/3857 5109/1924/3858 5107/1922/3856 
f 5047/1865/3796 5110/1925/3859 5111/1926/3860 5048/1866/3797 
f 5110/1925/3859 5112/1927/3861 5113/1928/3862 5111/1926/3860 
f 5051/1867/3800 5114/1929/3863 5115/1930/3864 5052/1868/3801 
f 5114/1929/3863 5116/1931/3865 5117/1932/3866 5115/1930/3864 
f 5055/1870/3804 5118/1933/3867 5119/1934/3868 5056/1871/3805 
f 5118/1933/3867 5120/1935/3869 5121/1936/3870 5119/1934/3868 
f 5059/1874/3808 5122/1937/3871 5123/1938/3872 5060/1875/3809 
f 5122/1937/3871 5124/1939/3873 5125/1940/3874 5123/1938/3872 
f 5063/1878/3812 5126/1941/3875 5127/1942/3876 5064/1879/3813 
f 5126/1941/3875 5128/1943/3877 5129/1944/3878 5127/1942/3876 
f 5067/1882/3816 5130/1945/3879 5131/1946/3880 5068/1883/3817 
f 5130/1945/3879 5132/1947/3881 5133/1948/3882 5131/1946/3880 
f 5071/1886/3820 5134/1949/3883 5135/1950/3884 5072/1887/3821 
f 5134/1949/3883 5136/1951/3885 5137/1952/3886 5135/1950/3884 
f 5075/1890/3824 5138/1953/3887 5139/1954/3888 5076/1891/3825 
f 5138/1953/3887 5140/1955/3889 5141/1956/3890 5139/1954/3888 
f 5079/1894/3828 5142/1957/3891 5143/1958/3892 5080/1895/3829 
f 5142/1957/3891 5144/1959/3893 5145/1960/3894 5143/1958/3892 
f 5083/1898/3832 5146/1961/3895 5147/1962/3896 5084/1899/3833 
f 5146/1961/3895 5148/1963/3897 5149/1964/3898 5147/1962/3896 
f 5087/1902/3836 5150/1965/3899 5151/1966/3900 5088/1903/3837 
f 5150/1965/3899 5152/1967/3901 5153/1968/3902 5151/1966/3900 
f 5091/1906/3840 5154/1969/3903 5155/1970/3904 5092/1907/3841 
f 5154/1969/3903 5156/1971/3905 5157/1972/3906 5155/1970/3904 
f 5095/1910/3844 5158/1973/3907 5159/1974/3908 5096/1911/3845 
f 5158/1973/3907 5160/1975/3909 5161/1976/3910 5159/1974/3908 
f 5099/1914/3848 5162/1977/3911 5163/1978/3912 5100/1915/3849 
f 5162/1977/3911 5164/1979/3913 5165/1980/3914 5163/1978/3912 
f 5112/1927/3861 5109/1924/3858 4815/1638/3616 4814/1637/3615 
f 5116/1931/3865 5113/1928/3862 4819/1642/3618 4818/1641/3617 
f 5120/1981/3869 5117/1932/3866 4823/1646/3620 4822/1645/3619 
f 5124/1939/3873 5121/1936/3870 4827/1650/3622 4826/1649/3621 
f 5128/1943/3877 5125/1940/3874 4831/1654/3624 4830/1653/3623 
f 5132/1947/3881 5129/1944/3878 4835/1658/3627 4834/1657/3626 
f 5136/1951/3885 5133/1948/3882 4839/1662/3629 4838/1661/3628 
f 5140/1955/3889 5137/1952/3886 4843/1666/3631 4842/1665/3630 
f 5144/1959/3893 5141/1956/3890 4847/1670/3633 4846/1669/3632 
f 5148/1963/3897 5145/1960/3894 4851/1674/3635 4850/1673/3634 
f 5152/1967/3901 5149/1964/3898 4855/1678/3637 4854/1677/3636 
f 5156/1971/3905 5153/1968/3902 4859/1682/3639 4858/1681/3638 
f 5160/1975/3909 5157/1972/3906 4863/1686/3642 4862/1685/3641 
f 5164/1979/3913 5161/1976/3910 4867/1690/3645 4866/1689/3644 
f 5104/1919/3853 5165/1980/3914 4871/1694/3648 4870/1693/3647 
f 5108/1923/3857 5105/1920/3854 4875/1698/3650 4874/1697/3649 
f 5041/1635/3790 4812/1635/108 4813/1636/108 5038/1636/3787 
f 5045/1605/3794 4782/1605/108 4785/1608/108 5042/1608/3791 
f 5049/1607/3798 4784/1607/108 4783/1606/108 5046/1606/3795 
f 5053/1611/3802 4788/1611/108 4786/1609/108 5050/1609/3799 
f 5057/1613/3806 4790/1613/108 4789/1612/108 5054/1612/3803 
f 5061/1616/3810 4793/1616/108 4791/1614/108 5058/1614/3807 
f 5065/1618/3814 4795/1618/108 4794/1617/108 5062/1617/3811 
f 5069/1619/3818 4796/1619/108 4792/1615/108 5066/1615/3815 
f 5073/1621/3822 4798/1621/108 4797/1620/108 5070/1620/3819 
f 5077/1624/3826 4801/1624/108 4799/1622/108 5074/1622/3823 
f 5081/1626/3830 4803/1626/108 4802/1625/108 5078/1625/3827 
f 5085/1627/3834 4804/1627/108 4800/1623/108 5082/1623/3831 
f 5089/1629/3838 4806/1629/108 4805/1628/108 5086/1628/3835 
f 5093/1631/3842 4808/1631/108 4807/1630/108 5090/1630/3839 
f 5097/1633/3846 4810/1633/108 4809/1632/108 5094/1632/3843 
f 5101/1634/3850 4811/1634/108 4787/1610/108 5098/1610/3847 
s 2
f 5166/1982/3915 5167/1983/3916 4718/1984/3551 4721/1985/3554 
f 5168/1986/3917 5169/1987/3918 4722/1988/3555 4725/1989/3558 
f 5170/1990/3919 5171/1991/3920 4726/1992/3559 4729/1993/3562 
f 5172/1994/3921 5173/1995/3922 4730/1996/3563 4733/1997/3566 
f 5174/1998/3923 5175/1999/3924 4734/2000/3567 4737/2001/3570 
f 5176/2002/3925 5177/2003/3926 4738/2004/3571 4741/2005/3574 
f 5178/2006/3927 5179/2007/3928 4742/2008/3575 4745/2009/3578 
f 5180/2010/3929 5181/2011/3930 4746/2012/3579 4749/2013/3582 
f 5182/2014/3931 5183/2015/3932 4750/2016/3583 4753/2017/3586 
f 5184/2018/3933 5185/2019/3934 4754/2020/3587 4757/2021/3590 
f 5186/2022/3935 5187/2023/3936 4758/2024/3591 4761/2025/3594 
f 5188/2026/3937 5189/2027/3938 4762/2028/3595 4765/2029/3598 
f 5190/2030/3939 5191/2031/3940 4766/2032/3599 4769/2033/3602 
f 5192/2034/3941 5193/2035/3942 4770/2036/3603 4773/2037/3606 
f 5194/2038/3943 5195/2039/3944 4774/2040/3607 4777/2041/3610 
f 5196/2042/3945 5197/2043/3946 4778/2044/3611 4781/2045/3614 
f 5198/2046/3947 5199/2047/3948 5167/1983/3916 5166/1982/3915 
f 5200/1732/3949 5201/1730/3950 5199/2047/3948 5198/2046/3947 
f 5202/2048/3951 5203/2049/3952 5169/1987/3918 5168/1986/3917 
f 5204/1706/3953 5205/1729/3954 5203/2049/3952 5202/2048/3951 
f 5206/2050/3955 5207/2051/3956 5171/1991/3920 5170/1990/3919 
f 5208/1728/3957 5209/1727/3958 5207/2051/3956 5206/2050/3955 
f 5210/2052/3959 5211/2053/3960 5173/1995/3922 5172/1994/3921 
f 5212/1726/3961 5213/1725/3962 5211/2053/3960 5210/2052/3959 
f 5214/2054/3963 5215/2055/3964 5175/1999/3924 5174/1998/3923 
f 5216/1724/3965 5217/1723/3966 5215/2055/3964 5214/2054/3963 
f 5218/2056/3967 5219/2057/3968 5177/2003/3926 5176/2002/3925 
f 5220/1719/3969 5221/1722/3970 5219/2057/3968 5218/2056/3967 
f 5222/2058/3971 5223/2059/3972 5179/2007/3928 5178/2006/3927 
f 5224/1721/3973 5225/1720/3974 5223/2059/3972 5222/2058/3971 
f 5226/2060/3975 5227/2061/3976 5181/2011/3930 5180/2010/3929 
f 5228/1718/3977 5229/1717/3978 5227/2061/3976 5226/2060/3975 
f 5230/2062/3979 5231/2063/3980 5183/2015/3932 5182/2014/3931 
f 5232/1716/3981 5233/1715/3982 5231/2063/3980 5230/2062/3979 
f 5234/2064/3983 5235/2065/3984 5185/2019/3934 5184/2018/3933 
f 5236/1711/3985 5237/1714/3986 5235/2065/3984 5234/2064/3983 
f 5238/2066/3987 5239/2067/3988 5187/2023/3936 5186/2022/3935 
f 5240/1713/3989 5241/1712/3990 5239/2067/3988 5238/2066/3987 
f 5242/2068/3991 5243/2069/3992 5189/2027/3938 5188/2026/3937 
f 5244/1710/3993 5245/1709/3994 5243/2069/3992 5242/2068/3991 
f 5246/2070/3995 5247/2071/3996 5191/2031/3940 5190/2030/3939 
f 5248/1708/3997 5249/1707/3998 5247/2071/3996 5246/2070/3995 
f 5250/2072/3999 5251/2073/4000 5193/2035/3942 5192/2034/3941 
f 5252/1705/4001 5253/1703/4002 5251/2073/4000 5250/2072/3999 
f 5254/2074/4003 5255/2075/4004 5195/2039/3944 5194/2038/3943 
f 5256/1702/4005 5257/1701/4006 5255/2075/4004 5254/2074/4003 
f 5258/2076/4007 5259/2077/4008 5197/2043/3946 5196/2042/3945 
f 5260/1704/4009 5261/1731/4010 5259/2077/4008 5258/2076/4007 
f 5007/1830/3557 5006/1829/3552 4719/1542/3552 4724/1547/3557 
f 5009/1832/3561 5008/1831/3556 4723/1546/3556 4728/1551/3561 
f 5011/1834/3565 5010/1833/3560 4727/1550/3560 4732/2078/3565 
f 5013/1836/3569 5012/1835/3564 4731/1554/3564 4736/1559/3569 
f 5015/1838/3573 5014/1837/3568 4735/1558/3568 4740/1563/3573 
f 5017/1840/3577 5016/1839/3572 4739/1562/3572 4744/1567/3577 
f 5019/1842/3581 5018/1841/3780 4743/1566/3576 4748/1571/3581 
f 5021/1844/3585 5020/1843/3580 4747/1570/3580 4752/1575/3585 
f 5023/1846/3589 5022/1845/3584 4751/1574/3584 4756/1579/3589 
f 5025/1848/3593 5024/1847/3588 4755/1578/3588 4760/1583/3593 
f 5027/1850/3781 5026/1849/3592 4759/1582/3592 4764/1587/3597 
f 5029/1852/3601 5028/1851/3782 4763/1586/3596 4768/1591/3601 
f 5031/1854/3783 5030/1853/3600 4767/1590/3600 4772/1595/3605 
f 5033/1856/3784 5032/1855/3604 4771/1594/3604 4776/1599/3609 
f 5035/1858/3613 5034/1857/3785 4775/1598/3608 4780/1603/3613 
f 5037/1860/3553 5036/1859/3786 4779/1602/3612 4720/1543/3553 
f 5201/1730/3950 4907/1730/1 4883/1706/1 5204/1706/3953 
f 5261/1731/4010 4908/1731/1 4909/1732/1 5200/1732/3949 
f 5257/1701/4006 4878/1701/1 4881/1704/1 5260/1704/4009 
f 5253/1703/4002 4880/1703/1 4879/1702/1 5256/1702/4005 
f 5249/1707/3998 4884/1707/1 4882/1705/1 5252/1705/4001 
f 5245/1709/3994 4886/1709/1 4885/1708/1 5248/1708/3997 
f 5241/1712/3990 4889/1712/1 4887/1710/1 5244/1710/3993 
f 5237/1714/3986 4891/1714/1 4890/1713/1 5240/1713/3989 
f 5233/1715/3982 4892/1715/1 4888/1711/1 5236/1711/3985 
f 5229/1717/3978 4894/1717/1 4893/1716/1 5232/1716/3981 
f 5225/1720/3974 4897/1720/1 4895/1718/1 5228/1718/3977 
f 5221/1722/3970 4899/1722/1 4898/1721/1 5224/1721/3973 
f 5217/1723/3966 4900/1723/1 4896/1719/1 5220/1719/3969 
f 5213/1725/3962 4902/1725/1 4901/1724/1 5216/1724/3965 
f 5209/1727/3958 4904/1727/1 4903/1726/1 5212/1726/3961 
f 5205/1729/3954 4906/1729/1 4905/1728/1 5208/1728/3957 
f 5262/1541/3551 5263/1542/3552 5264/1543/4011 5265/1544/4012 
f 5266/1545/3555 5267/1546/3556 5268/1547/4013 5269/1548/3558 
f 5270/1549/3559 5271/1550/4014 5272/1551/3561 5273/1552/3562 
f 5274/1553/3563 5275/1554/3564 5276/1555/3565 5277/1556/3566 
f 5278/1557/3567 5279/1558/3568 5280/1559/3569 5281/1560/3570 
f 5282/1561/3571 5283/1562/3572 5284/1563/3573 5285/1564/3574 
f 5286/1565/3575 5287/1566/4015 5288/1567/4016 5289/1568/4017 
f 5290/1569/3579 5291/1570/3580 5292/1571/4018 5293/1572/4019 
f 5294/1573/4020 5295/1574/4021 5296/1575/4022 5297/1576/4023 
f 5298/1577/4024 5299/1578/4025 5300/1579/4026 5301/1580/4027 
f 5302/1581/4028 5303/1582/4029 5304/1583/4030 5305/1584/4031 
f 5306/1585/3595 5307/1586/3596 5308/1587/4032 5309/1588/4033 
f 5310/1589/4034 5311/1590/4035 5312/1591/4036 5313/1592/4037 
f 5314/1593/4038 5315/1594/4039 5316/1595/4040 5317/1596/4041 
f 5318/1597/4042 5319/1598/4043 5320/1599/4044 5321/1600/4045 
f 5322/1601/4046 5323/1602/4047 5324/1603/4048 5325/1604/4049 
s 1
f 5326/1605/108 5327/1606/108 5328/1607/108 5329/1608/108 
f 5329/1608/108 5328/1607/108 5330/1609/108 5331/1610/108 
f 5332/1611/108 5333/1612/108 5334/1613/108 5330/1609/108 
f 5330/1609/108 5334/1613/108 5335/1614/108 5336/1615/108 
f 5337/1616/108 5338/1617/108 5339/1618/108 5335/1614/108 
f 5335/1614/108 5339/1618/108 5336/1615/108 
f 5340/1619/108 5341/1620/108 5342/1621/108 5336/1615/108 
f 5336/1615/108 5342/1621/108 5343/1622/108 5344/1623/108 
f 5345/1624/108 5346/1625/108 5347/1626/108 5343/1622/108 
f 5343/1622/108 5347/1626/108 5344/1623/108 
f 5348/1627/108 5349/1628/108 5350/1629/108 5344/1623/108 
f 5344/1623/108 5350/1629/108 5351/1630/108 5331/1610/108 
f 5352/1631/108 5353/1632/108 5354/1633/108 5351/1630/108 
f 5351/1630/108 5354/1633/108 5331/1610/108 
f 5336/1615/108 5344/1623/108 5331/1610/108 5330/1609/108 
f 5355/1635/108 5329/1608/108 5331/1610/108 5356/1634/108 
f 5357/1636/108 5355/1635/108 5356/1634/108 
f 5358/1637/3615 5359/1638/3616 5360/1639/3616 5361/1640/4050 
f 5362/1641/3617 5363/1642/3618 5364/1643/3618 5365/1644/3617 
f 5366/1645/3619 5367/1646/3620 5368/1647/3620 5369/1648/3619 
f 5370/1649/3621 5371/1650/3622 5372/1651/3622 5373/1652/3621 
f 5374/1653/3623 5375/1654/3624 5376/1655/3624 5377/1656/3623 
f 5378/1657/4051 5379/1658/3627 5380/1659/3627 5381/1660/4051 
f 5382/1661/4052 5383/1662/3629 5384/1663/3629 5385/1664/4052 
f 5386/1665/4053 5387/1666/4054 5388/1667/3631 5389/1668/4053 
f 5390/1669/4055 5391/1670/4056 5392/1671/4057 5393/1672/4055 
f 5394/1673/4058 5395/1674/4059 5396/1675/4059 5397/1676/4060 
f 5398/1677/4061 5399/1678/4062 5400/1679/4062 5401/1680/4061 
f 5402/1681/4063 5403/1682/3640 5404/1683/3640 5405/1684/4063 
f 5406/1685/4064 5407/1686/4065 5408/1687/4065 5409/1688/4066 
f 5410/1689/4067 5411/1690/4068 5412/1691/4068 5413/1692/4067 
f 5414/1693/4069 5415/1694/4070 5416/1695/4070 5417/1696/4069 
f 5418/1697/4071 5419/1698/4072 5420/1699/4072 5421/1700/4071 
s 2
f 5422/1701/1 5423/1702/1 5424/1703/1 5425/1705/1 
f 5426/1704/1 5422/1701/1 5425/1705/1 5427/1706/1 
f 5428/1707/1 5429/1708/1 5430/1709/1 5431/1710/1 
f 5425/1705/1 5428/1707/1 5431/1710/1 5432/1711/1 
f 5433/1712/1 5434/1713/1 5435/1714/1 5431/1710/1 
f 5431/1710/1 5435/1714/1 5432/1711/1 
f 5436/1715/1 5437/1716/1 5438/1717/1 5439/1718/1 
f 5432/1711/1 5436/1715/1 5439/1718/1 5440/1719/1 
f 5441/1720/1 5442/1721/1 5443/1722/1 5440/1719/1 
f 5439/1718/1 5441/1720/1 5440/1719/1 
f 5444/1723/1 5445/1724/1 5446/1725/1 5447/1726/1 
f 5440/1719/1 5444/1723/1 5447/1726/1 5427/1706/1 
f 5448/1727/1 5449/1728/1 5450/1729/1 5427/1706/1 
f 5447/1726/1 5448/1727/1 5427/1706/1 
f 5432/1711/1 5440/1719/1 5427/1706/1 5425/1705/1 
f 5426/1704/1 5427/1706/1 5451/1730/1 5452/1731/1 
f 5453/1732/1 5452/1731/1 5451/1730/1 
f 5454/1733/3652 5455/1734/3653 5456/1735/3654 5457/1736/3655 
f 5458/1737/4073 5459/1738/4074 5460/1739/4075 5461/1740/4076 
f 5462/1741/4077 5463/1742/4078 5464/1743/4079 5465/1744/4080 
f 5466/1745/4081 5467/1746/4082 5468/1747/4083 5469/1748/4084 
f 5470/1749/4085 5471/1750/3669 5472/1751/4086 5473/1752/4087 
f 5474/1753/4088 5475/1754/3673 5476/1755/3674 5477/1756/4089 
f 5478/1757/4090 5479/1758/4091 5480/1759/4092 5481/1760/4093 
f 5482/1761/4094 5483/1762/4095 5484/1763/4096 5485/1764/4097 
f 5486/1765/4098 5487/1766/3685 5488/1767/4099 5489/1768/4100 
f 5490/1769/4101 5491/1770/3689 5492/1771/3690 5493/1772/4102 
f 5494/1773/4103 5495/1774/3693 5496/1775/3694 5497/1776/4104 
f 5498/1777/4105 5499/1778/3697 5500/1779/3698 5501/1780/3699 
f 5502/1781/3700 5503/1782/3701 5504/1783/3702 5505/1784/3703 
f 5506/1785/3704 5507/1786/3705 5508/1787/3706 5509/1788/3707 
f 5510/1789/3708 5511/1790/3709 5512/1791/3710 5513/1792/3711 
f 5514/1793/3712 5515/1794/3713 5516/1795/3714 5517/1796/3715 
f 5518/1797/4106 5519/1798/4107 5455/1734/3653 5454/1733/3652 
f 5361/1640/4108 5360/1639/4109 5519/1798/4107 5518/1797/4106 
f 5520/1799/4110 5521/1800/4111 5459/1738/4074 5458/1737/4073 
f 5421/1700/4112 5420/1699/4113 5521/1800/4111 5520/1799/4110 
f 5522/1801/4114 5523/1802/4115 5463/1742/4078 5462/1741/4077 
f 5417/1696/4116 5416/1695/4117 5523/1802/4115 5522/1801/4114 
f 5524/1803/4118 5525/1804/4119 5467/1746/4082 5466/1745/4081 
f 5413/1692/4120 5412/1691/4121 5525/1804/4119 5524/1803/4118 
f 5526/1805/4122 5527/1806/4123 5471/1750/3669 5470/1749/4085 
f 5409/1688/4124 5408/1687/4125 5527/1806/4123 5526/1805/4122 
f 5528/1807/4126 5529/1808/4127 5475/1754/3673 5474/1753/4088 
f 5405/1684/4128 5404/1683/4129 5529/1808/4127 5528/1807/4126 
f 5530/1809/4130 5531/1810/4131 5479/1758/4091 5478/1757/4090 
f 5401/1680/4132 5400/1679/4133 5531/1810/4131 5530/1809/4130 
f 5532/1811/4134 5533/1812/4135 5483/1762/4095 5482/1761/4094 
f 5397/1676/4136 5396/1675/4137 5533/1812/4135 5532/1811/4134 
f 5534/1813/4138 5535/1814/4139 5487/1766/3685 5486/1765/4098 
f 5393/1672/4140 5392/1671/4141 5535/1814/4139 5534/1813/4138 
f 5536/1815/4142 5537/1816/4143 5491/1770/3689 5490/1769/4101 
f 5389/1668/4144 5388/1667/4145 5537/1816/4143 5536/1815/4142 
f 5538/1817/4146 5539/1818/4147 5495/1774/3693 5494/1773/4103 
f 5385/1664/4148 5384/1663/4149 5539/1818/4147 5538/1817/4146 
f 5540/1819/4150 5541/1820/4151 5499/1778/3697 5498/1777/4105 
f 5381/1660/4152 5380/1659/4153 5541/1820/4151 5540/1819/4150 
f 5542/1821/4154 5543/1822/4155 5503/1782/3701 5502/1781/3700 
f 5377/1656/4156 5376/1655/4157 5543/1822/4155 5542/1821/4154 
f 5544/1823/4158 5545/1824/4159 5507/1786/3705 5506/1785/3704 
f 5373/1652/4160 5372/1651/4161 5545/1824/4159 5544/1823/4158 
f 5546/1825/4162 5547/1826/4163 5511/1790/3709 5510/1789/3708 
f 5369/1648/4164 5368/1647/4165 5547/1826/4163 5546/1825/4162 
f 5548/1827/4166 5549/1828/4167 5515/1794/3713 5514/1793/3712 
f 5365/1644/4168 5364/1643/4169 5549/1828/4167 5548/1827/4166 
f 5457/1736/3655 5456/1735/3654 5550/1829/4170 5551/1830/3557 
f 5517/1796/3715 5516/1795/3714 5552/1831/3556 5553/1832/3561 
f 5513/1792/3711 5512/1791/3710 5554/1833/3560 5555/1834/3565 
f 5509/1788/3707 5508/1787/3706 5556/1835/3564 5557/1836/3569 
f 5505/1784/3703 5504/1783/3702 5558/1837/3568 5559/1838/3573 
f 5501/1780/3699 5500/1779/3698 5560/1839/3572 5561/1840/4016 
f 5497/1776/4104 5496/1775/3694 5562/1841/3780 5563/1842/4018 
f 5493/1772/4102 5492/1771/3690 5564/1843/3580 5565/1844/4022 
f 5489/1768/4100 5488/1767/4099 5566/1845/4021 5567/1846/4026 
f 5485/1764/4097 5484/1763/4096 5568/1847/4025 5569/1848/4030 
f 5481/1760/4093 5480/1759/4092 5570/1849/4029 5571/1850/4032 
f 5477/1756/4089 5476/1755/3674 5572/1851/3596 5573/1852/4036 
f 5473/1752/4087 5472/1751/4086 5574/1853/4035 5575/1854/4040 
f 5469/1748/4084 5468/1747/4083 5576/1855/4039 5577/1856/4044 
f 5465/1744/4080 5464/1743/4079 5578/1857/4043 5579/1858/4048 
f 5461/1740/4076 5460/1739/4075 5580/1859/4047 5581/1860/4011 
s 1
f 5582/1636/4171 5583/1861/4172 5584/1862/4173 5585/1635/4174 
f 5586/1608/4175 5587/1863/4176 5588/1864/3793 5589/1605/4177 
f 5590/1606/4178 5591/1865/3796 5592/1866/3797 5593/1607/4179 
f 5594/1609/3799 5595/1867/3800 5596/1868/3801 5597/1611/4180 
f 5598/1869/3803 5599/1870/3804 5600/1871/3805 5601/1872/4181 
f 5602/1873/4182 5603/1874/3808 5604/1875/3809 5605/1876/4183 
f 5606/1877/4184 5607/1878/3812 5608/1879/3813 5609/1880/4185 
f 5610/1881/3815 5611/1882/3816 5612/1883/4186 5613/1884/4187 
f 5614/1885/3819 5615/1886/4188 5616/1887/4189 5617/1888/4190 
f 5618/1889/4191 5619/1890/4192 5620/1891/4193 5621/1892/4194 
f 5622/1893/4195 5623/1894/4196 5624/1895/4197 5625/1896/4198 
f 5626/1897/4199 5627/1898/4200 5628/1899/4201 5629/1900/4202 
f 5630/1901/4203 5631/1902/4204 5632/1903/4205 5633/1904/4206 
f 5634/1905/4207 5635/1906/4208 5636/1907/4209 5637/1908/3842 
f 5638/1909/4210 5639/1910/4211 5640/1911/4212 5641/1912/4213 
f 5642/1913/4214 5643/1914/4215 5644/1915/4216 5645/1916/4217 
f 5583/1861/4172 5646/1917/4218 5647/1918/4219 5584/1862/4173 
f 5646/1917/4218 5648/1919/4220 5649/1920/4221 5647/1918/4219 
f 5587/1863/4176 5650/1921/4222 5651/1922/4223 5588/1864/3793 
f 5650/1921/4222 5652/1923/4224 5653/1924/4225 5651/1922/4223 
f 5591/1865/3796 5654/1925/4226 5655/1926/4227 5592/1866/3797 
f 5654/1925/4226 5656/1927/4228 5657/1928/4229 5655/1926/4227 
f 5595/1867/3800 5658/1929/4230 5659/1930/4231 5596/1868/3801 
f 5658/1929/4230 5660/1931/3865 5661/1932/4232 5659/1930/4231 
f 5599/1870/3804 5662/1933/4233 5663/1934/4234 5600/1871/3805 
f 5662/1933/4233 5664/1935/3869 5665/1936/4235 5663/1934/4234 
f 5603/1874/3808 5666/1937/4236 5667/1938/4237 5604/1875/3809 
f 5666/1937/4236 5668/1939/3873 5669/1940/4238 5667/1938/4237 
f 5607/1878/3812 5670/1941/4239 5671/1942/4240 5608/1879/3813 
f 5670/1941/4239 5672/1943/3877 5673/1944/4241 5671/1942/4240 
f 5611/1882/3816 5674/1945/4242 5675/1946/4243 5612/1883/4186 
f 5674/1945/4242 5676/1947/4244 5677/1948/3882 5675/1946/4243 
f 5615/1886/4188 5678/1949/4245 5679/1950/4246 5616/1887/4189 
f 5678/1949/4245 5680/1951/4247 5681/1952/4248 5679/1950/4246 
f 5619/1890/4192 5682/1953/4249 5683/1954/4250 5620/1891/4193 
f 5682/1953/4249 5684/1955/4251 5685/1956/4252 5683/1954/4250 
f 5623/1894/4196 5686/1957/4253 5687/1958/4254 5624/1895/4197 
f 5686/1957/4253 5688/1959/4255 5689/1960/4256 5687/1958/4254 
f 5627/1898/4200 5690/1961/4257 5691/1962/4258 5628/1899/4201 
f 5690/1961/4257 5692/1963/4259 5693/1964/4260 5691/1962/4258 
f 5631/1902/4204 5694/1965/4261 5695/1966/4262 5632/1903/4205 
f 5694/1965/4261 5696/1967/4263 5697/1968/4264 5695/1966/4262 
f 5635/1906/4208 5698/1969/4265 5699/1970/4266 5636/1907/4209 
f 5698/1969/4265 5700/1971/4267 5701/1972/3906 5699/1970/4266 
f 5639/1910/4211 5702/1973/4268 5703/1974/4269 5640/1911/4212 
f 5702/1973/4268 5704/1975/4270 5705/1976/4271 5703/1974/4269 
f 5643/1914/4215 5706/1977/4272 5707/1978/4273 5644/1915/4216 
f 5706/1977/4272 5708/1979/4274 5709/1980/4275 5707/1978/4273 
f 5656/1927/4228 5653/1924/4225 5359/1638/3616 5358/1637/3615 
f 5660/1931/3865 5657/1928/4229 5363/1642/3618 5362/1641/3617 
f 5664/1981/3869 5661/1932/4232 5367/1646/3620 5366/1645/3619 
f 5668/1939/3873 5665/1936/4235 5371/1650/3622 5370/1649/3621 
f 5672/1943/3877 5669/1940/4238 5375/1654/3624 5374/1653/3623 
f 5676/1947/4244 5673/1944/4241 5379/1658/3627 5378/1657/4051 
f 5680/1951/4247 5677/1948/3882 5383/1662/3629 5382/1661/4052 
f 5684/1955/4251 5681/1952/4248 5387/1666/4054 5386/1665/4053 
f 5688/1959/4255 5685/1956/4252 5391/1670/4056 5390/1669/4055 
f 5692/1963/4259 5689/1960/4256 5395/1674/4059 5394/1673/4058 
f 5696/1967/4263 5693/1964/4260 5399/1678/4062 5398/1677/4061 
f 5700/1971/4267 5697/1968/4264 5403/1682/3640 5402/1681/4063 
f 5704/1975/4270 5701/1972/3906 5407/1686/4065 5406/1685/4064 
f 5708/1979/4274 5705/1976/4271 5411/1690/4068 5410/1689/4067 
f 5648/1919/4220 5709/1980/4275 5415/1694/4070 5414/1693/4069 
f 5652/1923/4224 5649/1920/4221 5419/1698/4072 5418/1697/4071 
f 5585/1635/4174 5355/1635/108 5357/1636/108 5582/1636/4171 
f 5589/1605/4177 5326/1605/108 5329/1608/108 5586/1608/4175 
f 5593/1607/4179 5328/1607/108 5327/1606/108 5590/1606/4178 
f 5597/1611/4180 5332/1611/108 5330/1609/108 5594/1609/3799 
f 5601/1613/4181 5334/1613/108 5333/1612/108 5598/1612/3803 
f 5605/1616/4183 5337/1616/108 5335/1614/108 5602/1614/4182 
f 5609/1618/4185 5339/1618/108 5338/1617/108 5606/1617/4184 
f 5613/1619/4187 5340/1619/108 5336/1615/108 5610/1615/3815 
f 5617/1621/4190 5342/1621/108 5341/1620/108 5614/1620/3819 
f 5621/1624/4194 5345/1624/108 5343/1622/108 5618/1622/4191 
f 5625/1626/4198 5347/1626/108 5346/1625/108 5622/1625/4195 
f 5629/1627/4202 5348/1627/108 5344/1623/108 5626/1623/4199 
f 5633/1629/4206 5350/1629/108 5349/1628/108 5630/1628/4203 
f 5637/1631/3842 5352/1631/108 5351/1630/108 5634/1630/4207 
f 5641/1633/4213 5354/1633/108 5353/1632/108 5638/1632/4210 
f 5645/1634/4217 5356/1634/108 5331/1610/108 5642/1610/4214 
s 2
f 5710/1982/4276 5711/1983/4277 5262/1984/3551 5265/1985/4012 
f 5712/1986/3917 5713/1987/4278 5266/1988/3555 5269/1989/3558 
f 5714/1990/3919 5715/1991/3920 5270/1992/3559 5273/1993/3562 
f 5716/1994/4279 5717/1995/3922 5274/1996/3563 5277/1997/3566 
f 5718/1998/3923 5719/1999/3924 5278/2000/3567 5281/2001/3570 
f 5720/2002/3925 5721/2003/4280 5282/2004/3571 5285/2005/3574 
f 5722/2006/4281 5723/2007/3928 5286/2008/3575 5289/2009/4017 
f 5724/2010/4282 5725/2011/4283 5290/2012/3579 5293/2013/4019 
f 5726/2014/4284 5727/2015/4285 5294/2016/4020 5297/2017/4023 
f 5728/2018/4286 5729/2019/4287 5298/2020/4024 5301/2021/4027 
f 5730/2022/4288 5731/2023/4289 5302/2024/4028 5305/2025/4031 
f 5732/2026/4290 5733/2027/4291 5306/2028/3595 5309/2029/4033 
f 5734/2030/4292 5735/2031/4293 5310/2032/4034 5313/2033/4037 
f 5736/2034/4294 5737/2035/4295 5314/2036/4038 5317/2037/4041 
f 5738/2038/4296 5739/2039/4297 5318/2040/4042 5321/2041/4045 
f 5740/2042/4298 5741/2043/4299 5322/2044/4046 5325/2045/4049 
f 5742/2046/4300 5743/2047/4301 5711/1983/4277 5710/1982/4276 
f 5744/1732/4302 5745/1730/4303 5743/2047/4301 5742/2046/4300 
f 5746/2048/4304 5747/2049/4305 5713/1987/4278 5712/1986/3917 
f 5748/1706/4306 5749/1729/4307 5747/2049/4305 5746/2048/4304 
f 5750/2050/4308 5751/2051/4309 5715/1991/3920 5714/1990/3919 
f 5752/1728/4310 5753/1727/4311 5751/2051/4309 5750/2050/4308 
f 5754/2052/4312 5755/2053/3960 5717/1995/3922 5716/1994/4279 
f 5756/1726/4313 5757/1725/4314 5755/2053/3960 5754/2052/4312 
f 5758/2054/4315 5759/2055/4316 5719/1999/3924 5718/1998/3923 
f 5760/1724/3965 5761/1723/4317 5759/2055/4316 5758/2054/4315 
f 5762/2056/4318 5763/2057/4319 5721/2003/4280 5720/2002/3925 
f 5764/1719/4320 5765/1722/4321 5763/2057/4319 5762/2056/4318 
f 5766/2058/4322 5767/2059/4323 5723/2007/3928 5722/2006/4281 
f 5768/1721/4324 5769/1720/4325 5767/2059/4323 5766/2058/4322 
f 5770/2060/4326 5771/2061/3976 5725/2011/4283 5724/2010/4282 
f 5772/1718/4327 5773/1717/4328 5771/2061/3976 5770/2060/4326 
f 5774/2062/4329 5775/2063/4330 5727/2015/4285 5726/2014/4284 
f 5776/1716/4331 5777/1715/4332 5775/2063/4330 5774/2062/4329 
f 5778/2064/4333 5779/2065/4334 5729/2019/4287 5728/2018/4286 
f 5780/1711/4335 5781/1714/4336 5779/2065/4334 5778/2064/4333 
f 5782/2066/4337 5783/2067/4338 5731/2023/4289 5730/2022/4288 
f 5784/1713/4339 5785/1712/4340 5783/2067/4338 5782/2066/4337 
f 5786/2068/4341 5787/2069/3992 5733/2027/4291 5732/2026/4290 
f 5788/1710/4342 5789/1709/3994 5787/2069/3992 5786/2068/4341 
f 5790/2070/4343 5791/2071/4344 5735/2031/4293 5734/2030/4292 
f 5792/1708/4345 5793/1707/4346 5791/2071/4344 5790/2070/4343 
f 5794/2072/4347 5795/2073/4348 5737/2035/4295 5736/2034/4294 
f 5796/1705/4349 5797/1703/4350 5795/2073/4348 5794/2072/4347 
f 5798/2074/4351 5799/2075/4352 5739/2039/4297 5738/2038/4296 
f 5800/1702/4353 5801/1701/4354 5799/2075/4352 5798/2074/4351 
f 5802/2076/4355 5803/2077/4356 5741/2043/4299 5740/2042/4298 
f 5804/1704/4357 5805/1731/4358 5803/2077/4356 5802/2076/4355 
f 5551/1830/3557 5550/1829/4170 5263/1542/3552 5268/1547/4013 
f 5553/1832/3561 5552/1831/3556 5267/1546/3556 5272/1551/3561 
f 5555/1834/3565 5554/1833/3560 5271/1550/4014 5276/2078/3565 
f 5557/1836/3569 5556/1835/3564 5275/1554/3564 5280/1559/3569 
f 5559/1838/3573 5558/1837/3568 5279/1558/3568 5284/1563/3573 
f 5561/1840/4016 5560/1839/3572 5283/1562/3572 5288/1567/4016 
f 5563/1842/4018 5562/1841/3780 5287/1566/4015 5292/1571/4018 
f 5565/1844/4022 5564/1843/3580 5291/1570/3580 5296/1575/4022 
f 5567/1846/4026 5566/1845/4021 5295/1574/4021 5300/1579/4026 
f 5569/1848/4030 5568/1847/4025 5299/1578/4025 5304/1583/4030 
f 5571/1850/4032 5570/1849/4029 5303/1582/4029 5308/1587/4032 
f 5573/1852/4036 5572/1851/3596 5307/1586/3596 5312/1591/4036 
f 5575/1854/4040 5574/1853/4035 5311/1590/4035 5316/1595/4040 
f 5577/1856/4044 5576/1855/4039 5315/1594/4039 5320/1599/4044 
f 5579/1858/4048 5578/1857/4043 5319/1598/4043 5324/1603/4048 
f 5581/1860/4011 5580/1859/4047 5323/1602/4047 5264/1543/4011 
f 5745/1730/4303 5451/1730/1 5427/1706/1 5748/1706/4306 
f 5805/1731/4358 5452/1731/1 5453/1732/1 5744/1732/4302 
f 5801/1701/4354 5422/1701/1 5426/1704/1 5804/1704/4357 
f 5797/1703/4350 5424/1703/1 5423/1702/1 5800/1702/4353 
f 5793/1707/4346 5428/1707/1 5425/1705/1 5796/1705/4349 
f 5789/1709/3994 5430/1709/1 5429/1708/1 5792/1708/4345 
f 5785/1712/4340 5433/1712/1 5431/1710/1 5788/1710/4342 
f 5781/1714/4336 5435/1714/1 5434/1713/1 5784/1713/4339 
f 5777/1715/4332 5436/1715/1 5432/1711/1 5780/1711/4335 
f 5773/1717/4328 5438/1717/1 5437/1716/1 5776/1716/4331 
f 5769/1720/4325 5441/1720/1 5439/1718/1 5772/1718/4327 
f 5765/1722/4321 5443/1722/1 5442/1721/1 5768/1721/4324 
f 5761/1723/4317 5444/1723/1 5440/1719/1 5764/1719/4320 
f 5757/1725/4314 5446/1725/1 5445/1724/1 5760/1724/3965 
f 5753/1727/4311 5448/1727/1 5447/1726/1 5756/1726/4313 
f 5749/1729/4307 5450/1729/1 5449/1728/1 5752/1728/4310 
f 5806/1541/4359 5807/1542/4360 5808/1543/4361 5809/1544/4362 
f 5810/1545/4363 5811/1546/4364 5812/1547/4365 5813/1548/4366 
f 5814/1549/4367 5815/1550/4368 5816/1551/4369 5817/1552/4370 
f 5818/1553/4371 5819/1554/4372 5820/1555/4373 5821/1556/4374 
f 5822/1557/4375 5823/1558/4376 5824/1559/4377 5825/1560/4378 
f 5826/1561/4379 5827/1562/4380 5828/1563/4381 5829/1564/4382 
f 5830/1565/4383 5831/1566/4384 5832/1567/4385 5833/1568/4386 
f 5834/1569/4387 5835/1570/4388 5836/1571/4389 5837/1572/4390 
f 5838/1573/4391 5839/1574/4392 5840/1575/4393 5841/1576/4394 
f 5842/1577/4395 5843/1578/4396 5844/1579/4397 5845/1580/4398 
f 5846/1581/4399 5847/1582/4400 5848/1583/4401 5849/1584/4402 
f 5850/1585/4403 5851/1586/4404 5852/1587/4405 5853/1588/4406 
f 5854/1589/4407 5855/1590/4408 5856/1591/4409 5857/1592/4410 
f 5858/1593/3603 5859/1594/3604 5860/1595/4411 5861/1596/4412 
f 5862/1597/3607 5863/1598/3608 5864/1599/3609 5865/1600/3610 
f 5866/1601/4413 5867/1602/4414 5868/1603/4415 5869/1604/4416 
s 1
f 5870/1605/108 5871/1606/108 5872/1607/108 5873/1609/108 
f 5874/1608/108 5870/1605/108 5873/1609/108 5875/1610/108 
f 5876/1611/108 5877/1612/108 5878/1613/108 5879/1614/108 
f 5873/1609/108 5876/1611/108 5879/1614/108 5880/1615/108 
f 5881/1616/108 5882/1617/108 5883/1618/108 5880/1615/108 
f 5879/1614/108 5881/1616/108 5880/1615/108 
f 5884/1619/108 5885/1620/108 5886/1621/108 5887/1622/108 
f 5880/1615/108 5884/1619/108 5887/1622/108 5888/1623/108 
f 5889/1624/108 5890/1625/108 5891/1626/108 5888/1623/108 
f 5887/1622/108 5889/1624/108 5888/1623/108 
f 5892/1627/108 5893/1628/108 5894/1629/108 5895/1630/108 
f 5888/1623/108 5892/1627/108 5895/1630/108 5875/1610/108 
f 5896/1631/108 5897/1632/108 5898/1633/108 5895/1630/108 
f 5895/1630/108 5898/1633/108 5875/1610/108 
f 5880/1615/108 5888/1623/108 5875/1610/108 5873/1609/108 
f 5874/1608/108 5875/1610/108 5899/1634/108 5900/1635/108 
f 5901/1636/108 5900/1635/108 5899/1634/108 
f 5902/1637/4417 5903/1638/4418 5904/1639/4418 5905/1640/4417 
f 5906/1641/4419 5907/1642/4420 5908/1643/4420 5909/1644/4419 
f 5910/1645/4421 5911/1646/4422 5912/1647/4422 5913/1648/4421 
f 5914/1649/4423 5915/1650/4424 5916/1651/4424 5917/1652/4423 
f 5918/1653/4425 5919/1654/4426 5920/1655/4426 5921/1656/4425 
f 5922/1657/4427 5923/1658/4428 5924/1659/4428 5925/1660/4427 
f 5926/1661/4429 5927/1662/4430 5928/1663/4430 5929/1664/4429 
f 5930/1665/4431 5931/1666/4432 5932/1667/4432 5933/1668/4431 
f 5934/1669/4433 5935/1670/4434 5936/1671/4434 5937/1672/4433 
f 5938/1673/4435 5939/1674/4436 5940/1675/4436 5941/1676/4435 
f 5942/1677/4437 5943/1678/4438 5944/1679/4438 5945/1680/4437 
f 5946/1681/4439 5947/1682/4440 5948/1683/4440 5949/1684/4439 
f 5950/1685/4441 5951/1686/4442 5952/1687/4442 5953/1688/4443 
f 5954/1689/3644 5955/1690/3645 5956/1691/3645 5957/1692/3646 
f 5958/1693/4444 5959/1694/3648 5960/1695/3648 5961/1696/4444 
f 5962/1697/4445 5963/1698/4446 5964/1699/4446 5965/1700/4445 
s 2
f 5966/1701/1 5967/1702/1 5968/1703/1 5969/1704/1 
f 5969/1704/1 5968/1703/1 5970/1705/1 5971/1706/1 
f 5972/1707/1 5973/1708/1 5974/1709/1 5970/1705/1 
f 5970/1705/1 5974/1709/1 5975/1710/1 5976/1711/1 
f 5977/1712/1 5978/1713/1 5979/1714/1 5975/1710/1 
f 5975/1710/1 5979/1714/1 5976/1711/1 
f 5980/1715/1 5981/1716/1 5982/1717/1 5976/1711/1 
f 5976/1711/1 5982/1717/1 5983/1718/1 5984/1719/1 
f 5985/1720/1 5986/1721/1 5987/1722/1 5983/1718/1 
f 5983/1718/1 5987/1722/1 5984/1719/1 
f 5988/1723/1 5989/1724/1 5990/1725/1 5984/1719/1 
f 5984/1719/1 5990/1725/1 5991/1726/1 5971/1706/1 
f 5992/1727/1 5993/1728/1 5994/1729/1 5991/1726/1 
f 5991/1726/1 5994/1729/1 5971/1706/1 
f 5976/1711/1 5984/1719/1 5971/1706/1 5970/1705/1 
f 5995/1731/1 5969/1704/1 5971/1706/1 5996/1730/1 
f 5997/1732/1 5995/1731/1 5996/1730/1 
f 5998/1733/4447 5999/1734/4448 6000/1735/4449 6001/1736/4450 
f 6002/1737/4451 6003/1738/4452 6004/1739/4453 6005/1740/4454 
f 6006/1741/4455 6007/1742/3661 6008/1743/3662 6009/1744/4456 
f 6010/1745/3664 6011/1746/3665 6012/1747/3666 6013/1748/3667 
f 6014/1749/4457 6015/1750/4458 6016/1751/4459 6017/1752/4460 
f 6018/1753/4461 6019/1754/4462 6020/1755/4463 6021/1756/4464 
f 6022/1757/4465 6023/1758/4466 6024/1759/4467 6025/1760/4468 
f 6026/1761/4469 6027/1762/4470 6028/1763/4471 6029/1764/4472 
f 6030/1765/4473 6031/1766/4474 6032/1767/4475 6033/1768/4476 
f 6034/1769/4477 6035/1770/4478 6036/1771/4479 6037/1772/4480 
f 6038/1773/4481 6039/1774/4482 6040/1775/4483 6041/1776/4484 
f 6042/1777/4485 6043/1778/4486 6044/1779/4487 6045/1780/4488 
f 6046/1781/4489 6047/1782/4490 6048/1783/4491 6049/1784/4492 
f 6050/1785/4493 6051/1786/4494 6052/1787/4495 6053/1788/4496 
f 6054/1789/4497 6055/1790/4498 6056/1791/4499 6057/1792/4500 
f 6058/1793/4501 6059/1794/4502 6060/1795/4503 6061/1796/4504 
f 6062/1797/4505 6063/1798/4506 5999/1734/4448 5998/1733/4447 
f 5905/1640/4507 5904/1639/4508 6063/1798/4506 6062/1797/4505 
f 6064/1799/4509 6065/1800/4510 6003/1738/4452 6002/1737/4451 
f 5965/1700/4511 5964/1699/4512 6065/1800/4510 6064/1799/4509 
f 6066/1801/4513 6067/1802/3725 6007/1742/3661 6006/1741/4455 
f 5961/1696/4514 5960/1695/3727 6067/1802/3725 6066/1801/4513 
f 6068/1803/3728 6069/1804/3729 6011/1746/3665 6010/1745/3664 
f 5957/1692/3730 5956/1691/3731 6069/1804/3729 6068/1803/3728 
f 6070/1805/4515 6071/1806/4516 6015/1750/4458 6014/1749/4457 
f 5953/1688/4517 5952/1687/4518 6071/1806/4516 6070/1805/4515 
f 6072/1807/4519 6073/1808/4520 6019/1754/4462 6018/1753/4461 
f 5949/1684/4521 5948/1683/4522 6073/1808/4520 6072/1807/4519 
f 6074/1809/4523 6075/1810/4524 6023/1758/4466 6022/1757/4465 
f 5945/1680/4525 5944/1679/4526 6075/1810/4524 6074/1809/4523 
f 6076/1811/4527 6077/1812/4528 6027/1762/4470 6026/1761/4469 
f 5941/1676/4529 5940/1675/4530 6077/1812/4528 6076/1811/4527 
f 6078/1813/4531 6079/1814/4532 6031/1766/4474 6030/1765/4473 
f 5937/1672/4533 5936/1671/4534 6079/1814/4532 6078/1813/4531 
f 6080/1815/4535 6081/1816/4536 6035/1770/4478 6034/1769/4477 
f 5933/1668/4537 5932/1667/4538 6081/1816/4536 6080/1815/4535 
f 6082/1817/4539 6083/1818/4540 6039/1774/4482 6038/1773/4481 
f 5929/1664/4541 5928/1663/4542 6083/1818/4540 6082/1817/4539 
f 6084/1819/4543 6085/1820/4544 6043/1778/4486 6042/1777/4485 
f 5925/1660/4545 5924/1659/4546 6085/1820/4544 6084/1819/4543 
f 6086/1821/4547 6087/1822/4548 6047/1782/4490 6046/1781/4489 
f 5921/1656/4549 5920/1655/4550 6087/1822/4548 6086/1821/4547 
f 6088/1823/4551 6089/1824/4552 6051/1786/4494 6050/1785/4493 
f 5917/1652/4553 5916/1651/4554 6089/1824/4552 6088/1823/4551 
f 6090/1825/4555 6091/1826/4556 6055/1790/4498 6054/1789/4497 
f 5913/1648/4557 5912/1647/4558 6091/1826/4556 6090/1825/4555 
f 6092/1827/4559 6093/1828/4560 6059/1794/4502 6058/1793/4501 
f 5909/1644/4561 5908/1643/4562 6093/1828/4560 6092/1827/4559 
f 6001/1736/4450 6000/1735/4449 6094/1829/4563 6095/1830/4365 
f 6061/1796/4504 6060/1795/4503 6096/1831/4364 6097/1832/4369 
f 6057/1792/4500 6056/1791/4499 6098/1833/4368 6099/1834/4373 
f 6053/1788/4496 6052/1787/4495 6100/1835/4564 6101/1836/4377 
f 6049/1784/4492 6048/1783/4491 6102/1837/4376 6103/1838/4381 
f 6045/1780/4488 6044/1779/4487 6104/1839/4380 6105/1840/4385 
f 6041/1776/4484 6040/1775/4483 6106/1841/4384 6107/1842/4389 
f 6037/1772/4480 6036/1771/4479 6108/1843/4388 6109/1844/4393 
f 6033/1768/4476 6032/1767/4475 6110/1845/4392 6111/1846/4397 
f 6029/1764/4472 6028/1763/4471 6112/1847/4396 6113/1848/4401 
f 6025/1760/4468 6024/1759/4467 6114/1849/4565 6115/1850/4405 
f 6021/1756/4464 6020/1755/4463 6116/1851/4566 6117/1852/4409 
f 6017/1752/4460 6016/1751/4459 6118/1853/4408 6119/1854/4567 
f 6013/1748/3667 6012/1747/3666 6120/1855/4568 6121/1856/3609 
f 6009/1744/4456 6008/1743/3662 6122/1857/3608 6123/1858/4569 
f 6005/1740/4454 6004/1739/4453 6124/1859/4414 6125/1860/4570 
s 1
f 6126/1636/4571 6127/1861/4572 6128/1862/4573 6129/1635/4574 
f 6130/1608/4575 6131/1863/4576 6132/1864/4577 6133/1605/4578 
f 6134/1606/4579 6135/1865/4580 6136/1866/4581 6137/1607/4582 
f 6138/1609/4583 6139/1867/4584 6140/1868/4585 6141/1611/4586 
f 6142/1869/4587 6143/1870/4588 6144/1871/4589 6145/1872/4590 
f 6146/1873/4591 6147/1874/4592 6148/1875/4593 6149/1876/4594 
f 6150/1877/4595 6151/1878/4596 6152/1879/4597 6153/1880/4598 
f 6154/1881/4599 6155/1882/4600 6156/1883/4601 6157/1884/4602 
f 6158/1885/4603 6159/1886/4604 6160/1887/4605 6161/1888/4606 
f 6162/1889/4191 6163/1890/4607 6164/1891/4608 6165/1892/4609 
f 6166/1893/4610 6167/1894/4611 6168/1895/4612 6169/1896/4613 
f 6170/1897/4614 6171/1898/4615 6172/1899/4616 6173/1900/4617 
f 6174/1901/4618 6175/1902/4619 6176/1903/4620 6177/1904/4621 
f 6178/1905/4622 6179/1906/4623 6180/1907/4624 6181/1908/4625 
f 6182/1909/4626 6183/1910/4627 6184/1911/3845 6185/1912/3846 
f 6186/1913/3847 6187/1914/3848 6188/1915/3849 6189/1916/3850 
f 6127/1861/4572 6190/1917/4628 6191/1918/4629 6128/1862/4573 
f 6190/1917/4628 6192/1919/4630 6193/1920/4631 6191/1918/4629 
f 6131/1863/4576 6194/1921/4632 6195/1922/4633 6132/1864/4577 
f 6194/1921/4632 6196/1923/4634 6197/1924/4635 6195/1922/4633 
f 6135/1865/4580 6198/1925/4636 6199/1926/4637 6136/1866/4581 
f 6198/1925/4636 6200/1927/4638 6201/1928/4639 6199/1926/4637 
f 6139/1867/4584 6202/1929/4640 6203/1930/4641 6140/1868/4585 
f 6202/1929/4640 6204/1931/4642 6205/1932/4643 6203/1930/4641 
f 6143/1870/4588 6206/1933/4644 6207/1934/4645 6144/1871/4589 
f 6206/1933/4644 6208/1935/4646 6209/1936/4647 6207/1934/4645 
f 6147/1874/4592 6210/1937/4648 6211/1938/4649 6148/1875/4593 
f 6210/1937/4648 6212/1939/4650 6213/1940/4651 6211/1938/4649 
f 6151/1878/4596 6214/1941/4652 6215/1942/4653 6152/1879/4597 
f 6214/1941/4652 6216/1943/4654 6217/1944/4655 6215/1942/4653 
f 6155/1882/4600 6218/1945/4656 6219/1946/4657 6156/1883/4601 
f 6218/1945/4656 6220/1947/4658 6221/1948/4659 6219/1946/4657 
f 6159/1886/4604 6222/1949/4660 6223/1950/4661 6160/1887/4605 
f 6222/1949/4660 6224/1951/4662 6225/1952/4663 6223/1950/4661 
f 6163/1890/4607 6226/1953/4664 6227/1954/4665 6164/1891/4608 
f 6226/1953/4664 6228/1955/4666 6229/1956/4667 6227/1954/4665 
f 6167/1894/4611 6230/1957/4668 6231/1958/4669 6168/1895/4612 
f 6230/1957/4668 6232/1959/4670 6233/1960/4671 6231/1958/4669 
f 6171/1898/4615 6234/1961/4672 6235/1962/4673 6172/1899/4616 
f 6234/1961/4672 6236/1963/4674 6237/1964/4675 6235/1962/4673 
f 6175/1902/4619 6238/1965/4676 6239/1966/4677 6176/1903/4620 
f 6238/1965/4676 6240/1967/4678 6241/1968/4679 6239/1966/4677 
f 6179/1906/4623 6242/1969/4680 6243/1970/4681 6180/1907/4624 
f 6242/1969/4680 6244/1971/4682 6245/1972/4683 6243/1970/4681 
f 6183/1910/4627 6246/1973/4684 6247/1974/3908 6184/1911/3845 
f 6246/1973/4684 6248/1975/4685 6249/1976/3910 6247/1974/3908 
f 6187/1914/3848 6250/1977/3911 6251/1978/3912 6188/1915/3849 
f 6250/1977/3911 6252/1979/3913 6253/1980/3914 6251/1978/3912 
f 6200/1927/4638 6197/1924/4635 5903/1638/4418 5902/1637/4417 
f 6204/1931/4642 6201/1928/4639 5907/1642/4420 5906/1641/4419 
f 6208/1981/4646 6205/1932/4643 5911/1646/4422 5910/1645/4421 
f 6212/1939/4650 6209/1936/4647 5915/1650/4424 5914/1649/4423 
f 6216/1943/4654 6213/1940/4651 5919/1654/4426 5918/1653/4425 
f 6220/1947/4658 6217/1944/4655 5923/1658/4428 5922/1657/4427 
f 6224/1951/4662 6221/1948/4659 5927/1662/4430 5926/1661/4429 
f 6228/1955/4666 6225/1952/4663 5931/1666/4432 5930/1665/4431 
f 6232/1959/4670 6229/1956/4667 5935/1670/4434 5934/1669/4433 
f 6236/1963/4674 6233/1960/4671 5939/1674/4436 5938/1673/4435 
f 6240/1967/4678 6237/1964/4675 5943/1678/4438 5942/1677/4437 
f 6244/1971/4682 6241/1968/4679 5947/1682/4440 5946/1681/4439 
f 6248/1975/4685 6245/1972/4683 5951/1686/4442 5950/1685/4441 
f 6252/1979/3913 6249/1976/3910 5955/1690/3645 5954/1689/3644 
f 6192/1919/4630 6253/1980/3914 5959/1694/3648 5958/1693/4444 
f 6196/1923/4634 6193/1920/4631 5963/1698/4446 5962/1697/4445 
f 6129/1635/4574 5900/1635/108 5901/1636/108 6126/1636/4571 
f 6133/1605/4578 5870/1605/108 5874/1608/108 6130/1608/4575 
f 6137/1607/4582 5872/1607/108 5871/1606/108 6134/1606/4579 
f 6141/1611/4586 5876/1611/108 5873/1609/108 6138/1609/4583 
f 6145/1613/4590 5878/1613/108 5877/1612/108 6142/1612/4587 
f 6149/1616/4594 5881/1616/108 5879/1614/108 6146/1614/4591 
f 6153/1618/4598 5883/1618/108 5882/1617/108 6150/1617/4595 
f 6157/1619/4602 5884/1619/108 5880/1615/108 6154/1615/4599 
f 6161/1621/4606 5886/1621/108 5885/1620/108 6158/1620/4603 
f 6165/1624/4609 5889/1624/108 5887/1622/108 6162/1622/4191 
f 6169/1626/4613 5891/1626/108 5890/1625/108 6166/1625/4610 
f 6173/1627/4617 5892/1627/108 5888/1623/108 6170/1623/4614 
f 6177/1629/4621 5894/1629/108 5893/1628/108 6174/1628/4618 
f 6181/1631/4625 5896/1631/108 5895/1630/108 6178/1630/4622 
f 6185/1633/3846 5898/1633/108 5897/1632/108 6182/1632/4626 
f 6189/1634/3850 5899/1634/108 5875/1610/108 6186/1610/3847 
s 2
f 6254/1982/4686 6255/1983/4687 5806/1984/4359 5809/1985/4362 
f 6256/1986/4688 6257/1987/4689 5810/1988/4363 5813/1989/4366 
f 6258/1990/4690 6259/1991/4691 5814/1992/4367 5817/1993/4370 
f 6260/1994/4692 6261/1995/4693 5818/1996/4371 5821/1997/4374 
f 6262/1998/4694 6263/1999/4695 5822/2000/4375 5825/2001/4378 
f 6264/2002/4696 6265/2003/4697 5826/2004/4379 5829/2005/4382 
f 6266/2006/4698 6267/2007/4699 5830/2008/4383 5833/2009/4386 
f 6268/2010/4700 6269/2011/4701 5834/2012/4387 5837/2013/4390 
f 6270/2014/4702 6271/2015/4703 5838/2016/4391 5841/2017/4394 
f 6272/2018/4704 6273/2019/4705 5842/2020/4395 5845/2021/4398 
f 6274/2022/4706 6275/2023/4707 5846/2024/4399 5849/2025/4402 
f 6276/2026/4708 6277/2027/4709 5850/2028/4403 5853/2029/4406 
f 6278/2030/4710 6279/2031/4711 5854/2032/4407 5857/2033/4410 
f 6280/2034/4712 6281/2035/3942 5858/2036/3603 5861/2037/4412 
f 6282/2038/3943 6283/2039/3944 5862/2040/3607 5865/2041/3610 
f 6284/2042/4713 6285/2043/4714 5866/2044/4413 5869/2045/4416 
f 6286/2046/4715 6287/2047/4716 6255/1983/4687 6254/1982/4686 
f 6288/1732/4717 6289/1730/4718 6287/2047/4716 6286/2046/4715 
f 6290/2048/4719 6291/2049/4720 6257/1987/4689 6256/1986/4688 
f 6292/1706/4721 6293/1729/4722 6291/2049/4720 6290/2048/4719 
f 6294/2050/4723 6295/2051/4724 6259/1991/4691 6258/1990/4690 
f 6296/1728/4725 6297/1727/4726 6295/2051/4724 6294/2050/4723 
f 6298/2052/4727 6299/2053/4728 6261/1995/4693 6260/1994/4692 
f 6300/1726/4729 6301/1725/4730 6299/2053/4728 6298/2052/4727 
f 6302/2054/4731 6303/2055/4732 6263/1999/4695 6262/1998/4694 
f 6304/1724/4733 6305/1723/4734 6303/2055/4732 6302/2054/4731 
f 6306/2056/4735 6307/2057/4736 6265/2003/4697 6264/2002/4696 
f 6308/1719/4737 6309/1722/4738 6307/2057/4736 6306/2056/4735 
f 6310/2058/4739 6311/2059/4740 6267/2007/4699 6266/2006/4698 
f 6312/1721/4741 6313/1720/4742 6311/2059/4740 6310/2058/4739 
f 6314/2060/4743 6315/2061/4744 6269/2011/4701 6268/2010/4700 
f 6316/1718/4745 6317/1717/4746 6315/2061/4744 6314/2060/4743 
f 6318/2062/4747 6319/2063/4748 6271/2015/4703 6270/2014/4702 
f 6320/1716/4749 6321/1715/4750 6319/2063/4748 6318/2062/4747 
f 6322/2064/4751 6323/2065/4752 6273/2019/4705 6272/2018/4704 
f 6324/1711/4753 6325/1714/4754 6323/2065/4752 6322/2064/4751 
f 6326/2066/4755 6327/2067/4756 6275/2023/4707 6274/2022/4706 
f 6328/1713/4757 6329/1712/4758 6327/2067/4756 6326/2066/4755 
f 6330/2068/4759 6331/2069/4760 6277/2027/4709 6276/2026/4708 
f 6332/1710/4761 6333/1709/4762 6331/2069/4760 6330/2068/4759 
f 6334/2070/4763 6335/2071/4764 6279/2031/4711 6278/2030/4710 
f 6336/1708/4765 6337/1707/4766 6335/2071/4764 6334/2070/4763 
f 6338/2072/4767 6339/2073/4000 6281/2035/3942 6280/2034/4712 
f 6340/1705/4768 6341/1703/4002 6339/2073/4000 6338/2072/4767 
f 6342/2074/4003 6343/2075/4004 6283/2039/3944 6282/2038/3943 
f 6344/1702/4005 6345/1701/4006 6343/2075/4004 6342/2074/4003 
f 6346/2076/4769 6347/2077/4770 6285/2043/4714 6284/2042/4713 
f 6348/1704/4357 6349/1731/4771 6347/2077/4770 6346/2076/4769 
f 6095/1830/4365 6094/1829/4563 5807/1542/4360 5812/1547/4365 
f 6097/1832/4369 6096/1831/4364 5811/1546/4364 5816/1551/4369 
f 6099/1834/4373 6098/1833/4368 5815/1550/4368 5820/2078/4373 
f 6101/1836/4377 6100/1835/4564 5819/1554/4372 5824/1559/4377 
f 6103/1838/4381 6102/1837/4376 5823/1558/4376 5828/1563/4381 
f 6105/1840/4385 6104/1839/4380 5827/1562/4380 5832/1567/4385 
f 6107/1842/4389 6106/1841/4384 5831/1566/4384 5836/1571/4389 
f 6109/1844/4393 6108/1843/4388 5835/1570/4388 5840/1575/4393 
f 6111/1846/4397 6110/1845/4392 5839/1574/4392 5844/1579/4397 
f 6113/1848/4401 6112/1847/4396 5843/1578/4396 5848/1583/4401 
f 6115/1850/4405 6114/1849/4565 5847/1582/4400 5852/1587/4405 
f 6117/1852/4409 6116/1851/4566 5851/1586/4404 5856/1591/4409 
f 6119/1854/4567 6118/1853/4408 5855/1590/4408 5860/1595/4411 
f 6121/1856/3609 6120/1855/4568 5859/1594/3604 5864/1599/3609 
f 6123/1858/4569 6122/1857/3608 5863/1598/3608 5868/1603/4415 
f 6125/1860/4570 6124/1859/4414 5867/1602/4414 5808/1543/4361 
f 6289/1730/4718 5996/1730/1 5971/1706/1 6292/1706/4721 
f 6349/1731/4771 5995/1731/1 5997/1732/1 6288/1732/4717 
f 6345/1701/4006 5966/1701/1 5969/1704/1 6348/1704/4357 
f 6341/1703/4002 5968/1703/1 5967/1702/1 6344/1702/4005 
f 6337/1707/4766 5972/1707/1 5970/1705/1 6340/1705/4768 
f 6333/1709/4762 5974/1709/1 5973/1708/1 6336/1708/4765 
f 6329/1712/4758 5977/1712/1 5975/1710/1 6332/1710/4761 
f 6325/1714/4754 5979/1714/1 5978/1713/1 6328/1713/4757 
f 6321/1715/4750 5980/1715/1 5976/1711/1 6324/1711/4753 
f 6317/1717/4746 5982/1717/1 5981/1716/1 6320/1716/4749 
f 6313/1720/4742 5985/1720/1 5983/1718/1 6316/1718/4745 
f 6309/1722/4738 5987/1722/1 5986/1721/1 6312/1721/4741 
f 6305/1723/4734 5988/1723/1 5984/1719/1 6308/1719/4737 
f 6301/1725/4730 5990/1725/1 5989/1724/1 6304/1724/4733 
f 6297/1727/4726 5992/1727/1 5991/1726/1 6300/1726/4729 
f 6293/1729/4722 5994/1729/1 5993/1728/1 6296/1728/4725 
s 1
f 6350/2079/1 6351/2080/1 6352/2081/1 6353/2082/1 
f 6352/2081/1 6354/2083/1 6355/2084/1 6356/2085/1 
f 6355/2084/1 6357/2086/1 6356/2085/1 
f 6356/2085/1 6358/2087/1 6359/2088/1 6360/2089/1 
f 6359/2088/1 6361/2090/1 6360/2089/1 
f 6360/2089/1 6362/2091/1 6363/2092/1 6353/2082/1 
f 6363/2092/1 6364/2093/1 6353/2082/1 
f 6356/2085/1 6360/2089/1 6353/2082/1 6352/2081/1 
f 6365/2094/1 6350/2079/1 6353/2082/1 
f 6366/2095/106 6367/2096/4772 6368/2097/4772 6369/317/106 
f 6367/2096/4772 6370/2098/4773 6371/327/4773 6368/2097/4772 
f 6370/2098/4773 6372/2099/4774 6373/2100/4774 6371/327/4773 
f 6372/2101/4774 6374/2102/26 6375/417/26 6373/2103/4774 
f 6374/2102/26 6376/2104/4775 6377/2105/4775 6375/417/26 
f 6376/2104/4775 6378/2106/4776 6379/447/4776 6377/2105/4775 
f 6378/2106/4776 6380/2107/4777 6381/2108/4777 6379/447/4776 
f 6380/2107/4777 6382/2109/52 6383/470/52 6381/2108/4777 
f 6382/2109/52 6384/2110/4778 6385/2111/4778 6383/470/52 
f 6384/2110/4778 6386/2112/4779 6387/499/4779 6385/2111/4778 
f 6386/2112/4779 6388/2113/4780 6389/2114/4780 6387/499/4779 
f 6388/2113/4780 6390/2115/80 6391/522/80 6389/2114/4780 
f 6390/2115/80 6392/2116/4781 6393/2117/4781 6391/522/80 
f 6392/2116/4781 6394/2118/4782 6395/551/4782 6393/2117/4781 
f 6394/2118/4782 6396/2119/4783 6397/2120/4783 6395/551/4782 
f 6396/2119/4783 6366/2095/106 6369/317/106 6397/2120/4783 
s 2
f 6369/317/108 6368/2097/108 6371/327/108 6395/2121/108 
f 6371/327/108 6373/2100/108 6375/2122/108 6379/2123/108 
f 6375/2122/108 6377/2124/108 6379/2123/108 
f 6379/2123/108 6381/2125/108 6383/2126/108 6387/2127/108 
f 6383/2126/108 6385/2128/108 6387/2127/108 
f 6387/2127/108 6389/2129/108 6391/2130/108 6395/2121/108 
f 6391/2130/108 6393/2131/108 6395/2121/108 
f 6379/2123/108 6387/2127/108 6395/2121/108 6371/327/108 
f 6397/2120/108 6369/317/108 6395/2121/108 
f 6364/2093/4784 6367/2096/4784 6366/2095/4785 6353/2082/4785 
f 6363/2092/4786 6370/2098/4786 6367/2096/4784 6364/2093/4784 
f 6362/2091/4787 6372/2099/4787 6370/2098/4786 6363/2092/4786 
f 6360/2132/4788 6374/2102/4788 6372/2101/4787 6362/2133/4787 
f 6361/2134/4789 6376/2104/4789 6374/2102/4788 6360/2135/4788 
f 6359/2136/4790 6378/2106/4790 6376/2104/4789 6361/2137/4789 
f 6358/2138/4791 6380/2107/4791 6378/2106/4790 6359/2139/4790 
f 6356/2140/4792 6382/2109/4792 6380/2107/4791 6358/2141/4791 
f 6357/2142/4793 6384/2110/4793 6382/2109/4792 6356/2143/4792 
f 6355/2144/4794 6386/2112/4794 6384/2110/4793 6357/2145/4793 
f 6354/2146/4795 6388/2113/4795 6386/2112/4794 6355/2147/4794 
f 6352/2148/4796 6390/2115/4796 6388/2113/4795 6354/2149/4795 
f 6351/2150/4797 6392/2116/4797 6390/2115/4796 6352/2151/4796 
f 6350/2152/4798 6394/2118/4798 6392/2116/4797 6351/2153/4797 
f 6365/2154/4799 6396/2119/4799 6394/2118/4798 6350/2155/4798 
f 6353/2156/4785 6366/2095/4785 6396/2119/4799 6365/2157/4799 
s 1
f 6398/2079/1 6399/2080/1 6400/2081/1 6401/2082/1 
f 6400/2081/1 6402/2083/1 6403/2084/1 6404/2085/1 
f 6403/2084/1 6405/2086/1 6404/2085/1 
f 6404/2085/1 6406/2087/1 6407/2088/1 6408/2089/1 
f 6407/2088/1 6409/2090/1 6408/2089/1 
f 6408/2089/1 6410/2091/1 6411/2092/1 6401/2082/1 
f 6411/2092/1 6412/2093/1 6401/2082/1 
f 6404/2085/1 6408/2089/1 6401/2082/1 6400/2081/1 
f 6413/2094/1 6398/2079/1 6401/2082/1 
f 6414/2095/106 6415/2096/4772 6416/2097/4772 6417/317/106 
f 6415/2096/4772 6418/2098/4773 6419/327/4773 6416/2097/4772 
f 6418/2098/4773 6420/2099/4774 6421/2100/4774 6419/327/4773 
f 6420/2101/4774 6422/2102/26 6423/417/26 6421/2103/4774 
f 6422/2102/26 6424/2104/4775 6425/2105/4775 6423/417/26 
f 6424/2104/4775 6426/2106/4776 6427/447/4776 6425/2105/4775 
f 6426/2106/4776 6428/2107/4777 6429/2108/4777 6427/447/4776 
f 6428/2107/4777 6430/2109/52 6431/470/52 6429/2108/4777 
f 6430/2109/52 6432/2110/4778 6433/2111/4778 6431/470/52 
f 6432/2110/4778 6434/2112/4779 6435/499/4779 6433/2111/4778 
f 6434/2112/4779 6436/2113/4780 6437/2114/4780 6435/499/4779 
f 6436/2113/4780 6438/2115/80 6439/522/80 6437/2114/4780 
f 6438/2115/80 6440/2116/4781 6441/2117/4781 6439/522/80 
f 6440/2116/4781 6442/2118/4782 6443/551/4782 6441/2117/4781 
f 6442/2118/4782 6444/2119/4783 6445/2120/4783 6443/551/4782 
f 6444/2119/4783 6414/2095/106 6417/317/106 6445/2120/4783 
s 2
f 6417/317/108 6416/2097/108 6419/327/108 6443/2121/108 
f 6419/327/108 6421/2100/108 6423/2122/108 6427/2123/108 
f 6423/2122/108 6425/2124/108 6427/2123/108 
f 6427/2123/108 6429/2125/108 6431/2126/108 6435/2127/108 
f 6431/2126/108 6433/2128/108 6435/2127/108 
f 6435/2127/108 6437/2129/108 6439/2130/108 6443/2121/108 
f 6439/2130/108 6441/2131/108 6443/2121/108 
f 6427/2123/108 6435/2127/108 6443/2121/108 6419/327/108 
f 6445/2120/108 6417/317/108 6443/2121/108 
f 6412/2093/4784 6415/2096/4784 6414/2095/4800 6401/2082/4800 
f 6411/2092/4786 6418/2098/4786 6415/2096/4784 6412/2093/4784 
f 6410/2091/4787 6420/2099/4787 6418/2098/4786 6411/2092/4786 
f 6408/2132/4801 6422/2102/4801 6420/2101/4787 6410/2133/4787 
f 6409/2134/4789 6424/2104/4789 6422/2102/4801 6408/2135/4801 
f 6407/2136/4790 6426/2106/4790 6424/2104/4789 6409/2137/4789 
f 6406/2138/4791 6428/2107/4791 6426/2106/4790 6407/2139/4790 
f 6404/2140/4802 6430/2109/4802 6428/2107/4791 6406/2141/4791 
f 6405/2142/4793 6432/2110/4793 6430/2109/4802 6404/2143/4802 
f 6403/2144/4794 6434/2112/4794 6432/2110/4793 6405/2145/4793 
f 6402/2146/4795 6436/2113/4795 6434/2112/4794 6403/2147/4794 
f 6400/2148/4803 6438/2115/4803 6436/2113/4795 6402/2149/4795 
f 6399/2150/4797 6440/2116/4797 6438/2115/4803 6400/2151/4803 
f 6398/2152/4798 6442/2118/4798 6440/2116/4797 6399/2153/4797 
f 6413/2154/4799 6444/2119/4799 6442/2118/4798 6398/2155/4798 
f 6401/2156/4800 6414/2095/4800 6444/2119/4799 6413/2157/4799 
s 1
f 6446/2079/1 6447/2080/1 6448/2081/1 6449/2082/1 
f 6448/2081/1 6450/2083/1 6451/2084/1 6452/2085/1 
f 6451/2084/1 6453/2086/1 6452/2085/1 
f 6452/2085/1 6454/2087/1 6455/2088/1 6456/2089/1 
f 6455/2088/1 6457/2090/1 6456/2089/1 
f 6456/2089/1 6458/2091/1 6459/2092/1 6449/2082/1 
f 6459/2092/1 6460/2093/1 6449/2082/1 
f 6452/2085/1 6456/2089/1 6449/2082/1 6448/2081/1 
f 6461/2094/1 6446/2079/1 6449/2082/1 
f 6462/2095/106 6463/2096/4772 6464/2097/4772 6465/317/106 
f 6463/2096/4772 6466/2098/4773 6467/327/4773 6464/2097/4772 
f 6466/2098/4773 6468/2099/4774 6469/2100/4774 6467/327/4773 
f 6468/2101/4774 6470/2102/26 6471/417/26 6469/2103/4774 
f 6470/2102/26 6472/2104/4775 6473/2105/4775 6471/417/26 
f 6472/2104/4775 6474/2106/4776 6475/447/4776 6473/2105/4775 
f 6474/2106/4776 6476/2107/4777 6477/2108/4777 6475/447/4776 
f 6476/2107/4777 6478/2109/52 6479/470/52 6477/2108/4777 
f 6478/2109/52 6480/2110/4778 6481/2111/4778 6479/470/52 
f 6480/2110/4778 6482/2112/4779 6483/499/4779 6481/2111/4778 
f 6482/2112/4779 6484/2113/4780 6485/2114/4780 6483/499/4779 
f 6484/2113/4780 6486/2115/80 6487/522/80 6485/2114/4780 
f 6486/2115/80 6488/2116/4781 6489/2117/4781 6487/522/80 
f 6488/2116/4781 6490/2118/4782 6491/551/4782 6489/2117/4781 
f 6490/2118/4782 6492/2119/4783 6493/2120/4783 6491/551/4782 
f 6492/2119/4783 6462/2095/106 6465/317/106 6493/2120/4783 
s 2
f 6465/317/108 6464/2097/108 6467/327/108 6491/2121/108 
f 6467/327/108 6469/2100/108 6471/2122/108 6475/2123/108 
f 6471/2122/108 6473/2124/108 6475/2123/108 
f 6475/2123/108 6477/2125/108 6479/2126/108 6483/2127/108 
f 6479/2126/108 6481/2128/108 6483/2127/108 
f 6483/2127/108 6485/2129/108 6487/2130/108 6491/2121/108 
f 6487/2130/108 6489/2131/108 6491/2121/108 
f 6475/2123/108 6483/2127/108 6491/2121/108 6467/327/108 
f 6493/2120/108 6465/317/108 6491/2121/108 
f 6460/2093/4784 6463/2096/4784 6462/2095/4785 6449/2082/4785 
f 6459/2092/4786 6466/2098/4786 6463/2096/4784 6460/2093/4784 
f 6458/2091/4787 6468/2099/4787 6466/2098/4786 6459/2092/4786 
f 6456/2132/4788 6470/2102/4788 6468/2101/4787 6458/2133/4787 
f 6457/2134/4789 6472/2104/4789 6470/2102/4788 6456/2135/4788 
f 6455/2136/4790 6474/2106/4790 6472/2104/4789 6457/2137/4789 
f 6454/2138/4791 6476/2107/4791 6474/2106/4790 6455/2139/4790 
f 6452/2140/4802 6478/2109/4802 6476/2107/4791 6454/2141/4791 
f 6453/2142/4793 6480/2110/4793 6478/2109/4802 6452/2143/4802 
f 6451/2144/4794 6482/2112/4794 6480/2110/4793 6453/2145/4793 
f 6450/2146/4795 6484/2113/4795 6482/2112/4794 6451/2147/4794 
f 6448/2148/4803 6486/2115/4803 6484/2113/4795 6450/2149/4795 
f 6447/2150/4797 6488/2116/4797 6486/2115/4803 6448/2151/4803 
f 6446/2152/4798 6490/2118/4798 6488/2116/4797 6447/2153/4797 
f 6461/2154/4799 6492/2119/4799 6490/2118/4798 6446/2155/4798 
f 6449/2156/4785 6462/2095/4785 6492/2119/4799 6461/2157/4799 
s 1
f 6494/2158/1 6495/2159/1 6496/2160/1 6497/2161/1 
f 6498/2162/1 6494/2158/1 6497/2161/1 6499/6/1 
f 6500/2163/1 6501/2164/1 6502/2165/1 6503/2166/1 
f 6497/2161/1 6500/2163/1 6503/2166/1 6499/6/1 
f 6504/2167/1 6505/2168/1 6506/2169/1 6507/2170/1 
f 6503/2166/1 6504/2167/1 6507/2170/1 6499/6/1 
f 6508/2171/1 6509/2172/1 6510/2173/1 6499/6/1 
f 6507/2170/1 6508/2171/1 6499/6/1 
f 6498/2162/1 6499/6/1 6511/2174/1 6512/2175/1 
f 6513/2176/1 6512/2175/1 6511/2174/1 
s 8
f 6510/2173/4804 6514/2177/4804 6515/317/4805 6499/6/4805 
f 6508/2171/4806 6516/2178/4806 6517/2179/4807 6509/2172/4807 
f 6506/424/4808 6518/417/4808 6519/2180/4809 6507/2181/4810 
f 6504/2182/4811 6520/2183/4811 6521/2184/4812 6505/2185/4812 
f 6502/2186/4813 6522/2187/4813 6523/2188/4814 6503/2189/4814 
f 6500/2190/4815 6524/2191/4816 6525/470/4817 6501/476/4818 
f 6496/2192/4819 6526/2193/4819 6527/2194/4820 6497/2195/4820 
f 6494/528/4821 6528/522/4821 6529/2196/4822 6495/2197/4822 
f 6512/2198/4823 6530/2199/4823 6531/2200/4824 6498/2201/4825 
f 6511/2202/4826 6532/2203/4827 6533/2204/4828 6513/2205/4828 
s 1
f 6514/2177/108 6517/2179/108 6516/2178/108 6515/317/108 
f 6515/317/108 6516/2178/108 6519/2206/108 6531/2207/108 
f 6518/2208/108 6521/2209/108 6520/2210/108 6519/2206/108 
f 6519/2206/108 6520/2210/108 6523/2211/108 6531/2207/108 
f 6522/2212/108 6525/2213/108 6524/2214/108 6523/2211/108 
f 6523/2211/108 6524/2214/108 6527/2215/108 6531/2207/108 
f 6526/2216/108 6529/2217/108 6528/2218/108 6527/2215/108 
f 6527/2215/108 6528/2218/108 6531/2207/108 
f 6532/2203/108 6515/317/108 6531/2207/108 6530/2219/108 
f 6533/2204/108 6532/2203/108 6530/2219/108 
f 6534/2158/1 6535/2159/1 6536/2160/1 6537/2161/1 
f 6538/2162/1 6534/2158/1 6537/2161/1 6539/6/1 
f 6540/2163/1 6541/2164/1 6542/2165/1 6543/2166/1 
f 6537/2161/1 6540/2163/1 6543/2166/1 6539/6/1 
f 6544/2167/1 6545/2168/1 6546/2169/1 6543/2166/1 
f 6543/2166/1 6546/2169/1 6547/2170/1 6539/6/1 
f 6548/2171/1 6549/2172/1 6550/2173/1 6547/2170/1 
f 6547/2170/1 6550/2173/1 6539/6/1 
f 6551/2175/1 6538/2162/1 6539/6/1 6552/2174/1 
f 6553/2176/1 6551/2175/1 6552/2174/1 
s 8
f 6550/2173/4829 6554/2177/4829 6555/317/4830 6539/6/4830 
f 6548/2171/4831 6556/2178/4831 6557/2179/4832 6549/2172/4832 
f 6546/424/4833 6558/417/4833 6559/2180/4834 6547/2181/4834 
f 6544/2182/4835 6560/2183/4835 6561/2184/4836 6545/2185/4836 
f 6542/2186/4837 6562/2187/4837 6563/2188/4838 6543/2189/4838 
f 6540/2190/4839 6564/2191/4839 6565/470/4840 6541/476/4840 
f 6536/2192/4841 6566/2193/4841 6567/2194/4842 6537/2195/4842 
f 6534/528/4843 6568/522/4843 6569/2196/4844 6535/2197/4844 
f 6551/2198/4845 6570/2199/4845 6571/2200/4846 6538/2201/4846 
f 6552/2202/4847 6572/2203/4848 6573/2204/4849 6553/2205/4850 
s 1
f 6554/2177/108 6557/2179/108 6556/2178/108 6559/2206/108 
f 6555/317/108 6554/2177/108 6559/2206/108 6571/2207/108 
f 6558/2208/108 6561/2209/108 6560/2210/108 6563/2211/108 
f 6559/2206/108 6558/2208/108 6563/2211/108 6571/2207/108 
f 6562/2212/108 6565/2213/108 6564/2214/108 6563/2211/108 
f 6563/2211/108 6564/2214/108 6567/2215/108 6571/2207/108 
f 6566/2216/108 6569/2217/108 6568/2218/108 6567/2215/108 
f 6567/2215/108 6568/2218/108 6571/2207/108 
f 6555/317/108 6571/2207/108 6570/2219/108 6572/2203/108 
f 6573/2204/108 6572/2203/108 6570/2219/108 
f 6574/2158/1 6575/2159/1 6576/2160/1 6577/2161/1 
f 6578/2162/1 6574/2158/1 6577/2161/1 6579/6/1 
f 6580/2163/1 6581/2164/1 6582/2165/1 6583/2166/1 
f 6577/2161/1 6580/2163/1 6583/2166/1 6579/6/1 
f 6584/2167/1 6585/2168/1 6586/2169/1 6587/2170/1 
f 6583/2166/1 6584/2167/1 6587/2170/1 6579/6/1 
f 6588/2171/1 6589/2172/1 6590/2173/1 6587/2170/1 
f 6587/2170/1 6590/2173/1 6579/6/1 
f 6578/2162/1 6579/6/1 6591/2174/1 6592/2175/1 
f 6593/2176/1 6592/2175/1 6591/2174/1 
s 8
f 6590/2173/4851 6594/2177/4852 6595/317/4853 6579/6/4853 
f 6588/2171/4854 6596/2178/4854 6597/2179/4855 6589/2172/4855 
f 6586/424/4856 6598/417/4856 6599/2180/4857 6587/2181/4857 
f 6584/2182/4858 6600/2183/4858 6601/2184/4859 6585/2185/4859 
f 6582/2186/4860 6602/2187/4860 6603/2188/4861 6583/2189/4861 
f 6580/2190/4862 6604/2191/4863 6605/470/4864 6581/476/4864 
f 6576/2192/4865 6606/2193/4865 6607/2194/4866 6577/2195/4866 
f 6574/528/4867 6608/522/4867 6609/2196/4868 6575/2197/4868 
f 6592/2198/4869 6610/2199/4869 6611/2200/4870 6578/2201/4870 
f 6591/2202/4871 6612/2203/4872 6613/2204/4873 6593/2205/4873 
s 1
f 6594/2177/108 6597/2179/108 6596/2178/108 6599/2206/108 
f 6595/317/108 6594/2177/108 6599/2206/108 6611/2207/108 
f 6598/2208/108 6601/2209/108 6600/2210/108 6599/2206/108 
f 6599/2206/108 6600/2210/108 6603/2211/108 6611/2207/108 
f 6602/2212/108 6605/2213/108 6604/2214/108 6603/2211/108 
f 6603/2211/108 6604/2214/108 6607/2215/108 6611/2207/108 
f 6606/2216/108 6609/2217/108 6608/2218/108 6607/2215/108 
f 6607/2215/108 6608/2218/108 6611/2207/108 
f 6612/2203/108 6595/317/108 6611/2207/108 6610/2219/108 
f 6613/2204/108 6612/2203/108 6610/2219/108 
usemtl Studio_Endo_Orbis_m2_3
f 6614/2220/1 6615/2221/1 6616/2222/1 6617/6/1 
f 6616/2222/1 6618/2223/1 6619/2224/1 6620/2225/1 
f 6619/2224/1 6621/2226/1 6620/2225/1 
f 6620/2225/1 6622/2227/1 6623/2228/1 6624/2229/1 
f 6623/2228/1 6625/2230/1 6624/2229/1 
f 6616/2222/1 6620/2225/1 6624/2229/1 6626/2231/1 
f 6624/2229/1 6627/2232/1 6628/2233/1 6629/2234/1 
f 6628/2233/1 6630/2235/1 6629/2234/1 
f 6629/2234/1 6631/2236/1 6632/2237/1 6633/2238/1 
f 6632/2237/1 6634/2239/1 6633/2238/1 
f 6624/2229/1 6629/2234/1 6633/2238/1 6626/2231/1 
f 6633/2238/1 6635/2240/1 6636/2241/1 6637/2242/1 
f 6636/2241/1 6638/2243/1 6637/2242/1 
f 6637/2242/1 6639/2244/1 6640/2245/1 6641/2246/1 
f 6640/2245/1 6642/2247/1 6641/2246/1 
f 6633/2238/1 6637/2242/1 6641/2246/1 6626/2231/1 
f 6641/2246/1 6643/2248/1 6644/2249/1 6645/2250/1 
f 6644/2249/1 6646/2251/1 6645/2250/1 
f 6645/2250/1 6647/2252/1 6648/2253/1 6626/2231/1 
f 6648/2253/1 6649/2254/1 6626/2231/1 
f 6641/2246/1 6645/2250/1 6626/2231/1 
f 6626/2231/1 6650/2255/1 6617/6/1 6616/2222/1 
f 6651/2256/1 6614/2220/1 6617/6/1 
f 6652/2255/4874 6653/2257/4874 6654/2258/106 6655/6/106 
f 6656/2231/4875 6657/2259/4875 6653/2257/4874 6652/2255/4874 
f 6658/2254/4876 6659/2260/4876 6657/2259/4875 6656/2231/4875 
f 6660/2253/4877 6661/2261/4877 6659/2260/4876 6658/2254/4876 
f 6662/2252/4878 6663/2262/4878 6661/2261/4877 6660/2253/4877 
f 6664/2250/4879 6665/2263/4879 6663/2262/4878 6662/2252/4878 
f 6666/2251/4880 6667/2264/4880 6665/2263/4879 6664/2250/4879 
f 6668/2249/4881 6669/2265/4881 6667/2264/4880 6666/2251/4880 
f 6670/2248/4882 6671/2266/4882 6669/2265/4881 6668/2249/4881 
f 6672/2267/4883 6673/2268/4883 6671/2269/4882 6670/2270/4882 
f 6674/2271/4884 6675/2272/4884 6673/2268/4883 6672/2267/4883 
f 6676/2273/4885 6677/2274/4885 6675/2272/4884 6674/2271/4884 
f 6678/2275/4886 6679/2276/4886 6677/2274/4885 6676/2273/4885 
f 6680/2277/4887 6681/2278/4887 6679/2276/4886 6678/2275/4886 
f 6682/2279/4888 6683/2280/4888 6681/2278/4887 6680/2277/4887 
f 6684/2281/4889 6685/2282/4889 6683/2280/4888 6682/2279/4888 
f 6686/2283/4890 6687/2284/4890 6685/2282/4889 6684/2281/4889 
f 6688/2285/4891 6689/2286/4891 6687/2284/4890 6686/2283/4890 
f 6690/476/52 6691/2287/52 6689/2286/4891 6688/2285/4891 
f 6692/2288/4892 6693/2289/4892 6691/2287/52 6690/476/52 
f 6694/2290/4893 6695/2291/4893 6693/2289/4892 6692/2288/4892 
f 6696/2292/4894 6697/2293/4894 6695/2291/4893 6694/2290/4893 
f 6698/2294/4895 6699/2295/4895 6697/2293/4894 6696/2292/4894 
f 6700/2296/4896 6701/2297/4896 6699/2295/4895 6698/2294/4895 
f 6702/2298/4897 6703/2299/4897 6701/2297/4896 6700/2296/4896 
f 6704/2300/4898 6705/2301/4898 6703/2299/4897 6702/2298/4897 
f 6706/2302/4899 6707/2303/4899 6705/2301/4898 6704/2300/4898 
f 6708/2304/4900 6709/2305/4900 6707/2303/4899 6706/2302/4899 
f 6710/2306/4901 6711/2307/4901 6709/2305/4900 6708/2304/4900 
f 6712/2308/4902 6713/2309/4902 6711/2307/4901 6710/2306/4901 
f 6714/2310/4903 6715/2311/4903 6713/2309/4902 6712/2308/4902 
f 6716/2312/4904 6717/2313/4904 6715/2311/4903 6714/2310/4903 
f 6718/2314/4905 6719/2315/4905 6717/2313/4904 6716/2312/4904 
f 6720/2316/4906 6721/2317/4906 6719/2315/4905 6718/2314/4905 
f 6722/2318/4907 6723/2319/4907 6721/2317/4906 6720/2316/4906 
f 6724/2320/4908 6725/2321/4908 6723/2319/4907 6722/2318/4907 
f 6726/2322/4909 6727/2323/4909 6725/2321/4908 6724/2320/4908 
f 6655/6/106 6654/2258/106 6727/2323/4909 6726/2322/4909 
s 2
f 6652/2255/1 6655/6/1 6728/6/1 6729/2255/1 
f 6655/6/1 6726/2256/1 6730/2256/1 6728/6/1 
f 6726/2256/1 6724/2220/1 6731/2220/1 6730/2256/1 
f 6724/2220/1 6722/2221/1 6732/2221/1 6731/2220/1 
f 6722/2221/1 6720/2222/1 6733/2222/1 6732/2221/1 
f 6720/2222/1 6718/2223/1 6734/2223/1 6733/2222/1 
f 6718/2223/1 6716/2224/1 6735/2224/1 6734/2223/1 
f 6716/2224/1 6714/2226/1 6736/2226/1 6735/2224/1 
f 6714/2226/1 6712/2225/1 6737/2225/1 6736/2226/1 
f 6712/2225/1 6710/2227/1 6738/2227/1 6737/2225/1 
f 6710/2227/1 6708/2228/1 6739/2228/1 6738/2227/1 
f 6708/2228/1 6706/2230/1 6740/2230/1 6739/2228/1 
f 6706/2230/1 6704/2229/1 6741/2229/1 6740/2230/1 
f 6704/2229/1 6702/2232/1 6742/2232/1 6741/2229/1 
f 6702/2232/1 6700/2233/1 6743/2233/1 6742/2232/1 
f 6700/2233/1 6698/2235/1 6744/2235/1 6743/2233/1 
f 6698/2235/1 6696/2234/1 6745/2234/1 6744/2235/1 
f 6696/2234/1 6694/2236/1 6746/2236/1 6745/2234/1 
f 6694/2236/1 6692/2237/1 6747/2237/1 6746/2236/1 
f 6692/2237/1 6690/2239/1 6748/2239/1 6747/2237/1 
f 6690/2239/1 6688/2238/1 6749/2238/1 6748/2239/1 
f 6688/2238/1 6686/2240/1 6750/2240/1 6749/2238/1 
f 6686/2240/1 6684/2241/1 6751/2241/1 6750/2240/1 
f 6684/2241/1 6682/2243/1 6752/2243/1 6751/2241/1 
f 6682/2243/1 6680/2242/1 6753/2242/1 6752/2243/1 
f 6680/2242/1 6678/2244/1 6754/2244/1 6753/2242/1 
f 6678/2244/1 6676/2245/1 6755/2245/1 6754/2244/1 
f 6676/2245/1 6674/2247/1 6756/2247/1 6755/2245/1 
f 6674/2247/1 6672/2246/1 6757/2246/1 6756/2247/1 
f 6672/2246/1 6670/2248/1 6758/2248/1 6757/2246/1 
f 6670/2248/1 6668/2249/1 6759/2249/1 6758/2248/1 
f 6668/2249/1 6666/2251/1 6760/2251/1 6759/2249/1 
f 6666/2251/1 6664/2250/1 6761/2250/1 6760/2251/1 
f 6664/2250/1 6662/2252/1 6762/2252/1 6761/2250/1 
f 6662/2252/1 6660/2253/1 6763/2253/1 6762/2252/1 
f 6660/2253/1 6658/2254/1 6764/2254/1 6763/2253/1 
f 6658/2254/1 6656/2231/1 6765/2231/1 6764/2254/1 
f 6656/2231/1 6652/2255/1 6729/2255/1 6765/2231/1 
s 1
f 6766/2324/4874 6767/317/106 6768/2258/106 6769/2257/4874 
f 6770/2325/4875 6766/2324/4874 6769/2257/4874 6771/2259/4875 
f 6772/2326/4876 6770/2325/4875 6771/2259/4875 6773/2260/4876 
f 6774/2327/4877 6772/2326/4876 6773/2260/4876 6775/2261/4877 
f 6776/2328/4878 6774/2327/4877 6775/2261/4877 6777/2262/4878 
f 6778/2329/4879 6776/2328/4878 6777/2262/4878 6779/2263/4879 
f 6780/2330/4880 6778/2329/4879 6779/2263/4879 6781/2264/4880 
f 6782/2331/4881 6780/2330/4880 6781/2264/4880 6783/2265/4881 
f 6784/2332/4882 6782/2331/4881 6783/2265/4881 6785/2266/4882 
f 6786/2333/4883 6784/2334/4882 6785/2269/4882 6787/2268/4883 
f 6788/2335/4884 6786/2333/4883 6787/2268/4883 6789/2272/4884 
f 6790/2336/4885 6788/2335/4884 6789/2272/4884 6791/2274/4885 
f 6792/2337/4886 6790/2336/4885 6791/2274/4885 6793/2276/4886 
f 6794/2338/4887 6792/2337/4886 6793/2276/4886 6795/2278/4887 
f 6796/2339/4888 6794/2338/4887 6795/2278/4887 6797/2280/4888 
f 6798/2340/4889 6796/2339/4888 6797/2280/4888 6799/2282/4889 
f 6800/2341/4890 6798/2340/4889 6799/2282/4889 6801/2284/4890 
f 6802/2342/4891 6800/2341/4890 6801/2284/4890 6803/2286/4891 
f 6804/470/52 6802/2342/4891 6803/2286/4891 6805/2287/52 
f 6806/2343/4892 6804/470/52 6805/2287/52 6807/2289/4892 
f 6808/2344/4893 6806/2343/4892 6807/2289/4892 6809/2291/4893 
f 6810/2345/4894 6808/2344/4893 6809/2291/4893 6811/2293/4894 
f 6812/2346/4895 6810/2345/4894 6811/2293/4894 6813/2295/4895 
f 6814/2347/4896 6812/2346/4895 6813/2295/4895 6815/2297/4896 
f 6816/2348/4897 6814/2347/4896 6815/2297/4896 6817/2299/4897 
f 6818/2349/4898 6816/2348/4897 6817/2299/4897 6819/2301/4898 
f 6820/2350/4899 6818/2349/4898 6819/2301/4898 6821/2303/4899 
f 6822/2351/4900 6820/2350/4899 6821/2303/4899 6823/2305/4900 
f 6824/2352/4901 6822/2351/4900 6823/2305/4900 6825/2307/4901 
f 6826/2353/4902 6824/2352/4901 6825/2307/4901 6827/2309/4902 
f 6828/2354/4903 6826/2353/4902 6827/2309/4902 6829/2311/4903 
f 6830/2355/4904 6828/2354/4903 6829/2311/4903 6831/2313/4904 
f 6832/2356/4905 6830/2355/4904 6831/2313/4904 6833/2315/4905 
f 6834/2357/4906 6832/2356/4905 6833/2315/4905 6835/2317/4906 
f 6836/2358/4907 6834/2357/4906 6835/2317/4906 6837/2319/4907 
f 6838/2359/4908 6836/2358/4907 6837/2319/4907 6839/2321/4908 
f 6840/2360/4909 6838/2359/4908 6839/2321/4908 6841/2323/4909 
f 6767/317/106 6840/2360/4909 6841/2323/4909 6768/2258/106 
s 2
f 6766/2324/108 6770/2325/108 6772/2326/108 6840/2360/108 
f 6772/2326/108 6774/2327/108 6776/2328/108 6780/2330/108 
f 6776/2328/108 6778/2329/108 6780/2330/108 
f 6780/2330/108 6782/2331/108 6784/2332/108 6788/2361/108 
f 6784/2332/108 6786/2362/108 6788/2361/108 
f 6772/2326/108 6780/2330/108 6788/2361/108 6836/2363/108 
f 6788/2361/108 6790/2364/108 6792/2365/108 6796/2366/108 
f 6792/2365/108 6794/2367/108 6796/2366/108 
f 6796/2366/108 6798/2368/108 6800/2369/108 6804/2370/108 
f 6800/2369/108 6802/2371/108 6804/2370/108 
f 6788/2361/108 6796/2366/108 6804/2370/108 6836/2363/108 
f 6804/2370/108 6806/2372/108 6808/2373/108 6812/2374/108 
f 6808/2373/108 6810/2375/108 6812/2374/108 
f 6812/2374/108 6814/2376/108 6816/2377/108 6820/2378/108 
f 6816/2377/108 6818/2379/108 6820/2378/108 
f 6804/2370/108 6812/2374/108 6820/2378/108 6836/2363/108 
f 6820/2378/108 6822/2380/108 6824/2381/108 6828/2382/108 
f 6824/2381/108 6826/2383/108 6828/2382/108 
f 6828/2382/108 6830/2384/108 6832/2385/108 6836/2363/108 
f 6832/2385/108 6834/2386/108 6836/2363/108 
f 6820/2378/108 6828/2382/108 6836/2363/108 
f 6836/2363/108 6838/2387/108 6840/2360/108 6772/2326/108 
f 6767/317/108 6766/2324/108 6840/2360/108 
f 6654/2258/108 6653/2257/108 6769/2257/108 6768/2258/108 
f 6653/2257/108 6657/2259/108 6771/2259/108 6769/2257/108 
f 6657/2259/108 6659/2260/108 6773/2260/108 6771/2259/108 
f 6659/2260/108 6661/2261/108 6775/2261/108 6773/2260/108 
f 6661/2261/108 6663/2262/108 6777/2262/108 6775/2261/108 
f 6663/2262/108 6665/2263/108 6779/2263/108 6777/2262/108 
f 6665/2263/108 6667/2264/108 6781/2264/108 6779/2263/108 
f 6667/2264/108 6669/2265/108 6783/2265/108 6781/2264/108 
f 6669/2265/108 6671/2266/108 6785/2266/108 6783/2265/108 
f 6671/2269/108 6673/2268/108 6787/2268/108 6785/2269/108 
f 6673/2268/108 6675/2272/108 6789/2272/108 6787/2268/108 
f 6675/2272/108 6677/2274/108 6791/2274/108 6789/2272/108 
f 6677/2274/108 6679/2276/108 6793/2276/108 6791/2274/108 
f 6679/2276/108 6681/2278/108 6795/2278/108 6793/2276/108 
f 6681/2278/108 6683/2280/108 6797/2280/108 6795/2278/108 
f 6683/2280/108 6685/2282/108 6799/2282/108 6797/2280/108 
f 6685/2282/108 6687/2284/108 6801/2284/108 6799/2282/108 
f 6687/2284/108 6689/2286/108 6803/2286/108 6801/2284/108 
f 6689/2286/108 6691/2287/108 6805/2287/108 6803/2286/108 
f 6691/2287/108 6693/2289/108 6807/2289/108 6805/2287/108 
f 6693/2289/108 6695/2291/108 6809/2291/108 6807/2289/108 
f 6695/2291/108 6697/2293/108 6811/2293/108 6809/2291/108 
f 6697/2293/108 6699/2295/108 6813/2295/108 6811/2293/108 
f 6699/2295/108 6701/2297/108 6815/2297/108 6813/2295/108 
f 6701/2297/108 6703/2299/108 6817/2299/108 6815/2297/108 
f 6703/2299/108 6705/2301/108 6819/2301/108 6817/2299/108 
f 6705/2301/108 6707/2303/108 6821/2303/108 6819/2301/108 
f 6707/2303/108 6709/2305/108 6823/2305/108 6821/2303/108 
f 6709/2305/108 6711/2307/108 6825/2307/108 6823/2305/108 
f 6711/2307/108 6713/2309/108 6827/2309/108 6825/2307/108 
f 6713/2309/108 6715/2311/108 6829/2311/108 6827/2309/108 
f 6715/2311/108 6717/2313/108 6831/2313/108 6829/2311/108 
f 6717/2313/108 6719/2315/108 6833/2315/108 6831/2313/108 
f 6719/2315/108 6721/2317/108 6835/2317/108 6833/2315/108 
f 6721/2317/108 6723/2319/108 6837/2319/108 6835/2317/108 
f 6723/2319/108 6725/2321/108 6839/2321/108 6837/2319/108 
f 6725/2321/108 6727/2323/108 6841/2323/108 6839/2321/108 
f 6727/2323/108 6654/2258/108 6768/2258/108 6841/2323/108 
s 4
f 6729/2255/4892 6728/6/52 6617/6/52 6650/2255/4892 
f 6728/6/52 6730/2256/4891 6651/2256/4891 6617/6/52 
f 6730/2256/4891 6731/2220/4890 6614/2220/4890 6651/2256/4891 
f 6731/2220/4890 6732/2221/4889 6615/2221/4889 6614/2220/4890 
f 6732/2221/4889 6733/2222/4888 6616/2222/4888 6615/2221/4889 
f 6733/2222/4888 6734/2223/4887 6618/2223/4887 6616/2222/4888 
f 6734/2223/4887 6735/2224/4886 6619/2224/4886 6618/2223/4887 
f 6735/2224/4886 6736/2226/4885 6621/2226/4885 6619/2224/4886 
f 6736/2226/4885 6737/2225/4884 6620/2225/4884 6621/2226/4885 
f 6737/2225/4884 6738/2227/4883 6622/2227/4883 6620/2225/4884 
f 6738/2227/4883 6739/2228/4882 6623/2228/4882 6622/2227/4883 
f 6739/2228/4882 6740/2230/4881 6625/2230/4881 6623/2228/4882 
f 6740/2230/4881 6741/2229/4880 6624/2229/4880 6625/2230/4881 
f 6741/2229/4880 6742/2232/4879 6627/2232/4879 6624/2229/4880 
f 6742/2232/4879 6743/2233/4878 6628/2233/4878 6627/2232/4879 
f 6743/2233/4878 6744/2235/4877 6630/2235/4877 6628/2233/4878 
f 6744/2235/4877 6745/2234/4876 6629/2234/4876 6630/2235/4877 
f 6745/2234/4876 6746/2236/4875 6631/2236/4875 6629/2234/4876 
f 6746/2236/4875 6747/2237/4874 6632/2237/4874 6631/2236/4875 
f 6747/2237/4874 6748/2239/106 6634/2239/106 6632/2237/4874 
f 6748/2239/106 6749/2238/4909 6633/2238/4909 6634/2239/106 
f 6749/2238/4909 6750/2240/4908 6635/2240/4908 6633/2238/4909 
f 6750/2240/4908 6751/2241/4907 6636/2241/4907 6635/2240/4908 
f 6751/2241/4907 6752/2243/4906 6638/2243/4906 6636/2241/4907 
f 6752/2243/4906 6753/2242/4905 6637/2242/4905 6638/2243/4906 
f 6753/2242/4905 6754/2244/4904 6639/2244/4904 6637/2242/4905 
f 6754/2244/4904 6755/2245/4903 6640/2245/4903 6639/2244/4904 
f 6755/2245/4903 6756/2247/4902 6642/2247/4902 6640/2245/4903 
f 6756/2247/4902 6757/2246/4901 6641/2246/4901 6642/2247/4902 
f 6757/2246/4901 6758/2248/4900 6643/2248/4900 6641/2246/4901 
f 6758/2248/4900 6759/2249/4899 6644/2249/4899 6643/2248/4900 
f 6759/2249/4899 6760/2251/4898 6646/2251/4898 6644/2249/4899 
f 6760/2251/4898 6761/2250/4897 6645/2250/4897 6646/2251/4898 
f 6761/2250/4897 6762/2252/4896 6647/2252/4896 6645/2250/4897 
f 6762/2252/4896 6763/2253/4895 6648/2253/4895 6647/2252/4896 
f 6763/2253/4895 6764/2254/4894 6649/2254/4894 6648/2253/4895 
f 6764/2254/4894 6765/2231/4893 6626/2231/4893 6649/2254/4894 
f 6765/2231/4893 6729/2255/4892 6650/2255/4892 6626/2231/4893 
usemtl Studio_Endo_Orbis_m2_2
s 2
f 4777/1600/3610 4776/1599/3609 4771/1594/3604 4770/1593/3603 
s 1
f 4862/1685/3641 4865/1688/3641 4868/1691/3645 4867/1690/3645 
s 2
f 4926/1749/3668 4929/1752/3671 4924/1747/3666 4923/1746/3665 
f 4982/1805/3732 4926/1749/3668 4923/1746/3665 4981/1804/3729 
f 4865/1688/3734 4982/1805/3732 4981/1804/3729 4868/1691/3731 
f 4929/1752/3671 5031/1854/3783 5032/1855/3604 4924/1747/3666 
s 1
f 5096/1911/3845 5099/2388/3848 5098/2389/3847 5097/1912/3846 
f 5159/1974/3908 5162/2390/3911 5099/2388/3848 5096/1911/3845 
f 5161/1976/3910 5164/1979/3913 5162/2390/3911 5159/1974/3908 
f 5160/1975/3909 4862/1685/3641 4867/1690/3645 5161/1976/3910 
f 5097/1633/3846 5098/1610/3847 4787/1610/108 4810/1633/108 
s 2
f 5194/2391/3943 4777/2392/3610 4770/2036/3603 5193/2035/3942 
f 5254/2393/4003 5194/2391/3943 5193/2035/3942 5251/2073/4000 
f 5256/1702/4005 5254/2393/4003 5251/2073/4000 5253/1703/4002 
f 5031/1854/3783 4772/1595/3605 4771/1594/3604 5032/1855/3604 
f 5253/1703/4002 5252/1705/4001 4882/1705/1 4880/1703/1 
f 4781/1604/3614 4780/1603/3613 4775/1598/3608 4774/1597/3607 
s 1
f 4866/1689/3644 4869/1692/3646 4872/1695/3648 4871/1694/3648 
s 2
f 4922/1745/3664 4925/1748/3667 4920/1743/3662 4919/1742/3661 
f 4980/1803/3728 4922/1745/3664 4919/1742/3661 4979/1802/3725 
f 4869/1692/3730 4980/1803/3728 4979/1802/3725 4872/1695/3727 
f 4925/1748/3667 5033/1856/3784 5034/1857/3785 4920/1743/3662 
s 1
f 5100/1915/3849 5039/2394/3788 5038/2395/3787 5101/1916/3850 
f 5163/1978/3912 5102/2396/3851 5039/2394/3788 5100/1915/3849 
f 5165/1980/3914 5104/1919/3853 5102/2396/3851 5163/1978/3912 
f 5164/1979/3913 4866/1689/3644 4871/1694/3648 5165/1980/3914 
f 5101/1634/3850 5038/1636/3787 4813/1636/108 4811/1634/108 
s 2
f 5196/2397/3945 4781/2398/3614 4774/2040/3607 5195/2039/3944 
f 5258/2399/4007 5196/2397/3945 5195/2039/3944 5255/2075/4004 
f 5260/1704/4009 5258/2399/4007 5255/2075/4004 5257/1701/4006 
f 5033/1856/3784 4776/1599/3609 4775/1598/3608 5034/1857/3785 
f 5257/1701/4006 5256/1702/4005 4879/1702/1 4878/1701/1 
f 4773/1596/3606 4772/1595/3605 4767/1590/3600 4766/1589/3599 
s 1
f 4858/1681/3638 4861/1684/3638 4864/1687/3643 4863/1686/3642 
s 2
f 4930/1753/3672 4933/1756/3675 4928/1751/3670 4927/1750/3669 
f 4984/1807/3736 4930/1753/3672 4927/1750/3669 4983/1806/3733 
f 4861/1684/3738 4984/1807/3736 4983/1806/3733 4864/1687/3735 
f 4933/1756/3675 5029/1852/3601 5030/1853/3600 4928/1751/3670 
s 1
f 5092/1907/3841 5095/2400/3844 5094/2401/3843 5093/1908/3842 
f 5155/1970/3904 5158/2402/3907 5095/2400/3844 5092/1907/3841 
f 5157/1972/3906 5160/1975/3909 5158/2402/3907 5155/1970/3904 
f 5156/1971/3905 4858/1681/3638 4863/1686/3642 5157/1972/3906 
f 5093/1631/3842 5094/1632/3843 4809/1632/108 4808/1631/108 
s 2
f 5192/2403/3941 4773/2404/3606 4766/2032/3599 5191/2031/3940 
f 5250/2405/3999 5192/2403/3941 5191/2031/3940 5247/2071/3996 
f 5252/1705/4001 5250/2405/3999 5247/2071/3996 5249/1707/3998 
f 5029/1852/3601 4768/1591/3601 4767/1590/3600 5030/1853/3600 
f 5249/1707/3998 5248/1708/3997 4885/1708/1 4884/1707/1 
f 4769/1592/3602 4768/1591/3601 4763/1586/3596 4762/1585/3595 
s 1
f 4854/1677/3636 4857/1680/3636 4860/1683/3640 4859/1682/3639 
s 2
f 4934/1757/3676 4937/1760/3679 4932/1755/3674 4931/1754/3673 
f 4986/1809/3740 4934/1757/3676 4931/1754/3673 4985/1808/3737 
f 4857/1680/3742 4986/1809/3740 4985/1808/3737 4860/1683/3739 
f 4937/1760/3679 5027/1850/3781 5028/1851/3782 4932/1755/3674 
s 1
f 5088/1903/3837 5091/2406/3840 5090/2407/3839 5089/1904/3838 
f 5151/1966/3900 5154/2408/3903 5091/2406/3840 5088/1903/3837 
f 5153/1968/3902 5156/1971/3905 5154/2408/3903 5151/1966/3900 
f 5152/1967/3901 4854/1677/3636 4859/1682/3639 5153/1968/3902 
f 5089/1629/3838 5090/1630/3839 4807/1630/108 4806/1629/108 
s 2
f 5190/2409/3939 4769/2410/3602 4762/2028/3595 5189/2027/3938 
f 5246/2411/3995 5190/2409/3939 5189/2027/3938 5243/2069/3992 
f 5248/1708/3997 5246/2411/3995 5243/2069/3992 5245/1709/3994 
f 5027/1850/3781 4764/1587/3597 4763/1586/3596 5028/1851/3782 
f 5245/1709/3994 5244/1710/3993 4887/1710/1 4886/1709/1 
f 4765/1588/3598 4764/1587/3597 4759/1582/3592 4758/1581/3591 
s 1
f 4850/1673/3634 4853/1676/3634 4856/1679/3637 4855/1678/3637 
s 2
f 4938/1761/3680 4941/1764/3683 4936/1759/3678 4935/1758/3677 
f 4988/1811/3744 4938/1761/3680 4935/1758/3677 4987/1810/3741 
f 4853/1676/3746 4988/1811/3744 4987/1810/3741 4856/1679/3743 
f 4941/1764/3683 5025/1848/3593 5026/1849/3592 4936/1759/3678 
s 1
f 5084/1899/3833 5087/2412/3836 5086/2413/3835 5085/1900/3834 
f 5147/1962/3896 5150/2414/3899 5087/2412/3836 5084/1899/3833 
f 5149/1964/3898 5152/1967/3901 5150/2414/3899 5147/1962/3896 
f 5148/1963/3897 4850/1673/3634 4855/1678/3637 5149/1964/3898 
f 5085/1627/3834 5086/1628/3835 4805/1628/108 4804/1627/108 
s 2
f 5188/2415/3937 4765/2416/3598 4758/2024/3591 5187/2023/3936 
f 5242/2417/3991 5188/2415/3937 5187/2023/3936 5239/2067/3988 
f 5244/1710/3993 5242/2417/3991 5239/2067/3988 5241/1712/3990 
f 5025/1848/3593 4760/1583/3593 4759/1582/3592 5026/1849/3592 
f 5241/1712/3990 5240/1713/3989 4890/1713/1 4889/1712/1 
f 4761/1584/3594 4760/1583/3593 4755/1578/3588 4754/1577/3587 
s 1
f 4846/1669/3632 4849/1672/3632 4852/1675/3635 4851/1674/3635 
s 2
f 4942/1765/3684 4945/1768/3687 4940/1763/3682 4939/1762/3681 
f 4990/1813/3748 4942/1765/3684 4939/1762/3681 4989/1812/3745 
f 4849/1672/3750 4990/1813/3748 4989/1812/3745 4852/1675/3747 
f 4945/1768/3687 5023/1846/3589 5024/1847/3588 4940/1763/3682 
s 1
f 5080/1895/3829 5083/2418/3832 5082/2419/3831 5081/1896/3830 
f 5143/1958/3892 5146/2420/3895 5083/2418/3832 5080/1895/3829 
f 5145/1960/3894 5148/1963/3897 5146/2420/3895 5143/1958/3892 
f 5144/1959/3893 4846/1669/3632 4851/1674/3635 5145/1960/3894 
f 5081/1626/3830 5082/1623/3831 4800/1623/108 4803/1626/108 
s 2
f 5186/2421/3935 4761/2422/3594 4754/2020/3587 5185/2019/3934 
f 5238/2423/3987 5186/2421/3935 5185/2019/3934 5235/2065/3984 
f 5240/1713/3989 5238/2423/3987 5235/2065/3984 5237/1714/3986 
f 5023/1846/3589 4756/1579/3589 4755/1578/3588 5024/1847/3588 
f 5237/1714/3986 5236/1711/3985 4888/1711/1 4891/1714/1 
f 4757/1580/3590 4756/1579/3589 4751/1574/3584 4750/1573/3583 
s 1
f 4842/1665/3630 4845/1668/3630 4848/1671/3633 4847/1670/3633 
s 2
f 4946/1769/3688 4949/1772/3691 4944/1767/3686 4943/1766/3685 
f 4992/1815/3752 4946/1769/3688 4943/1766/3685 4991/1814/3749 
f 4845/1668/3754 4992/1815/3752 4991/1814/3749 4848/1671/3751 
f 4949/1772/3691 5021/1844/3585 5022/1845/3584 4944/1767/3686 
s 1
f 5076/1891/3825 5079/2424/3828 5078/2425/3827 5077/1892/3826 
f 5139/1954/3888 5142/2426/3891 5079/2424/3828 5076/1891/3825 
f 5141/1956/3890 5144/1959/3893 5142/2426/3891 5139/1954/3888 
f 5140/1955/3889 4842/1665/3630 4847/1670/3633 5141/1956/3890 
f 5077/1624/3826 5078/1625/3827 4802/1625/108 4801/1624/108 
s 2
f 5184/2427/3933 4757/2428/3590 4750/2016/3583 5183/2015/3932 
f 5234/2429/3983 5184/2427/3933 5183/2015/3932 5231/2063/3980 
f 5236/1711/3985 5234/2429/3983 5231/2063/3980 5233/1715/3982 
f 5021/1844/3585 4752/1575/3585 4751/1574/3584 5022/1845/3584 
f 5233/1715/3982 5232/1716/3981 4893/1716/1 4892/1715/1 
f 4753/1576/3586 4752/1575/3585 4747/1570/3580 4746/1569/3579 
s 1
f 4838/1661/3628 4841/1664/3628 4844/1667/3631 4843/1666/3631 
s 2
f 4950/1773/3692 4953/1776/3695 4948/1771/3690 4947/1770/3689 
f 4994/1817/3756 4950/1773/3692 4947/1770/3689 4993/1816/3753 
f 4841/1664/3758 4994/1817/3756 4993/1816/3753 4844/1667/3755 
f 4953/1776/3695 5019/1842/3581 5020/1843/3580 4948/1771/3690 
s 1
f 5072/1887/3821 5075/2430/3824 5074/2431/3823 5073/1888/3822 
f 5135/1950/3884 5138/2432/3887 5075/2430/3824 5072/1887/3821 
f 5137/1952/3886 5140/1955/3889 5138/2432/3887 5135/1950/3884 
f 5136/1951/3885 4838/1661/3628 4843/1666/3631 5137/1952/3886 
f 5073/1621/3822 5074/1622/3823 4799/1622/108 4798/1621/108 
s 2
f 5182/2433/3931 4753/2434/3586 4746/2012/3579 5181/2011/3930 
f 5230/2435/3979 5182/2433/3931 5181/2011/3930 5227/2061/3976 
f 5232/1716/3981 5230/2435/3979 5227/2061/3976 5229/1717/3978 
f 5019/1842/3581 4748/1571/3581 4747/1570/3580 5020/1843/3580 
f 5229/1717/3978 5228/1718/3977 4895/1718/1 4894/1717/1 
f 4749/1572/3582 4748/1571/3581 4743/1566/3576 4742/1565/3575 
s 1
f 4834/1657/3626 4837/1660/3626 4840/1663/3629 4839/1662/3629 
s 2
f 4954/1777/3696 4957/1780/3699 4952/1775/3694 4951/1774/3693 
f 4996/1819/3760 4954/1777/3696 4951/1774/3693 4995/1818/3757 
f 4837/1660/3762 4996/1819/3760 4995/1818/3757 4840/1663/3759 
f 4957/1780/3699 5017/1840/3577 5018/1841/3780 4952/1775/3694 
s 1
f 5068/1883/3817 5071/2436/3820 5070/2437/3819 5069/1884/3818 
f 5131/1946/3880 5134/2438/3883 5071/2436/3820 5068/1883/3817 
f 5133/1948/3882 5136/1951/3885 5134/2438/3883 5131/1946/3880 
f 5132/1947/3881 4834/1657/3626 4839/1662/3629 5133/1948/3882 
f 5069/1619/3818 5070/1620/3819 4797/1620/108 4796/1619/108 
s 2
f 5180/2439/3929 4749/2440/3582 4742/2008/3575 5179/2007/3928 
f 5226/2441/3975 5180/2439/3929 5179/2007/3928 5223/2059/3972 
f 5228/1718/3977 5226/2441/3975 5223/2059/3972 5225/1720/3974 
f 5017/1840/3577 4744/1567/3577 4743/1566/3576 5018/1841/3780 
f 5225/1720/3974 5224/1721/3973 4898/1721/1 4897/1720/1 
f 4745/1568/3578 4744/1567/3577 4739/1562/3572 4738/1561/3571 
s 1
f 4830/1653/3623 4833/1656/3625 4836/1659/3627 4835/1658/3627 
s 2
f 4958/1781/3700 4961/1784/3703 4956/1779/3698 4955/1778/3697 
f 4998/1821/3764 4958/1781/3700 4955/1778/3697 4997/1820/3761 
f 4833/1656/3766 4998/1821/3764 4997/1820/3761 4836/1659/3763 
f 4961/1784/3703 5015/1838/3573 5016/1839/3572 4956/1779/3698 
s 1
f 5064/1879/3813 5067/2442/3816 5066/2443/3815 5065/1880/3814 
f 5127/1942/3876 5130/2444/3879 5067/2442/3816 5064/1879/3813 
f 5129/1944/3878 5132/1947/3881 5130/2444/3879 5127/1942/3876 
f 5128/1943/3877 4830/1653/3623 4835/1658/3627 5129/1944/3878 
f 5065/1618/3814 5066/1615/3815 4792/1615/108 4795/1618/108 
s 2
f 5178/2445/3927 4745/2446/3578 4738/2004/3571 5177/2003/3926 
f 5222/2447/3971 5178/2445/3927 5177/2003/3926 5219/2057/3968 
f 5224/1721/3973 5222/2447/3971 5219/2057/3968 5221/1722/3970 
f 5015/1838/3573 4740/1563/3573 4739/1562/3572 5016/1839/3572 
f 5221/1722/3970 5220/1719/3969 4896/1719/1 4899/1722/1 
f 4741/1564/3574 4740/1563/3573 4735/1558/3568 4734/1557/3567 
s 1
f 4826/1649/3621 4829/1652/3621 4832/1655/3624 4831/1654/3624 
s 2
f 4962/1785/3704 4965/1788/3707 4960/1783/3702 4959/1782/3701 
f 5000/1823/3768 4962/1785/3704 4959/1782/3701 4999/1822/3765 
f 4829/1652/3770 5000/1823/3768 4999/1822/3765 4832/1655/3767 
f 4965/1788/3707 5013/1836/3569 5014/1837/3568 4960/1783/3702 
s 1
f 5060/1875/3809 5063/2448/3812 5062/2449/3811 5061/1876/3810 
f 5123/1938/3872 5126/2450/3875 5063/2448/3812 5060/1875/3809 
f 5125/1940/3874 5128/1943/3877 5126/2450/3875 5123/1938/3872 
f 5124/1939/3873 4826/1649/3621 4831/1654/3624 5125/1940/3874 
f 5061/1616/3810 5062/1617/3811 4794/1617/108 4793/1616/108 
s 2
f 5176/2451/3925 4741/2452/3574 4734/2000/3567 5175/1999/3924 
f 5218/2453/3967 5176/2451/3925 5175/1999/3924 5215/2055/3964 
f 5220/1719/3969 5218/2453/3967 5215/2055/3964 5217/1723/3966 
f 5013/1836/3569 4736/1559/3569 4735/1558/3568 5014/1837/3568 
f 5217/1723/3966 5216/1724/3965 4901/1724/1 4900/1723/1 
f 4737/1560/3570 4736/1559/3569 4731/1554/3564 4730/1553/3563 
s 1
f 4822/2454/3619 4825/2455/3619 4828/1651/3622 4827/1650/3622 
s 2
f 4966/2456/3708 4969/2457/3711 4964/1787/3706 4963/1786/3705 
f 5002/2458/3772 4966/2456/3708 4963/1786/3705 5001/1824/3769 
f 4825/2455/3774 5002/2458/3772 5001/1824/3769 4828/1651/3771 
f 4969/2457/3711 5011/2459/3565 5012/1835/3564 4964/1787/3706 
s 1
f 5056/1871/3805 5059/2460/3808 5058/2461/3807 5057/1872/3806 
f 5119/1934/3868 5122/2462/3871 5059/2460/3808 5056/1871/3805 
f 5121/1936/3870 5124/1939/3873 5122/2462/3871 5119/1934/3868 
f 5120/1935/3869 4822/2454/3619 4827/1650/3622 5121/1936/3870 
f 5057/1613/3806 5058/1614/3807 4791/1614/108 4790/1613/108 
s 2
f 5174/2463/3923 4737/2464/3570 4730/1996/3563 5173/1995/3922 
f 5214/2465/3963 5174/2463/3923 5173/1995/3922 5211/2053/3960 
f 5216/1724/3965 5214/2465/3963 5211/2053/3960 5213/1725/3962 
f 5011/2459/3565 4732/1555/3565 4731/1554/3564 5012/1835/3564 
f 5213/1725/3962 5212/1726/3961 4903/1726/1 4902/1725/1 
f 4733/2466/3566 4732/2078/3565 4727/1550/3560 4726/1549/3559 
s 1
f 4818/1641/3617 4821/1644/3617 4824/1647/3620 4823/1646/3620 
s 2
f 4970/1793/3712 4973/1796/3715 4968/1791/3710 4967/1790/3709 
f 5004/1827/3776 4970/1793/3712 4967/1790/3709 5003/1826/3773 
f 4821/1644/3778 5004/1827/3776 5003/1826/3773 4824/1647/3775 
f 4973/1796/3715 5009/1832/3561 5010/1833/3560 4968/1791/3710 
s 1
f 5052/1868/3801 5055/2467/3804 5054/1612/3803 5053/1611/3802 
f 5115/1930/3864 5118/2468/3867 5055/2467/3804 5052/1868/3801 
f 5117/1932/3866 5120/1981/3869 5118/2468/3867 5115/1930/3864 
f 5116/1931/3865 4818/1641/3617 4823/1646/3620 5117/1932/3866 
f 5053/1611/3802 5054/1612/3803 4789/1612/108 4788/1611/108 
s 2
f 5172/2469/3921 4733/2470/3566 4726/1992/3559 5171/1991/3920 
f 5210/2471/3959 5172/2469/3921 5171/1991/3920 5207/2051/3956 
f 5212/1726/3961 5210/2471/3959 5207/2051/3956 5209/1727/3958 
f 5009/1832/3561 4728/1551/3561 4727/1550/3560 5010/1833/3560 
f 5209/1727/3958 5208/1728/3957 4905/1728/1 4904/1727/1 
f 4729/1552/3562 4728/1551/3561 4723/1546/3556 4722/1545/3555 
s 1
f 4814/1637/3615 4817/1640/3615 4820/1643/3618 4819/1642/3618 
s 2
f 4910/1733/3652 4913/1736/3655 4972/1795/3714 4971/1794/3713 
f 4974/1797/3716 4910/1733/3652 4971/1794/3713 5005/1828/3777 
f 4817/1640/3718 4974/1797/3716 5005/1828/3777 4820/1643/3779 
f 4913/1736/3655 5007/1830/3557 5008/1831/3556 4972/1795/3714 
s 1
f 5048/1866/3797 5051/1867/3800 5050/1609/3799 5049/1607/3798 
f 5111/1926/3860 5114/1929/3863 5051/1867/3800 5048/1866/3797 
f 5113/1928/3862 5116/1931/3865 5114/1929/3863 5111/1926/3860 
f 5112/1927/3861 4814/1637/3615 4819/1642/3618 5113/1928/3862 
f 5049/1607/3798 5050/1609/3799 4786/1609/108 4784/1607/108 
s 2
f 5170/2472/3919 4729/2473/3562 4722/1988/3555 5169/1987/3918 
f 5206/2474/3955 5170/2472/3919 5169/1987/3918 5203/2049/3952 
f 5208/1728/3957 5206/2474/3955 5203/2049/3952 5205/1729/3954 
f 5007/1830/3557 4724/1547/3557 4723/1546/3556 5008/1831/3556 
f 5205/1729/3954 5204/1706/3953 4883/1706/1 4906/1729/1 
f 4725/1548/3558 4724/1547/3557 4719/1542/3552 4718/1541/3551 
s 1
f 4874/1697/3649 4877/1700/3651 4816/1639/3616 4815/1638/3616 
s 2
f 4914/1737/3656 4917/1740/3659 4912/1735/3654 4911/1734/3653 
f 4976/1799/3720 4914/1737/3656 4911/1734/3653 4975/1798/3717 
f 4877/1700/3722 4976/1799/3720 4975/1798/3717 4816/1639/3719 
f 4917/1740/3659 5037/1860/3553 5006/1829/3552 4912/1735/3654 
s 1
f 5044/1864/3793 5047/1865/3796 5046/1606/3795 5045/1605/3794 
f 5107/1922/3856 5110/1925/3859 5047/1865/3796 5044/1864/3793 
f 5109/1924/3858 5112/1927/3861 5110/1925/3859 5107/1922/3856 
f 5108/1923/3857 4874/1697/3649 4815/1638/3616 5109/1924/3858 
f 5045/1605/3794 5046/1606/3795 4783/1606/108 4782/1605/108 
s 2
f 5168/2475/3917 4725/2476/3558 4718/1984/3551 5167/1983/3916 
f 5202/2477/3951 5168/2475/3917 5167/1983/3916 5199/2047/3948 
f 5204/1706/3953 5202/2477/3951 5199/2047/3948 5201/1730/3950 
f 5037/1860/3553 4720/1543/3553 4719/1542/3552 5006/1829/3552 
f 5201/1730/3950 5200/1732/3949 4909/1732/1 4907/1730/1 
f 4721/1544/3554 4720/1543/3553 4779/1602/3612 4778/1601/3611 
s 1
f 4870/1693/3647 4873/1696/3647 4876/1699/3650 4875/1698/3650 
s 2
f 4918/1741/3660 4921/1744/3663 4916/1739/3658 4915/1738/3657 
f 4978/1801/3724 4918/1741/3660 4915/1738/3657 4977/1800/3721 
f 4873/1696/3726 4978/1801/3724 4977/1800/3721 4876/1699/3723 
f 4921/1744/3663 5035/1858/3613 5036/1859/3786 4916/1739/3658 
s 1
f 5040/1862/3789 5043/1863/3792 5042/1608/3791 5041/1635/3790 
f 5103/1918/3852 5106/1921/3855 5043/1863/3792 5040/1862/3789 
f 5105/1920/3854 5108/1923/3857 5106/1921/3855 5103/1918/3852 
f 5104/1919/3853 4870/1693/3647 4875/1698/3650 5105/1920/3854 
f 5041/1635/3790 5042/1608/3791 4785/1608/108 4812/1635/108 
s 2
f 5166/2478/3915 4721/2479/3554 4778/2044/3611 5197/2043/3946 
f 5198/2480/3947 5166/2478/3915 5197/2043/3946 5259/2077/4008 
f 5200/1732/3949 5198/2480/3947 5259/2077/4008 5261/1731/4010 
f 5035/1858/3613 4780/1603/3613 4779/1602/3612 5036/1859/3786 
f 5261/1731/4010 5260/1704/4009 4881/1704/1 4908/1731/1 
f 5865/1600/3610 5864/1599/3609 5859/1594/3604 5858/1593/3603 
s 1
f 5950/1685/4441 5953/1688/4443 5956/1691/3645 5955/1690/3645 
s 2
f 6014/1749/4457 6017/1752/4460 6012/1747/3666 6011/1746/3665 
f 6070/1805/4515 6014/1749/4457 6011/1746/3665 6069/1804/3729 
f 5953/1688/4517 6070/1805/4515 6069/1804/3729 5956/1691/3731 
f 6017/1752/4460 6119/1854/4567 6120/1855/4568 6012/1747/3666 
s 1
f 6184/1911/3845 6187/2388/3848 6186/2389/3847 6185/1912/3846 
f 6247/1974/3908 6250/2390/3911 6187/2388/3848 6184/1911/3845 
f 6249/1976/3910 6252/1979/3913 6250/2390/3911 6247/1974/3908 
f 6248/1975/4685 5950/1685/4441 5955/1690/3645 6249/1976/3910 
f 6185/1633/3846 6186/1610/3847 5875/1610/108 5898/1633/108 
s 2
f 6282/2391/3943 5865/2392/3610 5858/2036/3603 6281/2035/3942 
f 6342/2393/4003 6282/2391/3943 6281/2035/3942 6339/2073/4000 
f 6344/1702/4005 6342/2393/4003 6339/2073/4000 6341/1703/4002 
f 6119/1854/4567 5860/1595/4411 5859/1594/3604 6120/1855/4568 
f 6341/1703/4002 6340/1705/4768 5970/1705/1 5968/1703/1 
f 5869/1604/4416 5868/1603/4415 5863/1598/3608 5862/1597/3607 
s 1
f 5954/1689/3644 5957/1692/3646 5960/1695/3648 5959/1694/3648 
s 2
f 6010/1745/3664 6013/1748/3667 6008/1743/3662 6007/1742/3661 
f 6068/1803/3728 6010/1745/3664 6007/1742/3661 6067/1802/3725 
f 5957/1692/3730 6068/1803/3728 6067/1802/3725 5960/1695/3727 
f 6013/1748/3667 6121/1856/3609 6122/1857/3608 6008/1743/3662 
s 1
f 6188/1915/3849 6127/2394/4572 6126/2395/4571 6189/1916/3850 
f 6251/1978/3912 6190/2396/4628 6127/2394/4572 6188/1915/3849 
f 6253/1980/3914 6192/1919/4630 6190/2396/4628 6251/1978/3912 
f 6252/1979/3913 5954/1689/3644 5959/1694/3648 6253/1980/3914 
f 6189/1634/3850 6126/1636/4571 5901/1636/108 5899/1634/108 
s 2
f 6284/2397/4713 5869/2398/4416 5862/2040/3607 6283/2039/3944 
f 6346/2399/4769 6284/2397/4713 6283/2039/3944 6343/2075/4004 
f 6348/1704/4357 6346/2399/4769 6343/2075/4004 6345/1701/4006 
f 6121/1856/3609 5864/1599/3609 5863/1598/3608 6122/1857/3608 
f 6345/1701/4006 6344/1702/4005 5967/1702/1 5966/1701/1 
f 5809/1544/4362 5808/1543/4361 5867/1602/4414 5866/1601/4413 
s 1
f 5958/1693/4444 5961/1696/4444 5964/1699/4446 5963/1698/4446 
s 2
f 6006/1741/4455 6009/1744/4456 6004/1739/4453 6003/1738/4452 
f 6066/1801/4513 6006/1741/4455 6003/1738/4452 6065/1800/4510 
f 5961/1696/4514 6066/1801/4513 6065/1800/4510 5964/1699/4512 
f 6009/1744/4456 6123/1858/4569 6124/1859/4414 6004/1739/4453 
s 1
f 6128/1862/4573 6131/1863/4576 6130/1608/4575 6129/1635/4574 
f 6191/1918/4629 6194/1921/4632 6131/1863/4576 6128/1862/4573 
f 6193/1920/4631 6196/1923/4634 6194/1921/4632 6191/1918/4629 
f 6192/1919/4630 5958/1693/4444 5963/1698/4446 6193/1920/4631 
f 6129/1635/4574 6130/1608/4575 5874/1608/108 5900/1635/108 
s 2
f 6254/2478/4686 5809/2479/4362 5866/2044/4413 6285/2043/4714 
f 6286/2480/4715 6254/2478/4686 6285/2043/4714 6347/2077/4770 
f 6288/1732/4717 6286/2480/4715 6347/2077/4770 6349/1731/4771 
f 6123/1858/4569 5868/1603/4415 5867/1602/4414 6124/1859/4414 
f 6349/1731/4771 6348/1704/4357 5969/1704/1 5995/1731/1 
f 5813/1548/4366 5812/1547/4365 5807/1542/4360 5806/1541/4359 
s 1
f 5962/1697/4445 5965/1700/4445 5904/1639/4418 5903/1638/4418 
s 2
f 6002/1737/4451 6005/1740/4454 6000/1735/4449 5999/1734/4448 
f 6064/1799/4509 6002/1737/4451 5999/1734/4448 6063/1798/4506 
f 5965/1700/4511 6064/1799/4509 6063/1798/4506 5904/1639/4508 
f 6005/1740/4454 6125/1860/4570 6094/1829/4563 6000/1735/4449 
s 1
f 6132/1864/4577 6135/1865/4580 6134/1606/4579 6133/1605/4578 
f 6195/1922/4633 6198/1925/4636 6135/1865/4580 6132/1864/4577 
f 6197/1924/4635 6200/1927/4638 6198/1925/4636 6195/1922/4633 
f 6196/1923/4634 5962/1697/4445 5903/1638/4418 6197/1924/4635 
f 6133/1605/4578 6134/1606/4579 5871/1606/108 5870/1605/108 
s 2
f 6256/2475/4688 5813/2476/4366 5806/1984/4359 6255/1983/4687 
f 6290/2477/4719 6256/2475/4688 6255/1983/4687 6287/2047/4716 
f 6292/1706/4721 6290/2477/4719 6287/2047/4716 6289/1730/4718 
f 6125/1860/4570 5808/1543/4361 5807/1542/4360 6094/1829/4563 
f 6289/1730/4718 6288/1732/4717 5997/1732/1 5996/1730/1 
f 5817/1552/4370 5816/1551/4369 5811/1546/4364 5810/1545/4363 
s 1
f 5902/1637/4417 5905/1640/4417 5908/1643/4420 5907/1642/4420 
s 2
f 5998/1733/4447 6001/1736/4450 6060/1795/4503 6059/1794/4502 
f 6062/1797/4505 5998/1733/4447 6059/1794/4502 6093/1828/4560 
f 5905/1640/4507 6062/1797/4505 6093/1828/4560 5908/1643/4562 
f 6001/1736/4450 6095/1830/4365 6096/1831/4364 6060/1795/4503 
s 1
f 6136/1866/4581 6139/1867/4584 6138/1609/4583 6137/1607/4582 
f 6199/1926/4637 6202/1929/4640 6139/1867/4584 6136/1866/4581 
f 6201/1928/4639 6204/1931/4642 6202/1929/4640 6199/1926/4637 
f 6200/1927/4638 5902/1637/4417 5907/1642/4420 6201/1928/4639 
f 6137/1607/4582 6138/1609/4583 5873/1609/108 5872/1607/108 
s 2
f 6258/2472/4690 5817/2473/4370 5810/1988/4363 6257/1987/4689 
f 6294/2474/4723 6258/2472/4690 6257/1987/4689 6291/2049/4720 
f 6296/1728/4725 6294/2474/4723 6291/2049/4720 6293/1729/4722 
f 6095/1830/4365 5812/1547/4365 5811/1546/4364 6096/1831/4364 
f 6293/1729/4722 6292/1706/4721 5971/1706/1 5994/1729/1 
f 5821/2466/4374 5820/2078/4373 5815/1550/4368 5814/1549/4367 
s 1
f 5906/1641/4419 5909/1644/4419 5912/1647/4422 5911/1646/4422 
s 2
f 6058/1793/4501 6061/1796/4504 6056/1791/4499 6055/1790/4498 
f 6092/1827/4559 6058/1793/4501 6055/1790/4498 6091/1826/4556 
f 5909/1644/4561 6092/1827/4559 6091/1826/4556 5912/1647/4558 
f 6061/1796/4504 6097/1832/4369 6098/1833/4368 6056/1791/4499 
s 1
f 6140/1868/4585 6143/2467/4588 6142/1612/4587 6141/1611/4586 
f 6203/1930/4641 6206/2468/4644 6143/2467/4588 6140/1868/4585 
f 6205/1932/4643 6208/1981/4646 6206/2468/4644 6203/1930/4641 
f 6204/1931/4642 5906/1641/4419 5911/1646/4422 6205/1932/4643 
f 6141/1611/4586 6142/1612/4587 5877/1612/108 5876/1611/108 
s 2
f 6260/2469/4692 5821/2470/4374 5814/1992/4367 6259/1991/4691 
f 6298/2471/4727 6260/2469/4692 6259/1991/4691 6295/2051/4724 
f 6300/1726/4729 6298/2471/4727 6295/2051/4724 6297/1727/4726 
f 6097/1832/4369 5816/1551/4369 5815/1550/4368 6098/1833/4368 
f 6297/1727/4726 6296/1728/4725 5993/1728/1 5992/1727/1 
f 5825/1560/4378 5824/1559/4377 5819/1554/4372 5818/1553/4371 
s 1
f 5910/2454/4421 5913/2455/4421 5916/1651/4424 5915/1650/4424 
s 2
f 6054/2456/4497 6057/2457/4500 6052/1787/4495 6051/1786/4494 
f 6090/2458/4555 6054/2456/4497 6051/1786/4494 6089/1824/4552 
f 5913/2455/4557 6090/2458/4555 6089/1824/4552 5916/1651/4554 
f 6057/2457/4500 6099/2459/4373 6100/1835/4564 6052/1787/4495 
s 1
f 6144/1871/4589 6147/2460/4592 6146/2461/4591 6145/1872/4590 
f 6207/1934/4645 6210/2462/4648 6147/2460/4592 6144/1871/4589 
f 6209/1936/4647 6212/1939/4650 6210/2462/4648 6207/1934/4645 
f 6208/1935/4646 5910/2454/4421 5915/1650/4424 6209/1936/4647 
f 6145/1613/4590 6146/1614/4591 5879/1614/108 5878/1613/108 
s 2
f 6262/2463/4694 5825/2464/4378 5818/1996/4371 6261/1995/4693 
f 6302/2465/4731 6262/2463/4694 6261/1995/4693 6299/2053/4728 
f 6304/1724/4733 6302/2465/4731 6299/2053/4728 6301/1725/4730 
f 6099/2459/4373 5820/1555/4373 5819/1554/4372 6100/1835/4564 
f 6301/1725/4730 6300/1726/4729 5991/1726/1 5990/1725/1 
f 5829/1564/4382 5828/1563/4381 5823/1558/4376 5822/1557/4375 
s 1
f 5914/1649/4423 5917/1652/4423 5920/1655/4426 5919/1654/4426 
s 2
f 6050/1785/4493 6053/1788/4496 6048/1783/4491 6047/1782/4490 
f 6088/1823/4551 6050/1785/4493 6047/1782/4490 6087/1822/4548 
f 5917/1652/4553 6088/1823/4551 6087/1822/4548 5920/1655/4550 
f 6053/1788/4496 6101/1836/4377 6102/1837/4376 6048/1783/4491 
s 1
f 6148/1875/4593 6151/2448/4596 6150/2449/4595 6149/1876/4594 
f 6211/1938/4649 6214/2450/4652 6151/2448/4596 6148/1875/4593 
f 6213/1940/4651 6216/1943/4654 6214/2450/4652 6211/1938/4649 
f 6212/1939/4650 5914/1649/4423 5919/1654/4426 6213/1940/4651 
f 6149/1616/4594 6150/1617/4595 5882/1617/108 5881/1616/108 
s 2
f 6264/2451/4696 5829/2452/4382 5822/2000/4375 6263/1999/4695 
f 6306/2453/4735 6264/2451/4696 6263/1999/4695 6303/2055/4732 
f 6308/1719/4737 6306/2453/4735 6303/2055/4732 6305/1723/4734 
f 6101/1836/4377 5824/1559/4377 5823/1558/4376 6102/1837/4376 
f 6305/1723/4734 6304/1724/4733 5989/1724/1 5988/1723/1 
f 5833/1568/4386 5832/1567/4385 5827/1562/4380 5826/1561/4379 
s 1
f 5918/1653/4425 5921/1656/4425 5924/1659/4428 5923/1658/4428 
s 2
f 6046/1781/4489 6049/1784/4492 6044/1779/4487 6043/1778/4486 
f 6086/1821/4547 6046/1781/4489 6043/1778/4486 6085/1820/4544 
f 5921/1656/4549 6086/1821/4547 6085/1820/4544 5924/1659/4546 
f 6049/1784/4492 6103/1838/4381 6104/1839/4380 6044/1779/4487 
s 1
f 6152/1879/4597 6155/2442/4600 6154/2443/4599 6153/1880/4598 
f 6215/1942/4653 6218/2444/4656 6155/2442/4600 6152/1879/4597 
f 6217/1944/4655 6220/1947/4658 6218/2444/4656 6215/1942/4653 
f 6216/1943/4654 5918/1653/4425 5923/1658/4428 6217/1944/4655 
f 6153/1618/4598 6154/1615/4599 5880/1615/108 5883/1618/108 
s 2
f 6266/2445/4698 5833/2446/4386 5826/2004/4379 6265/2003/4697 
f 6310/2447/4739 6266/2445/4698 6265/2003/4697 6307/2057/4736 
f 6312/1721/4741 6310/2447/4739 6307/2057/4736 6309/1722/4738 
f 6103/1838/4381 5828/1563/4381 5827/1562/4380 6104/1839/4380 
f 6309/1722/4738 6308/1719/4737 5984/1719/1 5987/1722/1 
f 5837/1572/4390 5836/1571/4389 5831/1566/4384 5830/1565/4383 
s 1
f 5922/1657/4427 5925/1660/4427 5928/1663/4430 5927/1662/4430 
s 2
f 6042/1777/4485 6045/1780/4488 6040/1775/4483 6039/1774/4482 
f 6084/1819/4543 6042/1777/4485 6039/1774/4482 6083/1818/4540 
f 5925/1660/4545 6084/1819/4543 6083/1818/4540 5928/1663/4542 
f 6045/1780/4488 6105/1840/4385 6106/1841/4384 6040/1775/4483 
s 1
f 6156/1883/4601 6159/2436/4604 6158/2437/4603 6157/1884/4602 
f 6219/1946/4657 6222/2438/4660 6159/2436/4604 6156/1883/4601 
f 6221/1948/4659 6224/1951/4662 6222/2438/4660 6219/1946/4657 
f 6220/1947/4658 5922/1657/4427 5927/1662/4430 6221/1948/4659 
f 6157/1619/4602 6158/1620/4603 5885/1620/108 5884/1619/108 
s 2
f 6268/2439/4700 5837/2440/4390 5830/2008/4383 6267/2007/4699 
f 6314/2441/4743 6268/2439/4700 6267/2007/4699 6311/2059/4740 
f 6316/1718/4745 6314/2441/4743 6311/2059/4740 6313/1720/4742 
f 6105/1840/4385 5832/1567/4385 5831/1566/4384 6106/1841/4384 
f 6313/1720/4742 6312/1721/4741 5986/1721/1 5985/1720/1 
f 5841/1576/4394 5840/1575/4393 5835/1570/4388 5834/1569/4387 
s 1
f 5926/1661/4429 5929/1664/4429 5932/1667/4432 5931/1666/4432 
s 2
f 6038/1773/4481 6041/1776/4484 6036/1771/4479 6035/1770/4478 
f 6082/1817/4539 6038/1773/4481 6035/1770/4478 6081/1816/4536 
f 5929/1664/4541 6082/1817/4539 6081/1816/4536 5932/1667/4538 
f 6041/1776/4484 6107/1842/4389 6108/1843/4388 6036/1771/4479 
s 1
f 6160/1887/4605 6163/2430/4607 6162/2431/4191 6161/1888/4606 
f 6223/1950/4661 6226/2432/4664 6163/2430/4607 6160/1887/4605 
f 6225/1952/4663 6228/1955/4666 6226/2432/4664 6223/1950/4661 
f 6224/1951/4662 5926/1661/4429 5931/1666/4432 6225/1952/4663 
f 6161/1621/4606 6162/1622/4191 5887/1622/108 5886/1621/108 
s 2
f 6270/2433/4702 5841/2434/4394 5834/2012/4387 6269/2011/4701 
f 6318/2435/4747 6270/2433/4702 6269/2011/4701 6315/2061/4744 
f 6320/1716/4749 6318/2435/4747 6315/2061/4744 6317/1717/4746 
f 6107/1842/4389 5836/1571/4389 5835/1570/4388 6108/1843/4388 
f 6317/1717/4746 6316/1718/4745 5983/1718/1 5982/1717/1 
f 5845/1580/4398 5844/1579/4397 5839/1574/4392 5838/1573/4391 
s 1
f 5930/1665/4431 5933/1668/4431 5936/1671/4434 5935/1670/4434 
s 2
f 6034/1769/4477 6037/1772/4480 6032/1767/4475 6031/1766/4474 
f 6080/1815/4535 6034/1769/4477 6031/1766/4474 6079/1814/4532 
f 5933/1668/4537 6080/1815/4535 6079/1814/4532 5936/1671/4534 
f 6037/1772/4480 6109/1844/4393 6110/1845/4392 6032/1767/4475 
s 1
f 6164/1891/4608 6167/2424/4611 6166/2425/4610 6165/1892/4609 
f 6227/1954/4665 6230/2426/4668 6167/2424/4611 6164/1891/4608 
f 6229/1956/4667 6232/1959/4670 6230/2426/4668 6227/1954/4665 
f 6228/1955/4666 5930/1665/4431 5935/1670/4434 6229/1956/4667 
f 6165/1624/4609 6166/1625/4610 5890/1625/108 5889/1624/108 
s 2
f 6272/2427/4704 5845/2428/4398 5838/2016/4391 6271/2015/4703 
f 6322/2429/4751 6272/2427/4704 6271/2015/4703 6319/2063/4748 
f 6324/1711/4753 6322/2429/4751 6319/2063/4748 6321/1715/4750 
f 6109/1844/4393 5840/1575/4393 5839/1574/4392 6110/1845/4392 
f 6321/1715/4750 6320/1716/4749 5981/1716/1 5980/1715/1 
f 5849/1584/4402 5848/1583/4401 5843/1578/4396 5842/1577/4395 
s 1
f 5934/1669/4433 5937/1672/4433 5940/1675/4436 5939/1674/4436 
s 2
f 6030/1765/4473 6033/1768/4476 6028/1763/4471 6027/1762/4470 
f 6078/1813/4531 6030/1765/4473 6027/1762/4470 6077/1812/4528 
f 5937/1672/4533 6078/1813/4531 6077/1812/4528 5940/1675/4530 
f 6033/1768/4476 6111/1846/4397 6112/1847/4396 6028/1763/4471 
s 1
f 6168/1895/4612 6171/2418/4615 6170/2419/4614 6169/1896/4613 
f 6231/1958/4669 6234/2420/4672 6171/2418/4615 6168/1895/4612 
f 6233/1960/4671 6236/1963/4674 6234/2420/4672 6231/1958/4669 
f 6232/1959/4670 5934/1669/4433 5939/1674/4436 6233/1960/4671 
f 6169/1626/4613 6170/1623/4614 5888/1623/108 5891/1626/108 
s 2
f 6274/2421/4706 5849/2422/4402 5842/2020/4395 6273/2019/4705 
f 6326/2423/4755 6274/2421/4706 6273/2019/4705 6323/2065/4752 
f 6328/1713/4757 6326/2423/4755 6323/2065/4752 6325/1714/4754 
f 6111/1846/4397 5844/1579/4397 5843/1578/4396 6112/1847/4396 
f 6325/1714/4754 6324/1711/4753 5976/1711/1 5979/1714/1 
f 5853/1588/4406 5852/1587/4405 5847/1582/4400 5846/1581/4399 
s 1
f 5938/1673/4435 5941/1676/4435 5944/1679/4438 5943/1678/4438 
s 2
f 6026/1761/4469 6029/1764/4472 6024/1759/4467 6023/1758/4466 
f 6076/1811/4527 6026/1761/4469 6023/1758/4466 6075/1810/4524 
f 5941/1676/4529 6076/1811/4527 6075/1810/4524 5944/1679/4526 
f 6029/1764/4472 6113/1848/4401 6114/1849/4565 6024/1759/4467 
s 1
f 6172/1899/4616 6175/2412/4619 6174/2413/4618 6173/1900/4617 
f 6235/1962/4673 6238/2414/4676 6175/2412/4619 6172/1899/4616 
f 6237/1964/4675 6240/1967/4678 6238/2414/4676 6235/1962/4673 
f 6236/1963/4674 5938/1673/4435 5943/1678/4438 6237/1964/4675 
f 6173/1627/4617 6174/1628/4618 5893/1628/108 5892/1627/108 
s 2
f 6276/2415/4708 5853/2416/4406 5846/2024/4399 6275/2023/4707 
f 6330/2417/4759 6276/2415/4708 6275/2023/4707 6327/2067/4756 
f 6332/1710/4761 6330/2417/4759 6327/2067/4756 6329/1712/4758 
f 6113/1848/4401 5848/1583/4401 5847/1582/4400 6114/1849/4565 
f 6329/1712/4758 6328/1713/4757 5978/1713/1 5977/1712/1 
f 5857/1592/4410 5856/1591/4409 5851/1586/4404 5850/1585/4403 
s 1
f 5942/1677/4437 5945/1680/4437 5948/1683/4440 5947/1682/4440 
s 2
f 6022/1757/4465 6025/1760/4468 6020/1755/4463 6019/1754/4462 
f 6074/1809/4523 6022/1757/4465 6019/1754/4462 6073/1808/4520 
f 5945/1680/4525 6074/1809/4523 6073/1808/4520 5948/1683/4522 
f 6025/1760/4468 6115/1850/4405 6116/1851/4566 6020/1755/4463 
s 1
f 6176/1903/4620 6179/2406/4623 6178/2407/4622 6177/1904/4621 
f 6239/1966/4677 6242/2408/4680 6179/2406/4623 6176/1903/4620 
f 6241/1968/4679 6244/1971/4682 6242/2408/4680 6239/1966/4677 
f 6240/1967/4678 5942/1677/4437 5947/1682/4440 6241/1968/4679 
f 6177/1629/4621 6178/1630/4622 5895/1630/108 5894/1629/108 
s 2
f 6278/2409/4710 5857/2410/4410 5850/2028/4403 6277/2027/4709 
f 6334/2411/4763 6278/2409/4710 6277/2027/4709 6331/2069/4760 
f 6336/1708/4765 6334/2411/4763 6331/2069/4760 6333/1709/4762 
f 6115/1850/4405 5852/1587/4405 5851/1586/4404 6116/1851/4566 
f 6333/1709/4762 6332/1710/4761 5975/1710/1 5974/1709/1 
f 5861/1596/4412 5860/1595/4411 5855/1590/4408 5854/1589/4407 
s 1
f 5946/1681/4439 5949/1684/4439 5952/1687/4442 5951/1686/4442 
s 2
f 6018/1753/4461 6021/1756/4464 6016/1751/4459 6015/1750/4458 
f 6072/1807/4519 6018/1753/4461 6015/1750/4458 6071/1806/4516 
f 5949/1684/4521 6072/1807/4519 6071/1806/4516 5952/1687/4518 
f 6021/1756/4464 6117/1852/4409 6118/1853/4408 6016/1751/4459 
s 1
f 6180/1907/4624 6183/2400/4627 6182/2401/4626 6181/1908/4625 
f 6243/1970/4681 6246/2402/4684 6183/2400/4627 6180/1907/4624 
f 6245/1972/4683 6248/1975/4685 6246/2402/4684 6243/1970/4681 
f 6244/1971/4682 5946/1681/4439 5951/1686/4442 6245/1972/4683 
f 6181/1631/4625 6182/1632/4626 5897/1632/108 5896/1631/108 
s 2
f 6280/2403/4712 5861/2404/4412 5854/2032/4407 6279/2031/4711 
f 6338/2405/4767 6280/2403/4712 6279/2031/4711 6335/2071/4764 
f 6340/1705/4768 6338/2405/4767 6335/2071/4764 6337/1707/4766 
f 6117/1852/4409 5856/1591/4409 5855/1590/4408 6118/1853/4408 
f 6337/1707/4766 6336/1708/4765 5973/1708/1 5972/1707/1 
f 5305/1584/4031 5304/1583/4030 5299/1578/4025 5298/1577/4024 
s 1
f 5390/1669/4055 5393/1672/4055 5396/1675/4059 5395/1674/4059 
s 2
f 5486/1765/4098 5489/1768/4100 5484/1763/4096 5483/1762/4095 
f 5534/1813/4138 5486/1765/4098 5483/1762/4095 5533/1812/4135 
f 5393/1672/4140 5534/1813/4138 5533/1812/4135 5396/1675/4137 
f 5489/1768/4100 5567/1846/4026 5568/1847/4025 5484/1763/4096 
s 1
f 5624/1895/4197 5627/2418/4200 5626/2419/4199 5625/1896/4198 
f 5687/1958/4254 5690/2420/4257 5627/2418/4200 5624/1895/4197 
f 5689/1960/4256 5692/1963/4259 5690/2420/4257 5687/1958/4254 
f 5688/1959/4255 5390/1669/4055 5395/1674/4059 5689/1960/4256 
f 5625/1626/4198 5626/1623/4199 5344/1623/108 5347/1626/108 
s 2
f 5730/2421/4288 5305/2422/4031 5298/2020/4024 5729/2019/4287 
f 5782/2423/4337 5730/2421/4288 5729/2019/4287 5779/2065/4334 
f 5784/1713/4339 5782/2423/4337 5779/2065/4334 5781/1714/4336 
f 5567/1846/4026 5300/1579/4026 5299/1578/4025 5568/1847/4025 
f 5781/1714/4336 5780/1711/4335 5432/1711/1 5435/1714/1 
f 5301/1580/4027 5300/1579/4026 5295/1574/4021 5294/1573/4020 
s 1
f 5386/1665/4053 5389/1668/4053 5392/1671/4057 5391/1670/4056 
s 2
f 5490/1769/4101 5493/1772/4102 5488/1767/4099 5487/1766/3685 
f 5536/1815/4142 5490/1769/4101 5487/1766/3685 5535/1814/4139 
f 5389/1668/4144 5536/1815/4142 5535/1814/4139 5392/1671/4141 
f 5493/1772/4102 5565/1844/4022 5566/1845/4021 5488/1767/4099 
s 1
f 5620/1891/4193 5623/2424/4196 5622/2425/4195 5621/1892/4194 
f 5683/1954/4250 5686/2426/4253 5623/2424/4196 5620/1891/4193 
f 5685/1956/4252 5688/1959/4255 5686/2426/4253 5683/1954/4250 
f 5684/1955/4251 5386/1665/4053 5391/1670/4056 5685/1956/4252 
f 5621/1624/4194 5622/1625/4195 5346/1625/108 5345/1624/108 
s 2
f 5728/2427/4286 5301/2428/4027 5294/2016/4020 5727/2015/4285 
f 5778/2429/4333 5728/2427/4286 5727/2015/4285 5775/2063/4330 
f 5780/1711/4335 5778/2429/4333 5775/2063/4330 5777/1715/4332 
f 5565/1844/4022 5296/1575/4022 5295/1574/4021 5566/1845/4021 
f 5777/1715/4332 5776/1716/4331 5437/1716/1 5436/1715/1 
f 5297/1576/4023 5296/1575/4022 5291/1570/3580 5290/1569/3579 
s 1
f 5382/1661/4052 5385/1664/4052 5388/1667/3631 5387/1666/4054 
s 2
f 5494/1773/4103 5497/1776/4104 5492/1771/3690 5491/1770/3689 
f 5538/1817/4146 5494/1773/4103 5491/1770/3689 5537/1816/4143 
f 5385/1664/4148 5538/1817/4146 5537/1816/4143 5388/1667/4145 
f 5497/1776/4104 5563/1842/4018 5564/1843/3580 5492/1771/3690 
s 1
f 5616/1887/4189 5619/2430/4192 5618/2431/4191 5617/1888/4190 
f 5679/1950/4246 5682/2432/4249 5619/2430/4192 5616/1887/4189 
f 5681/1952/4248 5684/1955/4251 5682/2432/4249 5679/1950/4246 
f 5680/1951/4247 5382/1661/4052 5387/1666/4054 5681/1952/4248 
f 5617/1621/4190 5618/1622/4191 5343/1622/108 5342/1621/108 
s 2
f 5726/2433/4284 5297/2434/4023 5290/2012/3579 5725/2011/4283 
f 5774/2435/4329 5726/2433/4284 5725/2011/4283 5771/2061/3976 
f 5776/1716/4331 5774/2435/4329 5771/2061/3976 5773/1717/4328 
f 5563/1842/4018 5292/1571/4018 5291/1570/3580 5564/1843/3580 
f 5773/1717/4328 5772/1718/4327 5439/1718/1 5438/1717/1 
f 5293/1572/4019 5292/1571/4018 5287/1566/4015 5286/1565/3575 
s 1
f 5378/1657/4051 5381/1660/4051 5384/1663/3629 5383/1662/3629 
s 2
f 5498/1777/4105 5501/1780/3699 5496/1775/3694 5495/1774/3693 
f 5540/1819/4150 5498/1777/4105 5495/1774/3693 5539/1818/4147 
f 5381/1660/4152 5540/1819/4150 5539/1818/4147 5384/1663/4149 
f 5501/1780/3699 5561/1840/4016 5562/1841/3780 5496/1775/3694 
s 1
f 5612/1883/4186 5615/2436/4188 5614/2437/3819 5613/1884/4187 
f 5675/1946/4243 5678/2438/4245 5615/2436/4188 5612/1883/4186 
f 5677/1948/3882 5680/1951/4247 5678/2438/4245 5675/1946/4243 
f 5676/1947/4244 5378/1657/4051 5383/1662/3629 5677/1948/3882 
f 5613/1619/4187 5614/1620/3819 5341/1620/108 5340/1619/108 
s 2
f 5724/2439/4282 5293/2440/4019 5286/2008/3575 5723/2007/3928 
f 5770/2441/4326 5724/2439/4282 5723/2007/3928 5767/2059/4323 
f 5772/1718/4327 5770/2441/4326 5767/2059/4323 5769/1720/4325 
f 5561/1840/4016 5288/1567/4016 5287/1566/4015 5562/1841/3780 
f 5769/1720/4325 5768/1721/4324 5442/1721/1 5441/1720/1 
f 5289/1568/4017 5288/1567/4016 5283/1562/3572 5282/1561/3571 
s 1
f 5374/1653/3623 5377/1656/3623 5380/1659/3627 5379/1658/3627 
s 2
f 5502/1781/3700 5505/1784/3703 5500/1779/3698 5499/1778/3697 
f 5542/1821/4154 5502/1781/3700 5499/1778/3697 5541/1820/4151 
f 5377/1656/4156 5542/1821/4154 5541/1820/4151 5380/1659/4153 
f 5505/1784/3703 5559/1838/3573 5560/1839/3572 5500/1779/3698 
s 1
f 5608/1879/3813 5611/2442/3816 5610/2443/3815 5609/1880/4185 
f 5671/1942/4240 5674/2444/4242 5611/2442/3816 5608/1879/3813 
f 5673/1944/4241 5676/1947/4244 5674/2444/4242 5671/1942/4240 
f 5672/1943/3877 5374/1653/3623 5379/1658/3627 5673/1944/4241 
f 5609/1618/4185 5610/1615/3815 5336/1615/108 5339/1618/108 
s 2
f 5722/2445/4281 5289/2446/4017 5282/2004/3571 5721/2003/4280 
f 5766/2447/4322 5722/2445/4281 5721/2003/4280 5763/2057/4319 
f 5768/1721/4324 5766/2447/4322 5763/2057/4319 5765/1722/4321 
f 5559/1838/3573 5284/1563/3573 5283/1562/3572 5560/1839/3572 
f 5765/1722/4321 5764/1719/4320 5440/1719/1 5443/1722/1 
f 5285/1564/3574 5284/1563/3573 5279/1558/3568 5278/1557/3567 
s 1
f 5370/1649/3621 5373/1652/3621 5376/1655/3624 5375/1654/3624 
s 2
f 5506/1785/3704 5509/1788/3707 5504/1783/3702 5503/1782/3701 
f 5544/1823/4158 5506/1785/3704 5503/1782/3701 5543/1822/4155 
f 5373/1652/4160 5544/1823/4158 5543/1822/4155 5376/1655/4157 
f 5509/1788/3707 5557/1836/3569 5558/1837/3568 5504/1783/3702 
s 1
f 5604/1875/3809 5607/2448/3812 5606/2449/4184 5605/1876/4183 
f 5667/1938/4237 5670/2450/4239 5607/2448/3812 5604/1875/3809 
f 5669/1940/4238 5672/1943/3877 5670/2450/4239 5667/1938/4237 
f 5668/1939/3873 5370/1649/3621 5375/1654/3624 5669/1940/4238 
f 5605/1616/4183 5606/1617/4184 5338/1617/108 5337/1616/108 
s 2
f 5720/2451/3925 5285/2452/3574 5278/2000/3567 5719/1999/3924 
f 5762/2453/4318 5720/2451/3925 5719/1999/3924 5759/2055/4316 
f 5764/1719/4320 5762/2453/4318 5759/2055/4316 5761/1723/4317 
f 5557/1836/3569 5280/1559/3569 5279/1558/3568 5558/1837/3568 
f 5761/1723/4317 5760/1724/3965 5445/1724/1 5444/1723/1 
f 5281/1560/3570 5280/1559/3569 5275/1554/3564 5274/1553/3563 
s 1
f 5366/2454/3619 5369/2455/3619 5372/1651/3622 5371/1650/3622 
s 2
f 5510/2456/3708 5513/2457/3711 5508/1787/3706 5507/1786/3705 
f 5546/2458/4162 5510/2456/3708 5507/1786/3705 5545/1824/4159 
f 5369/2455/4164 5546/2458/4162 5545/1824/4159 5372/1651/4161 
f 5513/2457/3711 5555/2459/3565 5556/1835/3564 5508/1787/3706 
s 1
f 5600/1871/3805 5603/2460/3808 5602/2461/4182 5601/1872/4181 
f 5663/1934/4234 5666/2462/4236 5603/2460/3808 5600/1871/3805 
f 5665/1936/4235 5668/1939/3873 5666/2462/4236 5663/1934/4234 
f 5664/1935/3869 5366/2454/3619 5371/1650/3622 5665/1936/4235 
f 5601/1613/4181 5602/1614/4182 5335/1614/108 5334/1613/108 
s 2
f 5718/2463/3923 5281/2464/3570 5274/1996/3563 5717/1995/3922 
f 5758/2465/4315 5718/2463/3923 5717/1995/3922 5755/2053/3960 
f 5760/1724/3965 5758/2465/4315 5755/2053/3960 5757/1725/4314 
f 5555/2459/3565 5276/1555/3565 5275/1554/3564 5556/1835/3564 
f 5757/1725/4314 5756/1726/4313 5447/1726/1 5446/1725/1 
f 5277/2466/3566 5276/2078/3565 5271/1550/4014 5270/1549/3559 
s 1
f 5362/1641/3617 5365/1644/3617 5368/1647/3620 5367/1646/3620 
s 2
f 5514/1793/3712 5517/1796/3715 5512/1791/3710 5511/1790/3709 
f 5548/1827/4166 5514/1793/3712 5511/1790/3709 5547/1826/4163 
f 5365/1644/4168 5548/1827/4166 5547/1826/4163 5368/1647/4165 
f 5517/1796/3715 5553/1832/3561 5554/1833/3560 5512/1791/3710 
s 1
f 5596/1868/3801 5599/2467/3804 5598/1612/3803 5597/1611/4180 
f 5659/1930/4231 5662/2468/4233 5599/2467/3804 5596/1868/3801 
f 5661/1932/4232 5664/1981/3869 5662/2468/4233 5659/1930/4231 
f 5660/1931/3865 5362/1641/3617 5367/1646/3620 5661/1932/4232 
f 5597/1611/4180 5598/1612/3803 5333/1612/108 5332/1611/108 
s 2
f 5716/2469/4279 5277/2470/3566 5270/1992/3559 5715/1991/3920 
f 5754/2471/4312 5716/2469/4279 5715/1991/3920 5751/2051/4309 
f 5756/1726/4313 5754/2471/4312 5751/2051/4309 5753/1727/4311 
f 5553/1832/3561 5272/1551/3561 5271/1550/4014 5554/1833/3560 
f 5753/1727/4311 5752/1728/4310 5449/1728/1 5448/1727/1 
f 5273/1552/3562 5272/1551/3561 5267/1546/3556 5266/1545/3555 
s 1
f 5358/1637/3615 5361/1640/4050 5364/1643/3618 5363/1642/3618 
s 2
f 5454/1733/3652 5457/1736/3655 5516/1795/3714 5515/1794/3713 
f 5518/1797/4106 5454/1733/3652 5515/1794/3713 5549/1828/4167 
f 5361/1640/4108 5518/1797/4106 5549/1828/4167 5364/1643/4169 
f 5457/1736/3655 5551/1830/3557 5552/1831/3556 5516/1795/3714 
s 1
f 5592/1866/3797 5595/1867/3800 5594/1609/3799 5593/1607/4179 
f 5655/1926/4227 5658/1929/4230 5595/1867/3800 5592/1866/3797 
f 5657/1928/4229 5660/1931/3865 5658/1929/4230 5655/1926/4227 
f 5656/1927/4228 5358/1637/3615 5363/1642/3618 5657/1928/4229 
f 5593/1607/4179 5594/1609/3799 5330/1609/108 5328/1607/108 
s 2
f 5714/2472/3919 5273/2473/3562 5266/1988/3555 5713/1987/4278 
f 5750/2474/4308 5714/2472/3919 5713/1987/4278 5747/2049/4305 
f 5752/1728/4310 5750/2474/4308 5747/2049/4305 5749/1729/4307 
f 5551/1830/3557 5268/1547/4013 5267/1546/3556 5552/1831/3556 
f 5749/1729/4307 5748/1706/4306 5427/1706/1 5450/1729/1 
f 5269/1548/3558 5268/1547/4013 5263/1542/3552 5262/1541/3551 
s 1
f 5418/1697/4071 5421/1700/4071 5360/1639/3616 5359/1638/3616 
s 2
f 5458/1737/4073 5461/1740/4076 5456/1735/3654 5455/1734/3653 
f 5520/1799/4110 5458/1737/4073 5455/1734/3653 5519/1798/4107 
f 5421/1700/4112 5520/1799/4110 5519/1798/4107 5360/1639/4109 
f 5461/1740/4076 5581/1860/4011 5550/1829/4170 5456/1735/3654 
s 1
f 5588/1864/3793 5591/1865/3796 5590/1606/4178 5589/1605/4177 
f 5651/1922/4223 5654/1925/4226 5591/1865/3796 5588/1864/3793 
f 5653/1924/4225 5656/1927/4228 5654/1925/4226 5651/1922/4223 
f 5652/1923/4224 5418/1697/4071 5359/1638/3616 5653/1924/4225 
f 5589/1605/4177 5590/1606/4178 5327/1606/108 5326/1605/108 
s 2
f 5712/2475/3917 5269/2476/3558 5262/1984/3551 5711/1983/4277 
f 5746/2477/4304 5712/2475/3917 5711/1983/4277 5743/2047/4301 
f 5748/1706/4306 5746/2477/4304 5743/2047/4301 5745/1730/4303 
f 5581/1860/4011 5264/1543/4011 5263/1542/3552 5550/1829/4170 
f 5745/1730/4303 5744/1732/4302 5453/1732/1 5451/1730/1 
f 5265/1544/4012 5264/1543/4011 5323/1602/4047 5322/1601/4046 
s 1
f 5414/1693/4069 5417/1696/4069 5420/1699/4072 5419/1698/4072 
s 2
f 5462/1741/4077 5465/1744/4080 5460/1739/4075 5459/1738/4074 
f 5522/1801/4114 5462/1741/4077 5459/1738/4074 5521/1800/4111 
f 5417/1696/4116 5522/1801/4114 5521/1800/4111 5420/1699/4113 
f 5465/1744/4080 5579/1858/4048 5580/1859/4047 5460/1739/4075 
s 1
f 5584/1862/4173 5587/1863/4176 5586/1608/4175 5585/1635/4174 
f 5647/1918/4219 5650/1921/4222 5587/1863/4176 5584/1862/4173 
f 5649/1920/4221 5652/1923/4224 5650/1921/4222 5647/1918/4219 
f 5648/1919/4220 5414/1693/4069 5419/1698/4072 5649/1920/4221 
f 5585/1635/4174 5586/1608/4175 5329/1608/108 5355/1635/108 
s 2
f 5710/2478/4276 5265/2479/4012 5322/2044/4046 5741/2043/4299 
f 5742/2480/4300 5710/2478/4276 5741/2043/4299 5803/2077/4356 
f 5744/1732/4302 5742/2480/4300 5803/2077/4356 5805/1731/4358 
f 5579/1858/4048 5324/1603/4048 5323/1602/4047 5580/1859/4047 
f 5805/1731/4358 5804/1704/4357 5426/1704/1 5452/1731/1 
f 5325/1604/4049 5324/1603/4048 5319/1598/4043 5318/1597/4042 
s 1
f 5410/1689/4067 5413/1692/4067 5416/1695/4070 5415/1694/4070 
s 2
f 5466/1745/4081 5469/1748/4084 5464/1743/4079 5463/1742/4078 
f 5524/1803/4118 5466/1745/4081 5463/1742/4078 5523/1802/4115 
f 5413/1692/4120 5524/1803/4118 5523/1802/4115 5416/1695/4117 
f 5469/1748/4084 5577/1856/4044 5578/1857/4043 5464/1743/4079 
s 1
f 5644/1915/4216 5583/2394/4172 5582/2395/4171 5645/1916/4217 
f 5707/1978/4273 5646/2396/4218 5583/2394/4172 5644/1915/4216 
f 5709/1980/4275 5648/1919/4220 5646/2396/4218 5707/1978/4273 
f 5708/1979/4274 5410/1689/4067 5415/1694/4070 5709/1980/4275 
f 5645/1634/4217 5582/1636/4171 5357/1636/108 5356/1634/108 
s 2
f 5740/2397/4298 5325/2398/4049 5318/2040/4042 5739/2039/4297 
f 5802/2399/4355 5740/2397/4298 5739/2039/4297 5799/2075/4352 
f 5804/1704/4357 5802/2399/4355 5799/2075/4352 5801/1701/4354 
f 5577/1856/4044 5320/1599/4044 5319/1598/4043 5578/1857/4043 
f 5801/1701/4354 5800/1702/4353 5423/1702/1 5422/1701/1 
f 5321/1600/4045 5320/1599/4044 5315/1594/4039 5314/1593/4038 
s 1
f 5406/1685/4064 5409/1688/4066 5412/1691/4068 5411/1690/4068 
s 2
f 5470/1749/4085 5473/1752/4087 5468/1747/4083 5467/1746/4082 
f 5526/1805/4122 5470/1749/4085 5467/1746/4082 5525/1804/4119 
f 5409/1688/4124 5526/1805/4122 5525/1804/4119 5412/1691/4121 
f 5473/1752/4087 5575/1854/4040 5576/1855/4039 5468/1747/4083 
s 1
f 5640/1911/4212 5643/2388/4215 5642/2389/4214 5641/1912/4213 
f 5703/1974/4269 5706/2390/4272 5643/2388/4215 5640/1911/4212 
f 5705/1976/4271 5708/1979/4274 5706/2390/4272 5703/1974/4269 
f 5704/1975/4270 5406/1685/4064 5411/1690/4068 5705/1976/4271 
f 5641/1633/4213 5642/1610/4214 5331/1610/108 5354/1633/108 
s 2
f 5738/2391/4296 5321/2392/4045 5314/2036/4038 5737/2035/4295 
f 5798/2393/4351 5738/2391/4296 5737/2035/4295 5795/2073/4348 
f 5800/1702/4353 5798/2393/4351 5795/2073/4348 5797/1703/4350 
f 5575/1854/4040 5316/1595/4040 5315/1594/4039 5576/1855/4039 
f 5797/1703/4350 5796/1705/4349 5425/1705/1 5424/1703/1 
f 5317/1596/4041 5316/1595/4040 5311/1590/4035 5310/1589/4034 
s 1
f 5402/1681/4063 5405/1684/4063 5408/1687/4065 5407/1686/4065 
s 2
f 5474/1753/4088 5477/1756/4089 5472/1751/4086 5471/1750/3669 
f 5528/1807/4126 5474/1753/4088 5471/1750/3669 5527/1806/4123 
f 5405/1684/4128 5528/1807/4126 5527/1806/4123 5408/1687/4125 
f 5477/1756/4089 5573/1852/4036 5574/1853/4035 5472/1751/4086 
s 1
f 5636/1907/4209 5639/2400/4211 5638/2401/4210 5637/1908/3842 
f 5699/1970/4266 5702/2402/4268 5639/2400/4211 5636/1907/4209 
f 5701/1972/3906 5704/1975/4270 5702/2402/4268 5699/1970/4266 
f 5700/1971/4267 5402/1681/4063 5407/1686/4065 5701/1972/3906 
f 5637/1631/3842 5638/1632/4210 5353/1632/108 5352/1631/108 
s 2
f 5736/2403/4294 5317/2404/4041 5310/2032/4034 5735/2031/4293 
f 5794/2405/4347 5736/2403/4294 5735/2031/4293 5791/2071/4344 
f 5796/1705/4349 5794/2405/4347 5791/2071/4344 5793/1707/4346 
f 5573/1852/4036 5312/1591/4036 5311/1590/4035 5574/1853/4035 
f 5793/1707/4346 5792/1708/4345 5429/1708/1 5428/1707/1 
f 5313/1592/4037 5312/1591/4036 5307/1586/3596 5306/1585/3595 
s 1
f 5398/1677/4061 5401/1680/4061 5404/1683/3640 5403/1682/3640 
s 2
f 5478/1757/4090 5481/1760/4093 5476/1755/3674 5475/1754/3673 
f 5530/1809/4130 5478/1757/4090 5475/1754/3673 5529/1808/4127 
f 5401/1680/4132 5530/1809/4130 5529/1808/4127 5404/1683/4129 
f 5481/1760/4093 5571/1850/4032 5572/1851/3596 5476/1755/3674 
s 1
f 5632/1903/4205 5635/2406/4208 5634/2407/4207 5633/1904/4206 
f 5695/1966/4262 5698/2408/4265 5635/2406/4208 5632/1903/4205 
f 5697/1968/4264 5700/1971/4267 5698/2408/4265 5695/1966/4262 
f 5696/1967/4263 5398/1677/4061 5403/1682/3640 5697/1968/4264 
f 5633/1629/4206 5634/1630/4207 5351/1630/108 5350/1629/108 
s 2
f 5734/2409/4292 5313/2410/4037 5306/2028/3595 5733/2027/4291 
f 5790/2411/4343 5734/2409/4292 5733/2027/4291 5787/2069/3992 
f 5792/1708/4345 5790/2411/4343 5787/2069/3992 5789/1709/3994 
f 5571/1850/4032 5308/1587/4032 5307/1586/3596 5572/1851/3596 
f 5789/1709/3994 5788/1710/4342 5431/1710/1 5430/1709/1 
f 5309/1588/4033 5308/1587/4032 5303/1582/4029 5302/1581/4028 
s 1
f 5394/1673/4058 5397/1676/4060 5400/1679/4062 5399/1678/4062 
s 2
f 5482/1761/4094 5485/1764/4097 5480/1759/4092 5479/1758/4091 
f 5532/1811/4134 5482/1761/4094 5479/1758/4091 5531/1810/4131 
f 5397/1676/4136 5532/1811/4134 5531/1810/4131 5400/1679/4133 
f 5485/1764/4097 5569/1848/4030 5570/1849/4029 5480/1759/4092 
s 1
f 5628/1899/4201 5631/2412/4204 5630/2413/4203 5629/1900/4202 
f 5691/1962/4258 5694/2414/4261 5631/2412/4204 5628/1899/4201 
f 5693/1964/4260 5696/1967/4263 5694/2414/4261 5691/1962/4258 
f 5692/1963/4259 5394/1673/4058 5399/1678/4062 5693/1964/4260 
f 5629/1627/4202 5630/1628/4203 5349/1628/108 5348/1627/108 
s 2
f 5732/2415/4290 5309/2416/4033 5302/2024/4028 5731/2023/4289 
f 5786/2417/4341 5732/2415/4290 5731/2023/4289 5783/2067/4338 
f 5788/1710/4342 5786/2417/4341 5783/2067/4338 5785/1712/4340 
f 5569/1848/4030 5304/1583/4030 5303/1582/4029 5570/1849/4029 
f 5785/1712/4340 5784/1713/4339 5434/1713/1 5433/1712/1 
s 8
f 6507/2170/4810 6519/2206/4809 6516/2178/4806 6508/2171/4806 
f 6509/2172/4807 6517/2179/4807 6514/2177/4804 6510/2173/4804 
f 6499/6/4805 6515/317/4805 6532/2203/4827 6511/2202/4826 
f 6513/2205/4828 6533/2204/4828 6530/2199/4823 6512/2198/4823 
f 6498/2201/4825 6531/2200/4824 6528/522/4821 6494/528/4821 
f 6495/2197/4822 6529/2196/4822 6526/2193/4819 6496/2192/4819 
f 6497/2195/4820 6527/2194/4820 6524/2191/4816 6500/2190/4815 
f 6501/476/4818 6525/470/4817 6522/2187/4813 6502/2186/4813 
f 6503/2189/4814 6523/2188/4814 6520/2183/4811 6504/2182/4811 
f 6505/2185/4812 6521/2184/4812 6518/417/4808 6506/424/4808 
f 6589/2172/4855 6597/2179/4855 6594/2177/4852 6590/2173/4851 
f 6579/6/4853 6595/317/4853 6612/2203/4872 6591/2202/4871 
f 6593/2205/4873 6613/2204/4873 6610/2199/4869 6592/2198/4869 
f 6578/2201/4870 6611/2200/4870 6608/522/4867 6574/528/4867 
f 6575/2197/4868 6609/2196/4868 6606/2193/4865 6576/2192/4865 
f 6577/2195/4866 6607/2194/4866 6604/2191/4863 6580/2190/4862 
f 6581/476/4864 6605/470/4864 6602/2187/4860 6582/2186/4860 
f 6583/2189/4861 6603/2188/4861 6600/2183/4858 6584/2182/4858 
f 6585/2185/4859 6601/2184/4859 6598/417/4856 6586/424/4856 
f 6587/2170/4857 6599/2206/4857 6596/2178/4854 6588/2171/4854 
f 6538/2201/4846 6571/2200/4846 6568/522/4843 6534/528/4843 
f 6553/2205/4850 6573/2204/4849 6570/2199/4845 6551/2198/4845 
f 6535/2197/4844 6569/2196/4844 6566/2193/4841 6536/2192/4841 
f 6537/2195/4842 6567/2194/4842 6564/2191/4839 6540/2190/4839 
f 6539/6/4830 6555/317/4830 6572/2203/4848 6552/2202/4847 
f 6549/2172/4832 6557/2179/4832 6554/2177/4829 6550/2173/4829 
f 6547/2170/4834 6559/2206/4834 6556/2178/4831 6548/2171/4831 
f 6545/2185/4836 6561/2184/4836 6558/417/4833 6546/424/4833 
f 6541/476/4840 6565/470/4840 6562/2187/4837 6542/2186/4837 
f 6543/2189/4838 6563/2188/4838 6560/2183/4835 6544/2182/4835 
usemtl Studio_Endo_Orbis_m2_3
f 221/221/60 224/224/60 227/227/63 226/226/63 
f 371/486/60 534/221/60 537/226/63 376/491/63 
f 41/496/113 544/228/62 539/227/63 42/493/63 
s off
f 537/226/1 534/221/1 221/221/1 226/226/1 
f 539/227/108 544/228/108 228/228/108 227/227/108 
s 8
f 225/225/62 228/228/62 231/231/65 230/230/65 
f 377/490/62 538/225/62 541/230/65 378/495/65 
f 36/500/115 548/232/64 543/231/114 40/497/114 
s off
f 541/230/1 538/225/1 225/225/1 230/230/1 
f 543/231/108 548/232/108 232/232/108 231/231/108 
s 8
f 229/229/64 232/232/64 235/235/67 234/234/67 
f 379/494/64 542/229/64 545/234/67 381/499/67 
f 38/504/66 552/236/66 547/235/67 39/501/67 
s off
f 545/234/1 542/229/1 229/229/1 234/234/1 
f 547/235/108 552/236/108 236/236/108 235/235/108 
s 8
f 233/233/66 236/236/66 239/239/69 238/238/69 
f 382/498/66 546/233/66 549/238/69 383/503/69 
f 35/508/68 556/240/68 551/239/69 37/505/69 
s off
f 549/238/1 546/233/1 233/233/1 238/238/1 
f 551/239/108 556/240/108 240/240/108 239/239/108 
s 8
f 237/237/68 240/240/68 243/243/71 242/242/71 
f 380/502/68 550/237/68 553/242/71 384/507/71 
f 33/512/70 560/244/70 555/243/71 34/509/71 
s off
f 553/242/1 550/237/1 237/237/1 242/242/1 
f 555/243/108 560/244/108 244/244/108 243/243/108 
s 8
f 241/241/70 244/244/70 247/247/73 246/246/73 
f 385/506/70 554/241/70 557/246/73 386/511/73 
f 27/516/72 564/248/72 559/247/73 32/513/73 
s off
f 557/246/1 554/241/1 241/241/1 246/246/1 
f 559/247/108 564/248/108 248/248/108 247/247/108 
s 8
f 245/245/72 248/248/72 251/251/75 250/250/75 
f 387/510/72 558/245/72 561/250/75 388/515/75 
f 29/520/74 568/252/74 563/251/75 30/517/75 
s off
f 561/250/1 558/245/1 245/245/1 250/250/1 
f 563/251/108 568/252/108 252/252/108 251/251/108 
s 8
f 249/249/74 252/252/74 255/255/77 254/254/77 
f 389/514/74 562/249/74 565/254/77 390/519/77 
f 26/524/76 572/256/76 567/255/77 28/521/77 
s off
f 565/254/1 562/249/1 249/249/1 254/254/1 
f 567/255/108 572/256/108 256/256/108 255/255/108 
s 8
f 253/253/76 256/256/76 259/259/79 258/258/79 
f 375/518/76 566/253/76 569/258/79 392/523/79 
f 24/528/80 576/260/80 571/259/79 25/525/79 
s off
f 569/258/1 566/253/1 253/253/1 258/258/1 
f 571/259/108 576/260/108 260/260/108 259/259/108 
s 8
f 257/257/78 260/260/80 263/263/82 262/262/82 
f 393/522/80 570/257/80 573/262/116 394/527/116 
f 19/532/83 580/264/83 575/263/116 23/529/116 
s off
f 573/262/1 570/257/1 257/257/1 262/262/1 
f 575/263/108 580/264/108 264/264/108 263/263/108 
s 8
f 261/261/81 264/264/83 267/267/85 266/266/85 
f 395/526/83 574/261/83 577/266/85 397/531/85 
f 21/536/84 584/268/84 579/267/85 22/533/85 
s off
f 577/266/1 574/261/1 261/261/1 266/266/1 
f 579/267/108 584/268/108 268/268/108 267/267/108 
s 8
f 265/265/84 268/268/84 271/271/87 270/270/87 
f 398/530/84 578/265/84 581/270/87 399/535/87 
f 18/540/86 588/272/86 583/271/87 20/537/87 
s off
f 581/270/1 578/265/1 265/265/1 270/270/1 
f 583/271/108 588/272/108 272/272/108 271/271/108 
s 8
f 269/269/86 272/272/86 275/275/89 274/274/89 
f 396/534/86 582/269/86 585/274/89 400/539/89 
f 16/544/88 592/276/88 587/275/89 17/541/89 
s off
f 585/274/1 582/269/1 269/269/1 274/274/1 
f 587/275/108 592/276/108 276/276/108 275/275/108 
s 8
f 273/273/88 276/276/88 279/279/91 278/278/91 
f 401/538/88 586/273/88 589/278/91 402/543/91 
f 11/548/117 596/280/117 591/279/91 15/545/91 
s off
f 589/278/1 586/273/1 273/273/1 278/278/1 
f 591/279/108 596/280/108 280/280/108 279/279/108 
s 8
f 277/277/90 280/280/90 283/283/93 282/282/93 
f 403/542/117 590/277/117 593/282/93 404/547/93 
f 13/552/92 600/284/92 595/283/93 14/549/93 
s off
f 593/282/1 590/277/1 277/277/1 282/282/1 
f 595/283/108 600/284/108 284/284/108 283/283/108 
s 8
f 281/281/92 284/284/92 287/287/95 286/286/95 
f 405/546/92 594/281/92 597/286/95 406/551/95 
f 10/556/94 604/288/94 599/287/95 12/553/95 
s off
f 597/286/1 594/281/1 281/281/1 286/286/1 
f 599/287/108 604/288/108 288/288/108 287/287/108 
s 8
f 285/285/94 288/288/94 291/291/97 290/290/97 
f 391/550/94 598/285/94 601/290/97 407/555/97 
f 8/560/96 608/292/96 603/291/97 9/557/97 
s off
f 601/290/1 598/285/1 285/285/1 290/290/1 
f 603/291/108 608/292/108 292/292/108 291/291/108 
s 8
f 289/289/96 292/292/96 295/295/99 294/294/99 
f 408/554/96 602/289/96 605/294/99 409/559/99 
f 5/564/98 612/296/98 607/295/99 7/561/99 
s off
f 605/294/1 602/289/1 289/289/1 294/294/1 
f 607/295/108 612/296/108 296/296/108 295/295/108 
s 8
f 293/293/98 296/296/98 299/299/101 298/298/101 
f 410/558/98 606/293/98 609/298/101 411/563/101 
f 2/568/100 616/300/100 611/299/101 3/565/101 
s off
f 609/298/1 606/293/1 293/293/1 298/298/1 
f 611/299/108 616/300/108 300/300/108 299/299/108 
s 8
f 297/297/100 300/300/100 303/303/103 302/302/103 
f 412/562/100 610/297/100 613/302/103 413/567/103 
f 4/571/102 620/304/102 615/303/103 1/569/103 
s off
f 613/302/1 610/297/1 297/297/1 302/302/1 
f 615/303/108 620/304/108 304/304/108 303/303/108 
s 8
f 301/301/102 304/304/102 307/307/105 306/306/105 
f 318/566/102 614/301/102 617/306/105 414/570/105 
f 104/573/104 624/308/104 619/307/105 102/572/105 
s off
f 617/306/1 614/301/1 301/301/1 306/306/1 
f 619/307/108 624/308/108 308/308/108 307/307/108 
s 8
f 305/305/104 308/308/104 311/311/107 310/310/107 
f 416/416/104 618/305/104 621/310/107 415/415/107 
f 6/6/106 420/312/106 623/311/107 103/574/107 
s off
f 621/310/1 618/305/1 305/305/1 310/310/1 
f 623/311/4910 420/312/4910 312/312/4910 311/311/4910 
s 8
f 309/309/106 312/312/106 107/107/3 106/106/3 
f 317/317/106 622/309/106 417/106/3 313/313/3 
f 100/100/2 424/108/2 419/107/3 101/101/3 
s off
f 417/106/1 622/309/1 309/309/1 106/106/1 
f 419/107/118 424/108/118 108/108/118 107/107/118 
s 8
f 105/105/2 108/108/2 111/111/5 110/110/5 
f 314/314/2 418/105/2 421/110/5 315/315/5 
f 98/98/4 428/112/4 423/111/5 99/99/5 
s off
f 421/110/1 418/105/1 105/105/1 110/110/1 
f 423/111/108 428/112/108 112/112/108 111/111/108 
s 8
f 109/109/4 112/112/4 115/115/7 114/114/7 
f 316/316/4 422/109/4 425/114/7 319/319/7 
f 96/96/6 432/116/6 427/115/7 97/97/7 
s off
f 425/114/1 422/109/1 109/109/1 114/114/1 
f 427/115/108 432/116/108 116/116/108 115/115/108 
s 8
f 113/113/6 116/116/6 119/119/9 118/118/9 
f 320/320/6 426/113/6 429/118/9 321/321/9 
f 79/79/109 436/120/8 431/119/9 95/95/9 
s off
f 429/118/1 426/113/1 113/113/1 118/118/1 
f 431/119/108 436/120/108 120/120/108 119/119/108 
s 8
f 117/117/8 120/120/8 123/123/11 122/122/11 
f 322/322/8 430/117/8 433/122/11 324/324/11 
f 93/93/111 440/124/10 435/123/110 94/94/110 
s off
f 433/122/1 430/117/1 117/117/1 122/122/1 
f 435/123/108 440/124/108 124/124/108 123/123/108 
s 8
f 121/121/10 124/124/10 127/127/13 126/126/13 
f 325/325/10 434/121/10 437/126/13 326/326/13 
f 91/91/12 444/128/12 439/127/13 92/92/13 
s off
f 437/126/1 434/121/1 121/121/1 126/126/1 
f 439/127/108 444/128/108 128/128/108 127/127/108 
s 8
f 125/125/12 128/128/12 131/131/15 130/130/15 
f 323/323/12 438/125/12 441/130/15 327/327/15 
f 89/89/14 448/132/14 443/131/15 90/90/15 
s off
f 441/130/1 438/125/1 125/125/1 130/130/1 
f 443/131/108 448/132/108 132/132/108 131/131/108 
s 8
f 129/129/14 132/132/14 135/135/17 134/134/17 
f 328/328/14 442/129/14 445/134/17 329/329/17 
f 84/84/16 452/136/16 447/135/17 88/88/17 
s off
f 445/134/1 442/129/1 129/129/1 134/134/1 
f 447/135/108 452/136/108 136/136/108 135/135/108 
s 8
f 133/133/16 136/136/16 139/139/19 138/138/19 
f 330/330/16 446/133/16 449/138/19 332/332/19 
f 86/86/18 456/140/18 451/139/19 87/87/19 
s off
f 449/138/1 446/133/1 133/133/1 138/138/1 
f 451/139/108 456/140/108 140/140/108 139/139/108 
s 8
f 137/137/18 140/140/18 143/143/21 142/142/21 
f 333/333/18 450/137/18 453/142/21 334/334/21 
f 83/83/20 460/144/20 455/143/21 85/85/21 
s off
f 453/142/1 450/137/1 137/137/1 142/142/1 
f 455/143/108 460/144/108 144/144/108 143/143/108 
s 8
f 141/141/20 144/144/20 147/147/23 146/146/23 
f 331/331/20 454/141/20 457/146/23 335/335/23 
f 81/81/22 464/148/22 459/147/23 82/82/23 
s off
f 457/146/1 454/141/1 141/141/1 146/146/1 
f 459/147/108 464/148/108 148/148/108 147/147/108 
s 8
f 145/145/22 148/148/22 151/151/25 150/150/25 
f 336/336/22 458/145/22 461/150/25 337/337/25 
f 63/63/24 468/152/24 463/151/25 80/80/25 
s off
f 461/150/1 458/145/1 145/145/1 150/150/1 
f 463/151/108 468/152/108 152/152/108 151/151/108 
s 8
f 149/2481/24 152/421/24 155/155/27 154/154/27 
f 338/2482/24 462/2481/24 465/154/27 340/418/27 
f 77/424/26 472/156/26 467/155/27 78/420/27 
s off
f 465/154/1 462/2481/1 149/2481/1 154/154/1 
f 467/155/108 472/156/108 156/156/108 155/155/108 
s 8
f 153/153/26 156/156/26 159/159/29 158/158/29 
f 341/417/26 466/153/26 469/158/29 342/423/29 
f 75/428/28 476/160/28 471/159/29 76/425/29 
s off
f 469/158/1 466/153/1 153/153/1 158/158/1 
f 471/159/108 476/160/108 160/160/108 159/159/108 
s 8
f 157/157/28 160/160/28 163/163/31 162/162/31 
f 339/422/28 470/157/28 473/162/31 344/427/31 
f 73/432/112 480/164/112 475/163/31 74/429/31 
s off
f 473/162/1 470/157/1 157/157/1 162/162/1 
f 475/163/108 480/164/108 164/164/108 163/163/108 
s 8
f 161/161/30 164/164/30 167/167/33 166/166/33 
f 345/426/30 474/161/30 477/166/33 346/431/33 
f 68/436/32 484/168/32 479/167/33 72/433/33 
s off
f 477/166/1 474/161/1 161/161/1 166/166/1 
f 479/167/108 484/168/108 168/168/108 167/167/108 
s 8
f 165/165/32 168/168/32 171/171/35 170/170/35 
f 347/430/32 478/165/32 481/170/35 349/435/35 
f 70/440/34 488/172/34 483/171/35 71/437/35 
s off
f 481/170/1 478/165/1 165/165/1 170/170/1 
f 483/171/108 488/172/108 172/172/108 171/171/108 
s 8
f 169/169/34 172/172/34 175/175/37 174/174/37 
f 350/434/34 482/169/34 485/174/37 351/439/37 
f 67/444/36 492/176/36 487/175/37 69/441/37 
s off
f 485/174/1 482/169/1 169/169/1 174/174/1 
f 487/175/108 492/176/108 176/176/108 175/175/108 
s 8
f 173/173/36 176/176/36 179/179/39 178/178/39 
f 348/438/36 486/173/36 489/178/39 352/443/39 
f 65/448/38 496/180/38 491/179/39 66/445/39 
s off
f 489/178/1 486/173/1 173/173/1 178/178/1 
f 491/179/108 496/180/108 180/180/108 179/179/108 
s 8
f 177/177/38 180/180/38 183/183/41 182/182/41 
f 353/442/38 490/177/38 493/182/41 354/447/41 
f 59/452/40 500/184/40 495/183/41 64/449/41 
s off
f 493/182/1 490/177/1 177/177/1 182/182/1 
f 495/183/108 500/184/108 184/184/108 183/183/108 
s 8
f 181/181/40 184/184/40 187/187/43 186/186/43 
f 355/446/40 494/181/40 497/186/43 356/451/43 
f 61/456/42 504/188/42 499/187/43 62/453/43 
s off
f 497/186/1 494/181/1 181/181/1 186/186/1 
f 499/187/108 504/188/108 188/188/108 187/187/108 
s 8
f 185/185/42 188/188/42 191/191/45 190/190/45 
f 357/450/42 498/185/42 501/190/45 358/455/45 
f 58/460/44 508/192/44 503/191/45 60/457/45 
s off
f 501/190/1 498/185/1 185/185/1 190/190/1 
f 503/191/108 508/192/108 192/192/108 191/191/108 
s 8
f 189/189/44 192/192/44 195/195/47 194/194/47 
f 343/454/44 502/189/44 505/194/47 359/459/47 
f 56/464/46 512/196/46 507/195/47 57/461/47 
s off
f 505/194/1 502/189/1 189/189/1 194/194/1 
f 507/195/108 512/196/108 196/196/108 195/195/108 
s 8
f 193/193/46 196/196/46 199/199/49 198/198/49 
f 360/458/46 506/193/46 509/198/49 361/463/49 
f 51/468/48 516/200/48 511/199/49 55/465/49 
s off
f 509/198/1 506/193/1 193/193/1 198/198/1 
f 511/199/108 516/200/108 200/200/108 199/199/108 
s 8
f 197/197/48 200/200/48 203/203/51 202/202/51 
f 362/462/48 510/197/48 513/202/51 364/467/51 
f 53/472/50 520/204/50 515/203/51 54/469/51 
s off
f 513/202/1 510/197/1 197/197/1 202/202/1 
f 515/203/108 520/204/108 204/204/108 203/203/108 
s 8
f 201/201/50 204/204/50 207/207/53 206/206/53 
f 365/466/50 514/201/50 517/206/53 366/471/53 
f 50/476/52 524/208/52 519/207/53 52/473/53 
s off
f 517/206/1 514/201/1 201/201/1 206/206/1 
f 519/207/108 524/208/108 208/208/108 207/207/108 
s 8
f 205/205/52 208/208/52 211/211/55 210/210/55 
f 363/470/52 518/205/52 521/210/55 367/475/55 
f 48/480/54 528/212/54 523/211/55 49/477/55 
s off
f 521/210/1 518/205/1 205/205/1 210/210/1 
f 523/211/108 528/212/108 212/212/108 211/211/108 
s 8
f 209/209/54 212/212/54 215/215/57 214/214/57 
f 368/474/54 522/209/54 525/214/57 369/479/57 
f 31/484/56 532/216/56 527/215/57 47/481/57 
s off
f 525/214/1 522/209/1 209/209/1 214/214/1 
f 527/215/108 532/216/108 216/216/108 215/215/108 
s 8
f 213/213/56 216/216/56 219/219/59 218/218/59 
f 370/478/56 526/213/56 529/218/59 372/483/59 
f 45/488/58 536/220/58 531/219/59 46/485/59 
s off
f 529/218/1 526/213/1 213/213/1 218/218/1 
f 531/219/108 536/220/108 220/220/108 219/219/108 
s 8
f 217/217/58 220/220/58 223/223/61 222/222/61 
f 373/482/58 530/217/58 533/222/61 374/487/61 
f 43/492/60 540/224/60 535/223/61 44/489/61 
s off
f 533/222/1 530/217/1 217/217/1 222/222/1 
f 535/223/108 540/224/108 224/224/108 223/223/108 
# 6752 polygons - 134 triangles

